id_registro,titulo,ano,doi,periodico,resumo,palavras_chave,palavras_indexadas,afiliacoes,idioma,tipo,acesso,issn,indice_wos,fonte,chave_doi,chave_titulo,classe_tipo
C001,A general framework for lean transformation of hospitals,2015,10.1109/ieom.2015.7093901,"IEOM 2015 - 5th International Conference on Industrial Engineering and Operations Management, Proceeding","The quality of healthcare services has been negatively affected by long waiting times in hospitals. Additionally, surging patient care demand, caused by a growing and aging population, results in pressures of high cost and increased capacity requirements in healthcare services. With limited resources and increasing demand, healthcare institutions are exploring approaches to do more with less. Lean is one such technique, aiming at creating continuous flow by eliminating waste while maximizing customer value. Although healthcare practitioners have been proposing different lean implementation solutions for healthcare services in different types of clinics, the applications are fragmented and cannot be generalized in all healthcare settings. In this paper, three systematic lean frameworks are defined based on various healthcare features and traditional lean systems, specifically replenishment pull and sequential pull systems. Three healthcare domains, the emergency department, outpatient clinic and inpatient unit, are studied to help develop these frameworks. The purpose of proposed frameworks is to provide a guideline to transform traditional healthcare systems into lean systems. A case study in an outpatient clinic is presented subsequently. After current processes are mapped and analyzed using value stream mapping, an improved patient flow is achieved by applying the outpatient clinic lean framework. © 2015 IEEE.",Lean Healthcare; Lean Manufacturing; replenishment pull; sequential pull; VSM,Hospitals; Lean production; Capacity requirement; Emergency departments; Healthcare institutions; Healthcare services; Lean implementation; Quality of health care; sequential pull; Value stream mapping; Health care,"Department of Mechanical and Industrial Engineering, Concordia University, Montreal, H9R 5S2, Canada; Department of Industrial and Systems Engineering, Khalifa University of Science, Technology and Research, P.O Box : 127788, Abu Dhabi, United Arab Emirates",English,Conference paper | Proceedings Paper,"Cited by: 4; Conference name: 5th International Conference on Industrial Engineering and Operations Management, IEOM 2015; Conference sponsors: ASQ; BOEING; Emirates; et al.; IEEE; Lawrence Technological University; Conference code: 112072; Conference date: 3 March 2015 through 5 March 2015",,Conference Proceedings Citation Index - Science (CPCI-S),scopus+wos,10.1109/ieom.2015.7093901,ageneralframeworkforleantransformationofhospitals_2015,excluir
C002,A simulation approach for agile production logic implementation in a hospital emergency unit,2015,10.1007/978-3-319-22689-7_48,Communications in Computer and Information Science,"The hospitals offer sweeping views of management ideas, as focus internally complex organizational structures, which can be improved in order to reduce waste and increase the effectiveness of the services provided. An analysis of the hospital system there are two characteristics: the demand variability and the variability of lead time. As a policy of innovative management of the health system is referred to Lean even though the characteristics identified do not allow you to get the continuous flow that is the strategic goal of Lean obtainable only with demand leveling and production lead time certain and repeatable. A management system that seems to contemplate these characteristics is the Agile Manufacturing applied to service sector, even though it has never been declined in health. Thus arises the need to simulate both policies so as to determine which best represents the health facilities. © Springer International Publishing Switzerland 2015.",Agile healthcare; Agile manufacturing; Healthcare; Lean healthcare; Lean production; Simulation; System dynamics,Health care; Hospitals; Lean production; Waste management; Agile manufacturing; Demand variability; Health facilities; Management systems; Organizational structures; Simulation; Simulation approach; System Dynamics; Agile manufacturing systems,"DICMAPI, University of Naples Federico II, Naples, Italy",English,Conference paper,"Cited by: 66; Conference name: 14th International Conference on New Trends in Intelligent Software Methodology, Tools, and Techniques, SoMeT 2015; Conference sponsors: ; Conference code: 140719; Conference date: 15 September 2015 through 17 September 2015",18650929,,scopus,10.1007/978-3-319-22689-7_48,asimulationapproachforagileproductionlogicimplementationinahospitalemergencyunit_2015,excluir
C003,A structured review of lean supply chain management in health care,2015,,"International Annual Conference of the American Society for Engineering Management 2015, ASEM 2015","Lean supply chain management illustrates a new approach to supplier networks. Lean principles require long-term supplier relationships and a highly integrated supply chain management system. Improvement of supplier partnerships and long-term strategic alliances are two main success factors of a lean system. The healthcare industry is one of the most important service sectors; nevertheless, just a few studies have been conducted on lean supply chain in this industry. Improving the supply chain system by using lean principles causes higher quality in health care companies. Lean consists of principles that drive health care companies to continually add value for the organization by improving processes. Although Lean has been applied in manufacturing more than 40 years, its principles are suited to help health care companies to improve systems by systematically addressing the quality, cost and safety. To become a lean health care organization, a company should plan to achieve long-term relationships with their suppliers. Supplier selection criteria will have a significant effect on increasing added value for lean systems. In this paper, by reviewing relevant literature, we compile a set of criteria which should be considered in lean supply chain network design in the health care industry. The results of this study will be beneficial for health care organizations to improve their supply chain management system. © American Society for Engineering Management, 2015.",Added value; Health care; Lean supply chain management; Waste management,Agile manufacturing systems; Chains; Enterprise resource planning; Health care; Waste management; Added values; Healthcare organizations; Integrated supply chain management; Lean supply chains; Long-term relationships; Supplier relationships; Supply chain management system; Supply chain systems; Supply chain management,"Texas Tech. University, Department of Industrial Engineering, United States; ETH Zürich, Switzerland",English,Conference paper,"Cited by: 24; Conference name: International Annual Conference of the American Society for Engineering Management 2015, ASEM 2015; Conference sponsors: ; Conference code: 118524; Conference date: 7 October 2015 through 10 October 2015",,,scopus,,astructuredreviewofleansupplychainmanagementinhealthcare_2015,excluir
C004,A system dynamics model for bed management strategy in health care units,2015,10.1007/978-3-319-22689-7_47,Communications in Computer and Information Science,"Hospital overcrowding is a universal problem. Currently, Lean thinking is focused on removing process waste and variation. However, the high level of complexity and uncertainty inherent to healthcare make it incredibly challenging to remove variability and achieve the stable process rates necessary for lean redesign efforts to be effective. In this work, in fact, we proposed the Agile logic, which was developed in manufacturing to optimize product delivery in volatile demand environments with highly variable customer requirements. Agile redesign focuses on increasing system responsiveness to customers through improved resource coordination and flexibility. Furthermore, we propose a new method of bed management through the use of DRGs. System dynamics simulation is used to explore the impact of following an agile redesign approach in healthcare on service access and on diagnostic system and the effect of the Bed Manager application to the hospital. © Springer International Publishing Switzerland 2015.",Agile; Bed management; Healthcare; Lean; System dynamics,Health care; Hospitals; Stability criteria; System theory; Agile; Customer requirements; Lean; Management strategies; Resource coordinations; System Dynamics; System dynamics model; System dynamics simulation; Agile manufacturing systems,"DICMAPI, University of Naples Federico II, Naples, Italy; Department of Public Health, University Federico II, Naples, Italy",English,Conference paper,"Cited by: 35; Conference name: 14th International Conference on New Trends in Intelligent Software Methodology, Tools, and Techniques, SoMeT 2015; Conference sponsors: ; Conference code: 140719; Conference date: 15 September 2015 through 17 September 2015",18650929,,scopus,10.1007/978-3-319-22689-7_47,asystemdynamicsmodelforbedmanagementstrategyinhealthcareunits_2015,excluir
C005,An innovative method for standardizing lean management approach in hospitals,2015,10.1007/978-3-319-12967-9_18,IFMBE Proceedings,"Lean management constitutes an emerging approach in the healthcare context, in order to increase quality of care and reduce costs. Nevertheless, literature shows the lack of a standardized method, especially in healthcare, due to the complexity of the involved processes.; This paper proposes an innovative method for standardizing the lean management approach in Healthcare, in order to reduce wastes particularly in Hospitals. The integration of different techniques, such as IDEF0, and GQM, used in the process management is proposed, in order to let the overall method reproducible and repeatable. The application and feasibility of the method has been studied in an Italian Hospital. © Springer International Publishing Switzerland 2015.",Clinical Engineering; Healthcare; Lean Management; Process Improvement; Waste reduction,Biomedical engineering; Health care; Hospitals; Clinical engineering; Innovative method; Lean management; Process Improvement; Process management; Quality of care; Standardized methods; Waste reduction; Waste management,"Dept. of Engineering and Architecture, University of Trieste, Trieste, Italy; Ente Ecclesiastico Ospedale Generale Regionale “F. Miulli”, Acquaviva delle Fonti, Bari, Italy",English,Conference paper | Proceedings Paper,"Cited by: 4; Conference name: 16th Nordic-Baltic Conference on Biomedical Engineering and Medical Physics and Medicinteknikdagarna Joint Conferences, NBC 2014 and MTD 2014; Conference sponsors: ; Conference code: 110159; Conference date: 14 October 2014 through 16 October 2014",16800737,Conference Proceedings Citation Index - Science (CPCI-S),scopus+wos,10.1007/978-3-319-12967-9_18,aninnovativemethodforstandardizingleanmanagementapproachinhospitals_2015,excluir
C006,Application of process mining and semantic structuring towards a lean healthcare network,2015,10.1007/978-3-319-24141-8_46,IFIP Advances in Information and Communication Technology,"Modern healthcare systems are evolving towards a complex network of interconnected services. The increasing costs and the conversely increased expectations for high service levels leveraged the birth of healthcare monitoring activities and the proposition of numerous performance evaluation indicators. Generally, the adopted performance measures allow to draw a picture of quality, equity, appropriateness and efficiency of the medical care at different levels: caregiver, hospital, local health authority, region. The role of network organization and its impact on the performances is largely underestimated. It is difficult to build a Value Stream Mapping of the healthcare network because of the number and complexity of care and diseases followed. The study tries to overcome this issue. Starting from a database of the accesses to the services in a local health agency, the activity flow diagram is produced by using a process mining software, Disco. A knowledge structured by means of an ontology allows to describe the logic behind the health service provision. The resulting process flow chart is the base for the identification and amendment of redundant and non value added flows among services. © IFIP International Federation for Information Processing 2015.",Healthcare network; Ontology; Process mining,Data mining; Flowcharting; Health; Health care; Ontology; Semantics; Virtual corporation; Evaluation indicators; Health-care system; Healthcare monitoring; Increasing costs; Network organization; Performance measure; Process mining; Value stream mapping; Complex networks,"Department of Management and Production Engineering, Politecnico Di Torino, Corso Duca Degli Abruzzi 24, Turin, 10129, Italy",English,Conference paper | Proceedings Paper,"Cited by: 16; Conference name: 16th IFIP WG 5.5 Working Conference on Virtual Enterprises, PRO-VE 2015; Conference sponsors: IFIP; MINES Albi-Carmaux; Nova University of Lisbon; Society of Collaborative Networks; UNINOVA; Conference code: 125379; Conference date: 5 October 2015 through 7 October 2015; All Open Access; Green Open Access",18684238,Conference Proceedings Citation Index - Science (CPCI-S),scopus+wos,10.1007/978-3-319-24141-8_46,applicationofprocessminingandsemanticstructuringtowardsaleanhealthcarenetwork_2015,excluir
C007,Collective system design of St. Francis Hospital ER,2015,,IIE Annual Conference and Expo 2015,"The authors contend that making effective and sustainable process improvements requires collaborative design among team members. Collective System Design (CSD) is a creative process that involves a group of people who design a product, service and/or process to meet customer, business, and societal needs. The focus is to include the thoughts and actions of the people who are in the system as part of the design process. This paper describes the tone, thinking, structure and work methods developed by the Emergency Room (ER) team at Franciscan St. Francis Health using Collective System Design and evaluates the phases of the St. Francis Emergency Room design from Staff Engagement in 2007 to the Now ER design in 2012 and to continuous improvement in 2013.",Axiomatic design; Lean healthcare; Learning organization; Plan-do-check-act and continuous improvement,,"IPFW Systems Engineering Center, Fort Wayne, IN, United States; Franciscan St. Francis Health, Greenwood, IN, United States",English,Conference paper,Cited by: 2; Conference name: IIE Annual Conference and Expo 2015; Conference sponsors: ; Conference code: 119457; Conference date: 30 May 2015 through 2 June 2015,,,scopus,,collectivesystemdesignofstfrancishospitaler_2015,excluir
C008,Deploying an enterprise-wide quality strategy within VHA: Challenges and successes,2015,,IIE Annual Conference and Expo 2015,"In 2011, the Veterans Health Administration (VHA) engaged a small set of interested VA healthcare systems in the integration and deployment of Lean Enterprise Transformation strategies. Based on the success of these systems, a journey to deploy an enterprise-wide quality improvement strategy with a core foundation of patient safety was initiated in 2014. Aligning with core principles from High Reliability Organizations, the goals of this program are to 1) develop an enhanced Safety Culture; 2) facilitate integration with New Technologies to Enhance Practice; 3) ensure that, when appropriate, Evidence Based Practice is the basis upon which all clinical care is administered; and 4) provide the highest levels of effective and efficient administrative processes through implementation of Lean Management Tools/Methods. This paper overviews the initial development and evolution of the VHA enterprise-wide quality strategy; the successes and challenges of deploying this program; and the status of the program to date. We conclude with a proposed model for further research in this area.",Healthcare; High reliability organizations; Lean transformation; Process improvement; Safety,,"VA National Center for Patient Safety, Ann Arbor, MI, United States; Miami University, Oxford, OH, United States; VA Center for Applied Systems Engineering, Roudebush VAMC, Indianapolis, IN, United States",English,Conference paper,Cited by: 0; Conference name: IIE Annual Conference and Expo 2015; Conference sponsors: ; Conference code: 119457; Conference date: 30 May 2015 through 2 June 2015,,,scopus,,deployinganenterprisewidequalitystrategywithinvhachallengesandsuccesses_2015,excluir
C009,Evaluating lean implementation: Challenges in developing a research agenda for lean enterprise transformation in healthcare,2015,,IIE Annual Conference and Expo 2015,"This paper describes a prospective, mixed methods evaluation of Lean Enterprise Transformation (LET) within the context of healthcare. The Consolidated Framework for Implementation Research (CFIR) served as the general framework for this evaluation. The evaluation supported the successful implementation of Lean Healthcare Enterprise Deployment at seven pilot VA Medical Centers (VAMCs) and included a special focus on the impact of local context on implementation, piloting a ""context matrix"" approach for integrating unstructured data from multisite initiatives into a single cumulative project file to assist with rapid-cycle reporting and real-time access to data. A persistent challenge throughout the evaluation involved achieving a balance across three different kinds of questions: if change occurred, how change occurred, and how well specific components of LET had been implemented. This evaluation drew upon the ongoing major collaboration between the VA Stroke Quality Enhancement Research Initiative (QUERI) and the Veterans Engineering Resource Center (VERC) program within the VA, where the combined disciplines of industrial engineering and implementation science helped to develop a deeper understanding of LET implementation and the complex phenomenon of the influence of local context on transformation initiatives.",Enterprise transformation; Healthcare; Lean; Program evaluation; Quality improvement,Health care; Industrial research; Engineering resources; Enterprise transformation; Implementation researches; Lean; Program evaluation; Quality enhancement; Quality improvement; Research initiatives; Quality control,"VA HSR and D Center for Health Information and Communication, VA Center for Applied Systems Engineering, VA Stroke QUERI, Regenstrief Institute, Indianapolis, IN, United States; VA Veterans Engineering Resource Center National Program, VA Center for Applied Systems Engineering, Indianapolis, IN, United States",English,Conference paper,Cited by: 2; Conference name: IIE Annual Conference and Expo 2015; Conference sponsors: ; Conference code: 119457; Conference date: 30 May 2015 through 2 June 2015,,,scopus,,evaluatingleanimplementationchallengesindevelopingaresearchagendaforleanenterprisetransformationinhealthcare_2015,excluir
C010,Factors for assessing performance of lean concept application in hospital outpatient department,2015,10.1109/istmet.2015.7359024,"2nd International Symposium on Technology Management and Emerging Technologies, ISTMET 2015 - Proceeding","This research study focused on an analysis of the critical factors employed when assessing the performance of Lean thinking in hospital outpatients departments (OPD), using the Analytic Hierarchy Process (AHP) technique. The study began by identifying those potential factors to be used in the assessment based on a review of the previous studies, the Hospital Accreditation, Joint Commission International Accreditation Standards, the Malcolm Baldrige National Quality Award, and SERVQUAL standards. Those potential factors were then classified based on four Balanced Scorecard perspectives: financial, customer, internal processes, and learning and growth, so as to establish a research framework. A questionnaire was developed and used to prioritize these potential factors, divided into five sections, as follows: (1) primary data on the hospitals, (2) primary data on the respondents, (3) details of the potential factors and definitions of relevant terms, (4) a comparison of the factors in accordance with AHP, and (5) recommendations. The questionnaire consisted of 234 questions and was tested for validity by experts prior to being distributed to a sample group, one comprised of executives, supervisors and operating officers across three hospitals in Thailand. There were a total of eight respondents. The data from the questionnaires was analyzed using AHP to determine each factor weight. Then, Pareto analysis was used to prioritize and select those factors critical to the lean performance assessment. As a result, the research identified a total of 31 factors deemed critical in the assessment, all of which could be developed as an index or as guidelines to be used in the study's assessment of lean thinking, as applied at hospital OPD. © 2015 IEEE.",Analytic Hierarchy Process; Healthcare; Lean Performance; Outpatient Department,Accreditation; Analytic hierarchy process; Health care; Hierarchical systems; Hospitals; Industrial management; Surveys; Analytic hierarchy process (ahp); Balanced scorecards; Baldrige National Quality Award; International accreditation; Lean Performance; Outpatient departments; Performance assessment; Research frameworks; Factor analysis,"Department of Industrial Engineering, Faculty of Engineering, Chiang Mai University, Chiang Mai, 50200, Thailand",English,Conference paper | Proceedings Paper,"Cited by: 2; Conference name: 2nd International Symposium on Technology Management and Emerging Technologies, ISTMET 2015; Conference sponsors: ; Conference code: 118506; Conference date: 25 August 2015 through 27 August 2015",,Conference Proceedings Citation Index - Science (CPCI-S),scopus+wos,10.1109/istmet.2015.7359024,factorsforassessingperformanceofleanconceptapplicationinhospitaloutpatientdepartment_2015,excluir
C011,Implementation of a visual system to manage and improve failure analysis work flow,2015,,Conference Proceedings from the International Symposium for Testing and Failure Analysis,"Many articles and books have been written that discuss and study the techniques of lean thinking and methodologies. The applications of these methodologies have included such industries as manufacturing, health care, and information technology. Application to analytical laboratories has been rare or non-existent due to the inability to apply lean methodologies to a process with 'unique' analytical work flows as well as a lack of a direct connection to the manufacturing value stream. The following paper describes the work done in a semiconductor failure analysis laboratory to visualize work flow, design a forecasting model, and create a management system. The result of which has been sustained and improved quality, resource utilization, and delivery of actionable root cause failure analysis. Copyright © 2015 ASM International® All rights reserved.",,Laboratories; Manufacture; Quality control; Analytical laboratories; Forecasting modeling; Lean thinking; Management systems; Resource utilizations; Root cause failure analysis; Value streams; Visual systems; Failure analysis,"GlobalFoundries, 1000 River Rd, Essex Jct. VT, 05403, United States",English,Conference paper | Proceedings Paper,"Cited by: 0; Conference name: 41st International Symposium for Testing and Failure Analysis, ISTFA 2015; Conference sponsors: ; Conference code: 119762; Conference date: 1 November 2015 through 5 November 2015",,Conference Proceedings Citation Index - Science (CPCI-S),scopus+wos,,implementationofavisualsystemtomanageandimprovefailureanalysisworkflow_2015,excluir
C012,Improving the efficiency of a hospital ED according to lean management principles through system dynamics and discrete event simulation combined with quantitative methods,2015,10.1007/978-3-319-22689-7_43,Communications in Computer and Information Science,"The Emergency Department of a Hospital has both exogenous and endogenous management problems. The first ones are about the relationship with the other Departments, for which the Emergency Department is a noise element on the planned activities, as it generates an unplanned beds occupation. The second ones strictly depend on the Department organizational model. After an intensive study on the Emergency Department of a medium size Italian Hospital, the Authors illustrate how, through the use of Lean Management philosophy combined with quantitative methods, the current situation can be analyzed and they propose a set of corrective actions. These allow to increase the system efficiency and to reduce both the number of the waiting patients and their stay. At the same time, the activities are reallocated to the staff, improving their utilization coefficient. So the Management can assess the validity of the proposed strategies before their eventual implementation in the field. © Springer International Publishing Switzerland 2015.",Design of Experiment; Discrete Event Simulation; Emergency Department; Lean Management; System Dynamic,Design of experiments; Discrete event simulation; Efficiency; Emergency rooms; Lean production; Corrective actions; Emergency departments; Lean management; Management problems; Organizational modeling; Quantitative method; System Dynamics; System efficiency; Hospitals,"DIME, Genoa University, via Magliotto 2, Savona, SV, 17100, Italy",English,Conference paper,"Cited by: 10; Conference name: 14th International Conference on New Trends in Intelligent Software Methodology, Tools, and Techniques, SoMeT 2015; Conference sponsors: ; Conference code: 140719; Conference date: 15 September 2015 through 17 September 2015",18650929,,scopus,10.1007/978-3-319-22689-7_43,improvingtheefficiencyofahospitaledaccordingtoleanmanagementprinciplesthroughsystemdynamicsanddiscreteeventsimulationcombinedwithquantitativemethods_2015,excluir
C013,Integrating lean management to breast cancer center: Case study in Turkey,2015,,"International Annual Conference of the American Society for Engineering Management 2015, ASEM 2015","In recent years the financial crisis has forced all the private and public companies to reduce costs as long as most of them had to lay off many workers, or eventually dismiss them. Lean is a learning system which encourages staff to perform better in technical operation which in turn, increases process performance; so, it improves safety, quality and staff morale, reducing costs, all at the same time, revealing new opportunities to improve effectiveness. This paper focuses initially on a general description on the most adopted lean tools and practices, and the transformation process, through a systematic literature review and analysis of the various waste in the system, followed by a research on the most successful lean implementations in hospitals. Subsequently, a deeper analysis in the Health Care system in Turkey: Lean Thinking has been studied in the Breast Cancer Center of Istanbul. An initial map of the current patient flow situation was drawn, with the process view where the care is seen as the outcome of a sequential series of steps, from the initial registration of the patient to the discharge. Through the application of some Lean tools, adapted from the Manufacturing to the Health Care system, little but consistent changes are proposed, aiming to minimize the waiting time of the patient, improve safety and reduce the congestion of the bottlenecks of the process, such as operating rooms or specific machineries. © American Society for Engineering Management, 2015.",Breast cancer center; EU; Healthcare; Lean management; Turkey,Diseases; Europium; Health care; Lean production; Machinery; Safety engineering; Breast Cancer; General description; Lean management; Process performance; Systematic literature review; Technical operations; Transformation process; Turkey; Cost reduction,"Istanbul Technical University, Turkey; Politecnico Di Torino, Management Eng. Department, Italy",English,Conference paper,"Cited by: 0; Conference name: International Annual Conference of the American Society for Engineering Management 2015, ASEM 2015; Conference sponsors: ; Conference code: 118524; Conference date: 7 October 2015 through 10 October 2015",,,scopus,,integratingleanmanagementtobreastcancercentercasestudyinturkey_2015,excluir
C014,Knowledge about lean management: A study in hospitals,2015,,"23rd International Conference for Production Research, ICPR 2015","The use of knowledge in organizations in order to create and sustain innovation and competitive advantage are arguably central factors for the active involvement in efforts for lean initiatives in healthcare. The aim of this study was to verify, in the Brazilian context, the existing alignment between operations management and the principles of lean management at hospitals. Therefore, this research is exploratory with a qualitative and quantitative approach, sensitive to the addressed context, focusing on the perceptions of employees of two Brazilian hospitals about lean management principles. Results show that Brazilian hospitals analyzed, has very close management models, no significant differences, concluding that there is an alignment lean principles of knowledge in the hospital management models.",Hospitals; Knowledge; Lean,Competition; Human resource management; Lean production; Competitive advantage; Hospital management; Knowledge; Lean; Lean principles; Management Model; Operations management; Qualitative and quantitative approaches; Hospitals,"Universidade Do Vale Do Rio Dos Sinos - UNISINOS, Brazil; Faculdade Dom Alberto -FDM, Brazil; Universidade Federal Do Estado Do Rio de Janeiro- UNIRIO, Brazil; Universidade de Santa Cruz Do Sul- UNISC, Brazil; American University of Sharjah, United Arab Emirates",English,Conference paper,"Cited by: 0; Conference name: 23rd International Conference for Production Research, ICPR 2015; Conference sponsors: ; Conference code: 116101; Conference date: 2 August 2015 through 6 August 2015",,,scopus,,knowledgeaboutleanmanagementastudyinhospitals_2015,excluir
C015,LEAN & SAFETY PROJECTS ENHANCING PERFORMANCES IN HEALTHCARE PROCESSES: THREE CASE STUDIES,2015,,"INNOVATION, ENTREPRENEURSHIP AND SUSTAINABLE VALUE CHAIN IN A DYNAMIC ENVIRONMENT","Affording the current socio-economic contingency and guaranteeing high level of care quality is particularly challenging in healthcare. Through an integrated adoption of emerging managerial solutions, projects that allow achieving both efficiency and patient safety improvements could be implemented, transposing the policy directives towards a more safe and sustainable healthcare system. For this reason, the purpose of this paper is to investigate the features of three Health Lean Management projects with unexpected patient safety results. Differences and similarities among the cases have been highlighted and relevant conclusions have been grasped. Even if pursuing similar objectives and benefiting from comparable support, the implementation process and the ICT adoption are different, and mostly, the obtained changes impact directly or indirectly on patient safety enhancement.",healthcare management; Health Lean Management; Clinical Risk Management; lean & safety projects; case studies,MANAGEMENT; CHALLENGES; THINKING,"Crema, M (Corresponding Author), Univ Padua, Dept Management & Engn, Vicenza, Italy. Crema, Maria; Verbano, Chiara, Univ Padua, Dept Management & Engn, Vicenza, Italy.",English,Proceedings Paper,,,Conference Proceedings Citation Index - Social Science &amp; Humanities (CPCI-SSH),wos,,leansafetyprojectsenhancingperformancesinhealthcareprocessesthreecasestudies_2015,excluir
C016,Lean Management of IT Organizations: Implementation Success Factors and Theoretical Foundation,2015,,AMCIS 2015 PROCEEDINGS,"Lean Management has been successfully applied in production/manufacturing functions since more than four decades. Recently, the interest to investigate Lean Management also in service functions increased. Therefore, this study aims to (1) Consolidate critical success factors (CSFs) for the implementation of Lean Management of IT organizations; and (2) Describe a theoretical foundation for these CSFs. With respect to (1) a database-driven search was conducted. CSFs then were extracted and categorized. In total 13 CSF groups were assigned to three dimensions: Mindset and behavior; Organization and skills; and Process facilitation and performance management. To understand underlying mechanisms better, and with respect to (2) we related existing (IS) theory to identified groups of CSFs. Especially, five theoretical concepts are discussed: Absorptive capacity, Agency theory, Cognitive dissonance, Dynamic capabilities, and System dynamics. Future research needs to validate the results of (1) and (2) empirically in IT functions.",Lean Management; Lean; Lean IT; Information technology; Information systems; Theory; Critical success factors; CSF; Lean knowledge work; Lean services; Application development; Application maintenance; Infrastructure services,6 SIGMA; READINESS FACTORS; HEALTH-CARE; PERFORMANCE; DETERMINANTS; CHALLENGES; BARRIERS; CREATION; TOYOTA; SECTOR,"Kobus, J (Corresponding Author), Tech Univ Dresden, Dresden, Germany. Kobus, Joern, Tech Univ Dresden, Dresden, Germany. Westner, Markus, OTH Regensburg, Regensburg, Germany.",English,Proceedings Paper,,,Conference Proceedings Citation Index - Science (CPCI-S),wos,,leanmanagementofitorganizationsimplementationsuccessfactorsandtheoreticalfoundation_2015,excluir
C017,Lean approaches in asset management within the mining industry,2015,10.1007/978-3-319-15536-4_9,Lecture Notes in Mechanical Engineering,"Companies such as Toyota have been successful in implementing approaches of Lean Thinking (such as Kanban, Kaizen and 5S) to eliminate non-value adding processes. Mining companies often experience a lot of waste generated from non-value adding processes and often do not minimize the waste proactively. This waste includes physical material waste extracted from processes, idle time during processes, defects in products, excess inventory (including keeping too many spare parts on hand) and overproduction. This waste results in a lack of productivity, inefficiencies, pollution, overuse of available resources and a lack of quality in products or services. This paper discusses the modern Lean Thinking approaches that have been applied successfully within the automotive industry, as well as within non-manufacturing industries such as the post office industry and health care industry. Their current application within the mining industry is also investigated. Case studies of three mining companies that have adopted Lean Thinking successfully, Rio Tinto, PT Inco and a Votorantim Group fluorspar mine, are discussed and the benefits of Lean Thinking to such mining companies are provided. © Springer International Publishing Switzerland 2015.",,Post offices; Assets management; Idle time; Kanbans; Lean thinking; Manufacturing industries; Material wastes; Mining companies; Process defects; Spare parts; Value-adding process; Automotive industry,"Asset Care Research Group, Stellenbosch University, Stellenbosch, 7600, South Africa",English,Book chapter | Conference paper | Proceedings Paper,Cited by: 2,21954356,Conference Proceedings Citation Index - Science (CPCI-S),scopus+wos,10.1007/978-3-319-15536-4_9,leanapproachesinassetmanagementwithintheminingindustry_2015,excluir
C018,Lean healthcare implementation in Southern Africa: A SWOT analysis,2015,,Lecture Notes in Engineering and Computer Science,"As more and more healthcare service providers realize the imperative of improving quality and eliminating waste, lean healthcare is increasingly becoming a strong initiative. Though the concepts of lean have been frequently presented and advocated, the current state of adoption in Southern African countries faces challenges. There still exist a number of different perspectives as to what lean is fundamentally capable of in the healthcare setting. In this paper, we present an analysis of the strengths, weaknesses, opportunities, and threats associated with the application of the lean philosophy in healthcare. We collate expert views from a number of leading consultants, practitioners and academics from the Southern African region. The leading expert participants were selected based on their good knowledge and expertise in the field of lean. The study provides a useful resource for many researchers and practitioners concerned with research and application of improvement methodologies in healthcare to transform their healthcare organizations into high-performing healthcare delivery systems.",Lean; Lean healthcare; Lean healthcare adoption; SWOT analysis,Computer science; Computers; Engineering; Industrial engineering; Healthcare delivery; Healthcare organizations; Healthcare services; Leading experts; Lean; Lean healthcare adoption; Research and application; SWOT analysis; Health care,"Department, Faculty of Engineering and Technology, University of Botswana, P. Bag 0061, Gaborone, Botswana; Faculty of Engineering and Built Environment, Bunting Road Campus, University of Johannesburg, P. 0. Box 524, Johannesburg, 2006, South Africa",English,Conference paper | Proceedings Paper,"Cited by: 3; Conference name: 2015 World Congress on Engineering, WCE 2015; Conference sponsors: et al.; IAENG Society of Artificial Intelligence; IAENG Society of Bioinformatics; IAENG Society of Computer Science; IAENG Society of Data Mining; IAENG Society of Electrical Engineering; Conference code: 115730; Conference date: 1 July 2015 through 3 July 2015",20780958,Conference Proceedings Citation Index - Science (CPCI-S),scopus+wos,,leanhealthcareimplementationinsouthernafricaaswotanalysis_2015,excluir
C019,Lean management practicies to improve performances in operating rooms,2015,,"4th International Workshop on Innovative Simulation for Health Care, IWISH 2015","The proposed research work is meant to present a Surgical Department simulation model developed for a public healthcare facility in South Italy. Such work is grounded on a careful analysis of available data and of the entire surgical process whose components, activities and workflow have been mapped through specific charts. In the scope of the proposed research, after the simulation model has been developed and validated, specific analysis on actual and potential capacities have been carried out. In particular, the potential impact of Lean Management principles and methods are explored with a focus on the ""Pull method"". As a result the paper contribution is twofold: from one side it comes up with a tool devoted to streamline decision-making processes and from the other side it explores the possibility to apply Lean Management practices in domains that are different from Manufacturing. The main results show, indeed, that the pull method can bring substantial benefits in terms of patients waiting times reduction, increased productivity and better resources allocation.",Healthcare Facilities; Lean Management; Modeling; Pull method; Simulation,Health care; Lean production; Models; Surgery; Decision making process; Healthcare facility; Improve performance; Increased productivity; Lean management; Pull method; Resources allocation; Simulation; Decision making,"DIMEG, University of Calabria, Italy; CAL-TEK SRL, Italy; DIME, University of Genoa, Italy; York University, Canada",English,Conference paper,"Cited by: 1; Conference name: 4th International Workshop on Innovative Simulation for Health Care, IWISH 2015; Conference sponsors: ; Conference code: 116063; Conference date: 21 September 2015 through 23 September 2015",,,scopus,,leanmanagementpracticiestoimproveperformancesinoperatingrooms_2015,excluir
C020,Lean thinking in hospital: Case study at the pathology laboratory,2015,10.1007/978-3-319-11128-5_153,IFMBE Proceedings,"When a good is produced a lot of transformations have to be made in order to satisfy client request. All of the phases are made in specific work-cells: the material is moved between the cells with an high risk of errors or lost of efficiency. Error free management is frequently used when the failure of the process is involved with a significant lost of production. A lot of tools (e.g. FMEA, FTA) are developed to increase reliability and efficiency too: lean thinking is one of these. Lean thinking is a specific method born in automotive but all the principles are applicable to hospital. The methodology uses “7 wastes analysis”, “Spaghetti Map” and “Value Stream Map” which are useful tools uses to describe the entire process by consumer point of view. “7 Wastes analysis” is used to divide value operations from non-value operations. “Spaghetti Map” is a specific diagram where it is easy to see useless movements. Lastly, “Value Stream Map” is the description of the process from the request to the delivery individuating the specific point of value. Takt Time and Cycle Time are calculated in order to define where the improvements have to be focused. In reference to histology a lot of improvement can be made: particularly, Takt Time showed unbalanced workload between the work-cells and cycle time revealed non-value added operations, some eliminated by software improvement. Goal of this paper is to show an application method of Lean Thinking for a complex healthcare process, which it is pathology laboratory. © Springer International Publishing Switzerland 2015",6 sigma; 7 wastes; Lean thinking; Spaghetti Map; Value Stream Map,Biochemical engineering; Efficiency; Hospitals; Pathology; Value engineering; 6-sigma; Application method; Client request; Healthcare process; Lean thinking; Non-value added; Specific works; Value stream maps; Computer hardware description languages,"Department of Information Engineering, University of Florence, Italy; Health Department, Careggi Teaching Hospital in Florence, United States; Head Department, Careggi Teaching Hospital in Florence, United States",English,Conference paper | Proceedings Paper,"Cited by: 6; Conference name: 6th European Conference of the International Federation for Medical and Biological Engineering, MBEC 2014; Conference sponsors: International Federation for Medical and Biological Engineering; Conference code: 111169; Conference date: 7 September 2014 through 11 September 2014",16800737,Conference Proceedings Citation Index - Science (CPCI-S),scopus+wos,10.1007/978-3-319-11128-5_153,leanthinkinginhospitalcasestudyatthepathologylaboratory_2015,excluir
C021,Losses and production efficiency: An interpretation for critical health care services,2015,,IIE Annual Conference and Expo 2015,"Increasing costs and excess demand are typical characteristics of health services, especially those related to social assistance in developing countries. This context leads to the discussion of alternatives addressing loss mitigation and increments on production efficiency, concepts akin to the field of Operations Management. Lean health care addresses such concepts focusing on the improvement of health care efficiency, especially in critical services, such as E.R. and surgery room services. Nevertheless, the typology of losses, which drives the notion of efficiency improvement, still lacks better analysis and translation to this context. Based on a literature review of 63 indexed journal articles, published between 2006 and 2014, and on field observations of critical processes in Brazilian health care organizations, this study aims to identify the limiting elements of efficiency on such services and discuss the typology of losses under the perspective of hospital environments.",Efficiency; Health care services; Losses,Developing countries; Efficiency; Losses; Efficiency improvement; Field observations; Healthcare organizations; Healthcare services; Hospital environment; Literature reviews; Operations management; Production efficiency; Health care,"Graduate Program in Production Engineering and Systems, Graduate Program in Business and Management, Unisinos University, 950 Unisinos Av., São Leopoldo, RS, 93.022-000, Brazil; Business School, Unisinos University, 950 Unisinos Av., São Leopoldo, RS, 93.022-000, Brazil; Graduate Program in Production Engineering and Systems, Unisinos University, 950 Unisinos Av., São Leopoldo, RS, 93.022-000, Brazil; Undergraduate Program in Production Engineering, Unisinos University, 950 Unisinos Av., São Leopoldo, RS, 93.022-000, Brazil",English,Conference paper,Cited by: 2; Conference name: IIE Annual Conference and Expo 2015; Conference sponsors: ; Conference code: 119457; Conference date: 30 May 2015 through 2 June 2015,,,scopus,,lossesandproductionefficiencyaninterpretationforcriticalhealthcareservices_2015,excluir
C022,Making the value flow: Application of value stream mapping in a department of a Brazilian public healthcare organization,2015,,"23rd International Conference for Production Research, ICPR 2015","The need for achieving better quality standards in public services has highlighted the importance of pushing forward new management mechanisms such as lean manufacturing principles and practices, with particular emphasis on healthcare within public organization's context. However, lean's applicability in healthcare remain unclear. This study reports a research that has been carried out in a department of a Brazilian public healthcare organization. The emphasis is that the implementation of lean principles in public healthcare organizations is an increasing management global trend. However, literature evidences are feeble when the context is the Brazilian public healthcare organizations. In this study, it has been shown that, through the application of value stream mapping, wastes such as inventory and defects have been reduced, improving lead time. This study contributes to the existing body of lean literature by examining the validity of applying lean principles in different contexts under which the approach was originally conceived.",Lean healthcare; Public services; Value stream mapping,Agile manufacturing systems; Mapping; Lean principles; Management mechanisms; Principles and practices; Public healthcares; Public organizations; Public services; Quality standard; Value stream mapping; Health care,"Federal University of Santa Catarina, Campus Trindade, Mailbox 476, Florianópolis, Brazil; Federal University of Riogrande Do sul, Av. Osvaldo Aranha 99, Porto Alegre, Brazil",English,Conference paper,"Cited by: 3; Conference name: 23rd International Conference for Production Research, ICPR 2015; Conference sponsors: ; Conference code: 116101; Conference date: 2 August 2015 through 6 August 2015",,,scopus,,makingthevalueflowapplicationofvaluestreammappinginadepartmentofabrazilianpublichealthcareorganization_2015,excluir
C023,"ONE MANAGEMENT METHOD, TWO COUNTRIES. LEAN METHOD APPLIED IN ROMANIA AND FRANCE",2015,,PROCEEDINGS OF THE 9TH INTERNATIONAL MANAGEMENT CONFERENCE: MANAGEMENT AND INNOVATION FOR COMPETITIVE ADVANTAGE,"The term ``lean'' applied at the production management was adopted by a team of researchers from the Massachusetts Institute of Technology (MIT), resulted from an analysis of the Toyota Production System. This term does not apply only for the automobile industry. It is also applied at fields like administration services (lean office), product development (lean development), information and communication technology and also sanitary system (lean management). Sanitary system uses these organizational and management principles in order to find a way for better using the resources (rare ones) available to meet the constantly evolving needs. In USA, the lean system has been already introduced in hospitals, while in Europe, sanitary institutions still struggle to introduce it. This article will present the differences, from a lean perspective, between two countries with solid sanitary systems, Romania, where this method has not been applied, even if the sanitary system needs an urgent change, and France, a country that has adopted the Lean method only in the emergency department, but with the need to be applied also in the rest of the departments.",Health care; Lean management; sanitary system,,"Dobrin, C (Corresponding Author), Bucharest Univ Econ Studies, Bucharest, Romania. Dobrin, Cosmin; Dinulescu, Ruxandra; Voicu, Laura, Bucharest Univ Econ Studies, Bucharest, Romania. Costache, Raluca, UMF Carol Davila, Bucharest, Romania.",English,Proceedings Paper,,2286-1440,Conference Proceedings Citation Index - Social Science &amp; Humanities (CPCI-SSH),wos,,onemanagementmethodtwocountriesleanmethodappliedinromaniaandfrance_2015,excluir
C024,Romanian sanitary system seen through the eyes of Lean method,2015,,"Proceedings of the 26th International Business Information Management Association Conference - Innovation Management and Sustainable Economic Competitive Advantage: From Regional Development to Global Growth, IBIMA 2015","A country without a solid sanitary system is a loss both for patients and for employees who work in medical institutions. On the one hand, Romania is privileged to have well trained doctors as well as competent medical staff, who are always willing to help a patient in need; on the other side, Romania has also a poor health care system, that damages not only the clinics and hospitals, but also the desire of both patients and doctors to be treated and work in Romania. During times, an innovative method, a philosophy, was able to help and change industries in need, providing them with tools for perfecting their operating system, motivating the employees and concentrating on customer's needs. That method will be represented by Lean system and will be able to eliminate the waste starting with waste of time and medicines-the 2 most important priorities in the health industry. Due to different approaches of this method, the waste from hospitals and clinics, started to decrease step by step, achieving objectives like patients' and medical staff's satisfaction. Generally, the main target of the project is to find the right way to eliminate in proportion of at least 70% the waste from health industry. This action will be possible by accustoming the entire medical staff with Lean principles and main tools, so that they could turn into a Lean thinking, in order to contribute each of them at the improvement of health care system.",Hospital; Lean management; Sanitary system,Competition; Health care; Hospitals; Information management; Innovation; Regional planning; Societies and institutions; Health industry; Health-care system; Innovative method; Lean management; Lean principles; Lean thinking; Medical institutions; Sanitary systems; Patient treatment,"Bucharest Academy of Economic Studies, Bucharest, Romania",English,Conference paper | Proceedings Paper,"Cited by: 1; Conference name: 26th International Business Information Management Association Conference - Innovation Management and Sustainable Economic Competitive Advantage: From Regional Development to Global Growth, IBIMA 2015; Conference sponsors: ; Conference code: 121845; Conference date: 11 November 2015 through 12 November 2015",,Conference Proceedings Citation Index - Social Science &amp; Humanities (CPCI-SSH),scopus+wos,,romaniansanitarysystemseenthroughtheeyesofleanmethod_2015,excluir
C025,Surgical flow improvement initiative: Redesign of the pre-operative process,2015,,IIE Annual Conference and Expo 2015,PURPOSE: The Surgical Flow Improvement Initiative (SFII) was chartered by the National Surgical Office (NSO) of the Department of Veterans Affairs (VA) to examine and correct process inefficiencies in VA facilities across the nation. The Veterans Engineering and Resource Center (VERC) worked in collaboration with a VA facility to improve the Pre-Operating Room process. METHODS: A Value Stream Analysis (VSA) determined the need for a Rapid Process Improvement Workshop. An interdisciplinary team was convened and facilitated lean thinking through the VA-TAMMCS framework derived from the Lean/Six Sigma Methodology for Healthcare. The team utilized a nine-Box A3 format during the scoping and implementation of the project. SCOPE: Operating Room Efficiency Metrics are defined by the VHA National Surgery Office and exclude any procedures that are not part of the VA Surgery Quality Improvement Program (VASQIP). RESULTS: This collaboration is still on-going. Metrics from the 60-day implementation showed process improvement.,A3 thinking; Lean methodology; Operating room; Process improvement; Veterans Affairs,,"Clinical Partnerships in Healthcare Transformation (CPHT), Veterans Affairs - Center for Applied Systems Engineering (VA-CASE), 2669 Cold Springs Road, Building 9, Indianapolis, 46222, IN, United States",English,Conference paper,Cited by: 0; Conference name: IIE Annual Conference and Expo 2015; Conference sponsors: ; Conference code: 119457; Conference date: 30 May 2015 through 2 June 2015,,,scopus,,surgicalflowimprovementinitiativeredesignofthepreoperativeprocess_2015,excluir
C026,THE ADOPTION OF HEALTH LEAN MANAGEMENT PURSUING CHOOSING WISELY OBJECTIVES,2015,,"INNOVATION, ENTREPRENEURSHIP AND SUSTAINABLE VALUE CHAIN IN A DYNAMIC ENVIRONMENT","A new approach for facing the resources overuse in hospital was introduced in very recent years. It is labelled ``Choosing wisely'' (CW), referring to the need of choosing the most appropriate care based on patient needs and on a responsible use of hospital resources. Working in team, several organizations have participated in drafting lists of treatments to be avoided favoring others. However, ethical issues have been raised and the lack of a rigorous method in the generation and further implementation of the top lists have questioned the applicability of this approach. In literature, no particular emphasis has been attributed to the right approach supporting the definition and the selection of the appropriate care process, eliminating the unnecessary activities and the improper use of scant resources. In industrial sector, Lean management has permitted to streamline and standardize processes achieving interesting results mostly in terms of efficiency improvements. In healthcare, this managerial approach (Health Lean Management - HLM) is spreading over the world. Focusing on customer needs and on waste elimination, HLM could support the adoption of CW approach. Through a systematic literature review, this research investigates whether and how HLM could be implemented pursuing CW objectives. The extracted database demonstrates the originality of the topic, but also its enforceability. Results highlight the potentialities of HLM pursuing appropriateness in healthcare paving the way for outlining interesting future developments.",choosing wisely; care appropriateness; health lean management; process management; quality management,CARE; QUALITY; SYSTEM; APPROPRIATENESS; MEDICINE; THINKING; REVIEWS; POLICY,"Crema, M (Corresponding Author), Univ Padua, Dept Management & Engn, Vicenza, Italy. Crema, Maria; Verbano, Chiara, Univ Padua, Dept Management & Engn, Vicenza, Italy.",English,Proceedings Paper,,,Conference Proceedings Citation Index - Social Science &amp; Humanities (CPCI-SSH),wos,,theadoptionofhealthleanmanagementpursuingchoosingwiselyobjectives_2015,excluir
C027,Value Stream Mapping on Healthcare,2015,,2015 INTERNATIONAL CONFERENCE ON INDUSTRIAL ENGINEERING AND SYSTEMS MANAGEMENT (IESM),"The objective of this paper is to present an overview of the literature published on the use of value stream mapping on healthcare. For that, a systematic literature review was carried out. After reviewing the literature is that several sets of research topics can be distinguished according to the purpose. Those which use value stream mapping as a support to justify improvements in new implemented technologies. Those that describe an experience improvement in a Lean environment through the use of value stream mapping. Those which described an experience improvement using value stream mapping, and also propose a new methodology for this implementation in a particular environment. Future lines could extend database research in order to settle/complete the established sets.",value stream mapping; systematic literature review; healthcare service management; lean healthcare,LEAN PRINCIPLES; 6 SIGMA; SYSTEM; METHODOLOGY; EFFICIENCY; PATHWAY; WASTE,"Pilar, VC (Corresponding Author), Univ Politecn Valencia, ROGLE, Dept Org Empresas, Valencia, Spain. Pilar, Vidal-Carreras, I; Julio J, Garcia-Sabater; Juan A, Marin-Garcia; Jose P, Garcia-Sabater, Univ Politecn Valencia, ROGLE, Dept Org Empresas, Valencia, Spain.",English,Proceedings Paper,,,Conference Proceedings Citation Index - Science (CPCI-S),wos,,valuestreammappingonhealthcare_2015,excluir
C028,A machine learning model for triage in lean pediatric emergency departments,2016,10.1007/978-3-319-47955-2_18,Lecture Notes in Computer Science (including subseries Lecture Notes in Artificial Intelligence and Lecture Notes in Bioinformatics),"High demand periods and under-staffing due to financial constraints cause Emergency Departments (EDs) to frequently exhibit over-crowding and slow response times to provide adequate patient care. In response, Lean Thinking has been applied to help alleviate some of these issues and improve patient handling, with success. Lean approaches in EDs include separate patient streams, with low-complexity patients treated in a so-called Fast Track, in order to reduce total waiting time and to free-up capacity to treat more complicated patients in a timely manner. In this work we propose the use of Machine Learning techniques in a Lean Pediatric ED to correctly predict which patients should be admitted to the Fast Track, given their signs and symptoms. Charts from 1205 patients of the emergency department of Hospital Napoleón Franco Pareja in Cartagena - Colombia, were used to construct a dataset and build several predictive models. Validation and test results are promising and support the validity of this approach and further research on the subject. © Springer International Publishing AG 2016.",Emergency department; Fast track; Lean; Logistic regression; Machine learning; Neural networks; PCA; SVM; Triage,Artificial intelligence; Complex networks; Emergency rooms; Hospitals; Neural networks; Patient monitoring; Patient treatment; Pediatrics; Emergency departments; Fast tracks; Lean; Logistic regressions; Triage; Learning systems,"Department of Computer Science, Universidad Tecnológica de Bolívar, Parque Industrial y Tecnológico Carlos Vélez Pombo, Km 1 Vía Turbaco, Cartagena, Colombia; Hospital Infantil Napoleón Franco Pareja, Cartagena, Colombia",English,Conference paper | Proceedings Paper,"Cited by: 7; Conference name: 15th Ibero-American Conference on Advances in Artificial Intelligence, IBERAMIA 2016; Conference sponsors: ; Conference code: 185579; Conference date: 23 November 2016 through 25 November 2016",03029743,Conference Proceedings Citation Index - Science (CPCI-S),scopus+wos,10.1007/978-3-319-47955-2_18,amachinelearningmodelfortriageinleanpediatricemergencydepartments_2016,excluir
C029,"A meta-modeling technique for analyzing, designing and adapting healthcare processes: A process-deliverable perspective",2016,10.1109/bhi.2016.7455898,"3rd IEEE EMBS International Conference on Biomedical and Health Informatics, BHI 2016","Healthcare organizations have shown growing interest in implementing lean management. Through systematically identifying and eliminating waste, fewer resources are needed while similar or higher quality healthcare can be delivered. However, doing so demands a holistic view of the interrelationships between all sub-processes and their deliverables within a healthcare system. Gaining this view is challenging given the increasingly complex and interconnected nature of modern healthcare processes and its underlying information technology landscape. This paper presents a first step towards a meta-modeling technique to model healthcare processes that captures both the activity as well as outcome perspective. Practitioners can utilize this technique to analyze, design and adapt healthcare processes to optimize the overall system. © 2016 IEEE.",,Information science; Health-care system; Healthcare organizations; Healthcare process; Holistic view; Lean management; Meta-modeling technique; Quality healthcare; Sub process; Health care,"Academic Medical Center, University of Amsterdam, Meibergdreef 15, Amsterdam, 1105 AZ, Netherlands; Center for Marketing and Supply Chain Management, Nyenrode Business Universiteit, Straatweg 25, Breukelen, 3621 BG, Netherlands",English,Conference paper | Proceedings Paper,"Cited by: 3; Conference name: 3rd IEEE EMBS International Conference on Biomedical and Health Informatics, BHI 2016; Conference sponsors: IEEE; IEEE EMB; Journal of Biomedical and Health Informatics (J-BHI); Conference code: 120090; Conference date: 24 February 2016 through 27 February 2016; All Open Access; Green Open Access",,Conference Proceedings Citation Index - Science (CPCI-S),scopus+wos,10.1109/bhi.2016.7455898,ametamodelingtechniqueforanalyzingdesigningandadaptinghealthcareprocessesaprocessdeliverableperspective_2016,excluir
C030,Aligning the meaning of lean: Boundary spanning agents in the translation of management concepts,2016,10.5465/ambpp.2016.192,Academy of Management Annual Meeting Proceedings,This study focuses on the boundary spanning strategies of intermediate agents involved in the implementation of Lean Management in hospitals. We show how these boundary spanners translate the meaning of this management concept across different hierarchical levels and how they shift strategies as a function of their intention to achieve acceptance or implementation.,,Boundary spanners; Boundary spanning; Hierarchical level; Lean management; Shift strategy,"VU University Amsterdam, De Boelelaan 1105, Amsterdam, 1081 HV, Netherlands; KU Leuven, Belgium",English,Conference paper,"Cited by: 1; Conference name: 76th Annual Meeting of the Academy of Management, AOM 2016; Conference sponsors: Aarhus University's Business School (Aarhus BSS); BI Norwegian Business School; et al.; European School of Management and Technology (ESMT); IMD; Pace University, Lubin School Business; Conference code: 128581; Conference date: 5 August 2016 through 9 August 2016; All Open Access; Green Open Access",00650668,,scopus,10.5465/ambpp.2016.192,aligningthemeaningofleanboundaryspanningagentsinthetranslationofmanagementconcepts_2016,excluir
C031,Application of Lean to Hotel's Operations Raising housekeeping productivity,2016,,PROCEEDINGS OF THE ASIA TOURISM FORUM 2016 - THE 12TH BIENNIAL CONFERENCE OF HOSPITALITY AND TOURISM INDUSTRY IN ASIA,"The hospitality sector in Singapore is facing a very tight labour market due to a combination of factors, namely, increasing youth aspiration, better educated workforce and the national labour policies on foreign workers. The hotel sector is particularly affected, especially the housekeeping department. Hotels in Singapore are now exploring ways to raise their housekeeping productivity, so as to be able to meet operational requirements albeit the smaller number of staff. Therefore, the aim of this applied research study was to explore the applicability of Lean, which has been successful in manufacturing, to hotel's operations, particularly the housekeeping operations. Lean Management was therefore used to improve the productivity of the hotel housekeeping operations. A DMAIC (Define, Measure, Analyse, Improve and Control) approach, which is commonly used in Lean project, was adopted for this project. The data was analysed using Lean analysis tools and revealed the following: 1. Non-value added activities, that is, those that are not directly related to cleaning (processing) the room, account for as much as 44\% or 211.2 minutes of the room attendant's 8-hour work shift. 2. The cause and effect and waste analysis of the non-value added activities indicated that transportation and motion type wastes account for 18\% of the non-value added activities while process design and inventory and supply management account for 26\%. 3. Room attendants' job scope design that requires room attendants to be responsible for guest laundry causes them to lose up to 54 minutes each time there is a guest laundry request. Improvement was focused on waste elimination. A houseman role was introduced to relieve the room attendants of the non-value added activities they currently perform. In addition, the housekeeping department implemented basic 5S to organize its back of the house, specifically the floor pantries. Regular department briefings were also moved to non-critical operation period and kept succinct. The post implementation measurement indicated that the streamlined processes freed 85 minutes of the room attendant time per shift. This enabled room attendant's daily room output to be raised from 15 rooms per shift to 18 rooms per shift which represent a 20\% increase in output without incurring any additional hours. In conclusion, this study provided evidence that Lean can be applied to hotel operations and can have a significant impact on work outcome. By redesigning work processes and systems to be leaner, a 20\% increase in daily work outputs was possible. To drive output and efficiency event further, hotels should also explore automating some of their labor intensive process through the use of Information and Communication technology, smart devices, Radio Frequency Identification devices (RFID) and robotics.",Lean; Hotel Operations; Productivity Improvement; Housekeeping; automation,,"Manaf, MH (Corresponding Author), Republ Polytech, Sch Hosp, Singapore 738964, Singapore. Manaf, Mohd Haris, Republ Polytech, Sch Hosp, Singapore 738964, Singapore.",English,Proceedings Paper,,2352-5428,Conference Proceedings Citation Index - Social Science &amp; Humanities (CPCI-SSH),wos,,applicationofleantohotelsoperationsraisinghousekeepingproductivity_2016,excluir
C032,Applying the principles of lean management to the radiology department,2016,,Proceedings of the International Conference on Industrial Engineering and Operations Management,"Lean principles have recently come along with an emerging approach in healthcare systems for increasing the quality of care, reducing costs, and decreasing cycle time as well. The aim of this study is to implement lean principles to the radiology department in one of the leading private hospital facilitating in Istanbul, Turkey. For this purpose, the project team constituted from patients' right and quality councils has determined three main key performance indicators as cost, service quality, and cycle time in order to determine the efficiency improvement in the radiology department and also in the hospital within the multiplier effect. A value stream map of the current state of radiology department has been formed through the use of information and data from field studies and measurements. Root cause analysis and PDCA method in the context of continuous improvement studies have been performed in order to eliminate wastes and improve efficiency. Accordingly, five main improvements have been realized in the hospital starting with the radiology department, expanding to the other departments. Correspondingly, the workflow was decreased to 7 steps, eliminating 7 non value added activities. Additionally, dramatic savings in printing costs, improvements in cycle time, and increasing in service quality have been realized. © IEOM Society International. © IEOM Society International.",Continuous improvement; Healthcare; Lean hospitals; Lean management; Lean thinking,,"Business Administration Department, Faculty of Business and Management Sciences, Suleyman Sah University, Tuzla, Istanbul, Turkey",English,Conference paper,"Cited by: 0; Conference name: 6th International Conference on Industrial Engineering and Operations Management in Kuala Lumpur, IEOM 2016; Conference sponsors: EATON Powering Business world wide; IEEE; informs; Official Airline Partner Emirates; SIEMENS; Conference code: 135628; Conference date: 8 March 2016 through 10 March 2016",21698767,,scopus,,applyingtheprinciplesofleanmanagementtotheradiologydepartment_2016,excluir
C033,Benchmarking lean practices and performance measures of a hospital,2016,10.1109/ieem.2016.7797885,IEEE International Conference on Industrial Engineering and Engineering Management,Purpose of this study is to benchmark the lean thinking practices and performance measures adopted in a case hospital by comparing it with a with-in benchmarking partner and best-in class benchmarking partner hospital which has been known for pioneering in lean implementation. Multiple case study approach and Xerox benchmarking model is being deployed to achieve the purpose of the study. A case hospital chosen has been implementing lean and value based improvement for more than nine years. Primary data of case organization and secondary data of benchmarked partners have been used for the comparison. Benchmarking the practices and performance measures implemented at the case hospital revealed that the hospital is in its transformation stage when compared to with-in benchmarking partner and best-in class benchmarking partner. Current study is the first one to detail the procedure on how to perform benchmarking for a hospital implementing or attempting to implement lean thinking. © 2016 IEEE.,benchmarking; hospital; lean healthcare; lean services; Lean thinking,Hospitals; Benchmarking models; Lean implementation; Lean practices; Lean services; Lean thinking; Multiple-case study; Performance measure; Secondary datum; Benchmarking,"Quantitative Methods and Operations Management Area, Indian Institute of Management Kozhikode, India",English,Conference paper | Proceedings Paper,"Cited by: 3; Conference name: 2016 International Conference on Industrial Engineering and Engineering Management, IEEM 2016; Conference sponsors: ; Conference code: 125655; Conference date: 4 December 2016 through 7 December 2016",21573611,Conference Proceedings Citation Index - Science (CPCI-S); Conference Proceedings Citation Index - Social Science &amp; Humanities (CPCI-SSH),scopus+wos,10.1109/ieem.2016.7797885,benchmarkingleanpracticesandperformancemeasuresofahospital_2016,excluir
C034,Combined Tools for Surgical Case Packages Contents and Cost Optimization: A Preliminary Study,2016,10.1016/j.procs.2016.09.174,Procedia Computer Science,"This paper presents a solution proposal based on mathematical and statistical tools to optimize Surgical Case Packages of an Operating Room (OR) in a Portuguese public hospital that it is the most complex environment in a hospital. In this particular hospital, more than 27000 surgeries/year are performed, employing, sometimes, misadjusted composition of standard surgical packages and non-optimized grouping of surgical instruments. Problem consequences are, among others, high transport of various surgical cases packages; high number of open cases and delays in surgical times following surgery. These type of problems are waste that do not add value to the service in the context of Lean Healthcare and must be eliminated using the most suitable tools. After the analysis, different tools were used: combinatorial analysis to optimize surgical cases composition and statistical analysis to identify the instruments usage and surgical basic case patterns. An optimization model was developed which produced a sterilizing initial solution of 135.24€. By identifying the most commonly employed instruments, it was concluded that some instruments have never been used and others rarely and some patterns were identified. The results achieved were based on minor sample and in a form of data collection that needs some adjustments. © 2016 The Authors.",Lean Healthcare; mathematical and statistical tools; Surgical cases packages,Health care; Hospitals; Information management; Information systems; Optimization; Project management; Statistical mechanics; Surgery; Transplantation (surgical); Combinatorial analysis; Complex environments; Cost optimization; Data collection; Initial solution; Optimization modeling; Statistical tools; Surgical instrument; Surgical equipment,"Centro ALGORITMI, Department of Production and Systems, University of Minho, Campus of Azurém, Guimarães, 4800-058, Portugal; CMAT - Centro de Matemática, University of Minho, Campus of Azurém, Guimarães, 4800-058, Portugal; Departamento de Ciência e Tecnologia, Universidade de Cabo Verde, Puerto Rico; Hospital de Braga, Puerto Rico",English,Conference paper | Proceedings Paper,"Cited by: 2; Conference name: Conference on ENTERprise Information Systems / International Conference on Project MANagement / Conference on Health and Social Care Information Systems and Technologies, CENTERIS / ProjMAN / HCist 2016; Conference sponsors: ; Conference code: 121650; Conference date: 5 October 2016 through 7 October 2016; All Open Access; Gold Open Access; Green Open Access",18770509,Conference Proceedings Citation Index - Science (CPCI-S),scopus+wos,10.1016/j.procs.2016.09.174,combinedtoolsforsurgicalcasepackagescontentsandcostoptimizationapreliminarystudy_2016,excluir
C035,Evidence-based design in healthcare: A lean perspective with an emphasis on value generation,2016,,IGLC 2016 - 24th Annual Conference of the International Group for Lean Construction,"Evidence-based design (EBD) has been discussed in the literature, including its potential benefits and its limitations for its isolated and fragmented knowledge application. This study is an attempt to integrate the currently fragmented EBD findings to guide decisions for better designing, building and adapting hospitals through Lean thinking with an emphasis on value generation. An EBD review and assessment was carried out to update the current developments in the field. The paper discusses the importance of applying EBD in an integrated way. This is achieved through the development of a conceptual holistic framework based on three data strands inspired through Lean thinking, namely: Building performance, life-cycle cost and user value related evidence. This is an initial attempt and the paper concludes by identifying the limitations and potential future studies.",Evidence-based design; Healthcare; Lean; Value,Knowledge management; Lean production; Life cycle; Building performance; Evidence-based designs; Holistic frameworks; Knowledge application; Lean; Lifecycle costs; Potential benefits; Value; Health care,"School of Arts Design and Architecture, University of Huddersfield, Huddersfield, HD1 3DH, United Kingdom; Department of Architecture, School of Arts Design and Architecture, University of Huddersfield, Huddersfield, HD1 3DH, United Kingdom",English,Conference paper,"Cited by: 8; Conference name: 24th Annual Conference of the International Group for Lean Construction, IGLC 2016; Conference sponsors: ; Conference code: 124301; Conference date: 18 July 2016 through 24 July 2016",,,scopus,,evidencebaseddesigninhealthcarealeanperspectivewithanemphasisonvaluegeneration_2016,excluir
C036,"LEAN HEALTHCARE MAY ENDANGER SUSTAINABLE PERFORMANCE IMPROVEMENT, IF SERVICE DOMINANT LOGIC APPROACH IS EXCLUDED",2016,,WHAT'S AHEAD IN SERVICE RESEARCH?: NEW PERSPECTIVES FOR BUSINESS AND SOCIETY,"This study shows how public healthcare can improve cost-efficiency, effectiveness and accessibility by modelling operation and introducing new management practices, such as lean management. The spesicalised hospital improved performance from 18\% to 98\% in 2007-2010 when a lead-time of refferrals was used as an indicator. However, car manufacturing origin, closed system based lean's capability to provide sustainable advantage within `loosely coupled' system of public specialised healthcare is limited, if lexicon is not elaborated, and if multi-level open system and service dominant logic approach is ignored.",,INNOVATION,"Castrén, L (Corresponding Author), Aalto Univ, Sch Sci, Espoo, Finland. Castren, Laura, Aalto Univ, Sch Sci, Espoo, Finland.",English,Proceedings Paper,,,Conference Proceedings Citation Index - Social Science &amp; Humanities (CPCI-SSH),wos,,leanhealthcaremayendangersustainableperformanceimprovementifservicedominantlogicapproachisexcluded_2016,excluir
C037,LEAN HEALTHCARE: RESULTS OF MULTICENTER SURVEY OF CZECH MEDICAL STAFF,2016,10.7441/dokbat.2016.41,12TH ANNUAL INTERNATIONAL BATA CONFERENCE FOR PH.D. STUDENTS AND YOUNG RESEARCHERS (DOKBAT),"There is a growing interest in applying lean in healthcare. Healthcare services around the world have adopted industrial engineering methods and process improvement methodologies from the manufacturing sector, known as lean production. The aim of this paper is to provide a review of the existing literature on lean healthcare and to publish basic results of survey focused on Czech medical staff's knowledge of lean healthcare philosophy. The article explores challenges and opportunities faced by organizations that intend incorporating lean management principles and presents the specific context of the healthcare industry. Though there seems to exist an agreement about the potential of lean healthcare, it remains a challenge for academics and practicioners to evaluate lean healthcare under a more critical perspective.",Lean management; Lean healthcare; Lean methods; Ergonomics principles; Medical errore; Quality; Continuous improvement; Customer value,,"Vavrusová, V (Corresponding Author), Univ Tomase Bati Zline, Fak Managementu & Ekon, Mostni 5139, Zlin 76001, Czech Republic. Vavrusova, Veronika; Vitaskova, Edita, Univ Tomase Bati Zline, Fak Managementu & Ekon, Mostni 5139, Zlin 76001, Czech Republic.",English,Proceedings Paper,gold,,Conference Proceedings Citation Index - Social Science &amp; Humanities (CPCI-SSH),wos,10.7441/dokbat.2016.41,leanhealthcareresultsofmulticentersurveyofczechmedicalstaff_2016,excluir
C038,LEAN PRODUCTION: MERELY AN APPLICATION OF THE LEARNING CURVE?,2016,,"2016 INTERNATIONAL CONFERENCE ON PRODUCTION RESEARCH - REGIONAL CONFERENCE AFRICA, EUROPE AND THE MIDDLE EAST (ICPR-AEM 2016) AND 4TH INTERNATIONAL CONFERENCE ON QUALITY AND INNOVATION IN ENGINEERING AND MANAGEMENT (QIEM 2016)","Lean production has been propagated as a philosophy, as a set of practices and as a set of methods and tools. Whereas many efforts are still undertaken to assess its applicability to other domains, such as healthcare, and to include more factors, for example, sustainability, less attention has been paid to examining its tenets from a theoretical perspective. In that perspective, the theory of the learning curve serves as Occams razor for the concept of lean production. Moreover, the underlying principles of learning curves are more fecund than lean production. The case study, not using the principles of lean thinking, demonstrates the wider applicability of the learning curves. Henceforth, this paper urges academics in operations management to better explore the foundations of lean production before heralding its doctrine.",action research; case study; lean production; learning curves; manfacturing strategy; organisational design,TOYOTA PRODUCTION SYSTEM; OPERATIONS MANAGEMENT; ENVIRONMENTAL PERFORMANCE; SOCIOTECHNICAL SYSTEMS; HEALTH-CARE; WORLD-CLASS; DESIGN; THINKING; IMPLEMENTATION; IMPROVEMENTS,"Dekkers, R (Corresponding Author), Univ Glasgow, Adam Smith Business Sch, Glasgow G12 8QQ, Lanark, Scotland. Dekkers, R., Univ Glasgow, Adam Smith Business Sch, Glasgow G12 8QQ, Lanark, Scotland.",English,Proceedings Paper,,,Conference Proceedings Citation Index - Science (CPCI-S),wos,,leanproductionmerelyanapplicationofthelearningcurve_2016,excluir
C039,Lean Hospitality-Application of Lean Management Methods in the Hotel Sector,2016,10.1016/j.procir.2016.01.019,Procedia CIRP,"The tourism businesses faces the challenge to reduce significantly their costs in the future and to structure internal processes more efficient. The hotel and tourism industry, which showed continuous growth in recent years, now looks ahead to economic turbulences and general difficult times. Given these developments, hotel companies will earn in the future less than before. This phenomenon has not been considered in tourism, while it exists since decades of years in the industrial sector. The industry applies successfully for many years modern methods and instruments to optimize productivity and efficiency and to increase the quality of services even further. These existing experiences to increase productivity in the industrial environment were taught for years as ""Lean Management"". This research aims to show practical experiences of the application of Lean Management methods in the hospitality sector and to make a statement about their suitability and the possible potential for optimization. The work refers to a case study in a hotel company, where several Lean methods have been implemented successfully. © 2016 The Authors.",beyond Lean; Lean Hospitality; Lean Management,Hotels; Lean production; Manufacture; Productivity; beyond Lean; Hotel sectors; Industrial environments; Industrial sector; Lean Hospitality; Lean management; Practical experience; Tourism industry; Industrial research,"Faculty of Science and Technology, Free University of Bozen-Bolzano, Universitätsplatz 5, Bolzano, 39100, Italy; Fraunhofer Italia Research S.c.a.r.l., Innovation Engineering Center (IEC), Schlachthofstrasse 57, Bozen, 39100, Italy",English,Conference paper | Proceedings Paper,"Cited by: 52; Conference name: 48th CIRP International Conference on Manufacturing Systems, CIRP CMS 2015; Conference sponsors: ; Conference code: 121346; Conference date: 24 June 2015 through 26 June 2015; All Open Access; Gold Open Access",22128271,Conference Proceedings Citation Index - Science (CPCI-S),scopus+wos,10.1016/j.procir.2016.01.019,leanhospitalityapplicationofleanmanagementmethodsinthehotelsector_2016,excluir
C040,Lean Improvement Practices: Lessons from Healthcare Service Delivery Chains,2016,10.1016/j.ifacol.2016.07.660,IFAC-PapersOnLine,"Some Lean improvement projects have been successful while others have not. According to the literature on Lean management principles, a potential explanation for this equivocal state is a paradox that can develop depending on the focus of the project. If the focus is on improving the efficiency of individual resources and not on the interconnections between them, then paradoxically, the worse the efficiency of this resource will become. To overcome this paradox and achieve the expected outcome of Lean projects, the aim for Lean improvement projects should be to achieve “flow efficiency” rather than ""resource efficiency"". By conducting a detailed study of four case studies of Lean improvement projects from two large acute-care hospitals, we examine how organizations can systematically focus on flow efficiency by considering the role and value of redundancy in Lean improvement projects. We found that redundancy plays a vital role in enabling the goals of Lean improvement projects to be achieved. Our findings extend the discussions on the Lean practices in healthcare context by incorporating the nature of the redundancy concept in explaining how Lean practices are being adapted in variant operations settings. © 2016",Healthcare services; Lean; Redundancy,Health care; Redundancy; Case-studies; Flow efficiency; Healthcare services; Lean; Lean improvements; Lean management; Lean practices; Resource efficiencies; Efficiency,"SIM University, School of Business, Singapore",English,Conference paper | Proceedings Paper,Cited by: 13; All Open Access; Gold Open Access,24058963,Conference Proceedings Citation Index - Science (CPCI-S); Conference Proceedings Citation Index - Social Science &amp; Humanities (CPCI-SSH),scopus+wos,10.1016/j.ifacol.2016.07.660,leanimprovementpracticeslessonsfromhealthcareservicedeliverychains_2016,excluir
C041,New approaches in Lean Management,2016,10.1016/s2212-5671(16)30234-9,"3RD GLOBAL CONFERENCE ON BUSINESS, ECONOMICS, MANAGEMENT AND TOURISM","This article explores the future of Lean Management, its implementation potential in other industrial sectors as well as Lean Management education process. At the same time it explains possibilities of its implementation in industries such as Public Administration, Healthcare and IT services. It describes how the various principles of Lean Management are transmitted to the service sector and what differences arise by this process. In conclusion the article describes and compares different ways of Lean education in various countries and finally the best teaching practice with regard to practice is suggested and proposed. (C) 2016 Published by Elsevier B.V.",Lean Management; Education; Healthcare; IT services; Public Administration,,"Kadarova, J (Corresponding Author), Tech Univ Kosice, Fac Mech Engn, Dept Ind Engn & Management, Letna 9, Kosice 04200, Slovakia. Kadarova, Jaroslava; Demecko, Michal, Tech Univ Kosice, Fac Mech Engn, Dept Ind Engn & Management, Letna 9, Kosice 04200, Slovakia.",English,Proceedings Paper,gold,2212-5671,Conference Proceedings Citation Index - Social Science &amp; Humanities (CPCI-SSH),wos,10.1016/s2212-5671(16)30234-9,newapproachesinleanmanagement_2016,excluir
C042,"Respect for people"" and lean construction: Has the boat been missed?",2016,,IGLC 2016 - 24th Annual Conference of the International Group for Lean Construction,"The Toyota Production System (TPS) is the powerful engine that has rocketed the Toyota Motor Company from a backwater operation in a war-Torn country to the largest automobile manufacturer in the world. Lean thinking (as TPS has come to be known outside of Toyota) has been successfully applied to industries from across the spectrum of products and services, from technology start-ups to healthcare providers. The construction industry has also been lured in by the siren song of the benefits of a successful Lean implementation: more satisfied customers, greater profitability, and improved metrics across the board. But as the International Group for Lean Construction (IGLC) celebrates its 24th annual conference and declares the field to be ""on the brink of revolution,"" the question arises: has the promise of Lean Construction been fully realized? Toyota has long stressed that TPS stands on two pillars: Continuous Improvement, and Respect for People. The former brings with it the hoped-for results, but it is the latter that makes the former possible. Their motto is: ""We make people before we make cars."" Companies that have successfully implemented Lean consistently state that their achievements would not have been possible without sustained employee engagement and support at all levels of the organization. Have Lean Construction enthusiasts grasped the importance of the Respect for People principle? Have they recognized the crucial nature of employee engagement? Based on the literature, the answer is no. In this paper, I examine the dearth of focus on this topic in the field, examine case studies from other industries, and discuss what ""Respect for People"" could look like in light of the peculiarities of how Lean construction is currently practiced.",Construction peculiarities; IGLC; Lean construction shortcomings; Literature review; Respect for people; Toyota production system (TPS),Automobile manufacture; Construction industry; Signaling; IGLC; Lean construction; Literature reviews; Respect for people; Toyota Production System; Lean production,"Virtual Construction Lab, Faculty of Civil and Env. Eng., Technion - Israel Institute of Technology, Haifa, 32000, Israel",English,Conference paper,"Cited by: 16; Conference name: 24th Annual Conference of the International Group for Lean Construction, IGLC 2016; Conference sponsors: ; Conference code: 124301; Conference date: 18 July 2016 through 24 July 2016",,,scopus,,respectforpeopleandleanconstructionhastheboatbeenmissed_2016,excluir
C043,Use of lean management philosophy in health sector: A VSM based case study,2016,10.1109/ieem.2016.7798132,IEEE International Conference on Industrial Engineering and Engineering Management,"Lean management philosophy (LMP), which arose from the discrete manufacturing industry, is currently being adapted to service-providing organizations. The healthcare organizations currently need to improve productivity, especially in the area of the identification and elimination of waste. This manuscript presents a case study carried out in a cardiology clinic. A 'family of services' has been identified based on the medical procedures and related set of tests, which are used to treat specific symptoms. The value stream mapping (VSM) method has been used to analyze the 'family of services'. The activities that have been involved in a particular service have been identified, and a current state value stream map (CS-VSM) has been developed. Then, time wastage, in relation to patients' waiting for tests, has been calculated and the problems have been identified and analyzed. Finally, the proposal of a future state value stream map (FS-VSM) has been presented. © 2016 IEEE.",cardiology clinic; health care; lean management; value stream mapping,Cardiology; Health care; Mapping; Productivity; Value engineering; Discrete manufacturing; Healthcare organizations; Lean management; Medical procedures; Service-providing; State values; Value stream mapping; Lean production,"Faculty of Mechanical Engineering and Aeronautics, Rzeszow University of Technology, Rzeszow, Poland; Department of Mechanical and Structural Engineering and Materials Science, University of Stavanger, Norway",English,Conference paper | Proceedings Paper,"Cited by: 6; Conference name: 2016 International Conference on Industrial Engineering and Engineering Management, IEEM 2016; Conference sponsors: ; Conference code: 125655; Conference date: 4 December 2016 through 7 December 2016",21573611,Conference Proceedings Citation Index - Science (CPCI-S); Conference Proceedings Citation Index - Social Science &amp; Humanities (CPCI-SSH),scopus+wos,10.1109/ieem.2016.7798132,useofleanmanagementphilosophyinhealthsectoravsmbasedcasestudy_2016,excluir
C044,Using event trees to inform quantitative analysis of healthcare services,2016,10.3233/978-1-61499-664-4-119,Studies in Health Technology and Informatics,"The paper illustrates how event tree diagrams, used in safety engineering, can be applied to test the design of a healthcare service. Event tree diagrams can be employed to inform quantitative approaches to quality, by providing justification with respect to safety, of operational aspects to be monitored and measured. © 2016 The authors and IOS Press. All rights reserved.",Event Tree Analysis; Lean Healthcare; Metrics; Quantitative Analysis,Decision Trees; Health Services Administration; Humans; Patient Safety; Quality Improvement; Quality of Health Care; Risk Management; State Medicine; United Kingdom; Chemical analysis; Medical informatics; Safety engineering; Event tree analysis; Event trees; Healthcare services; Metrics; Operational aspects; Quantitative approach; quantitative analysis; quantitative study; safety; decision tree; health care quality; health service; human; national health service; organization and management; patient safety; risk management; standards; total quality management; United Kingdom; Health care,"Institute of Digital Healthcare, WMG, University of Warwick, United Kingdom; Department of Computer Science, University of York, United Kingdom",English,Conference paper | Proceedings Paper,"Cited by: 5; Conference name: 14th International Conference on Informatics, Management, and Technology in Healthcare, ICIMTH 2016; Conference sponsors: ; Conference code: 122432; Conference date: 1 July 2016 through 3 July 2016; All Open Access; Green Open Access",09269630,Conference Proceedings Citation Index - Science (CPCI-S),scopus+wos,10.3233/978-1-61499-664-4-119,usingeventtreestoinformquantitativeanalysisofhealthcareservices_2016,excluir
C045,Value stream mapping on healthcare,2016,10.1109/iesm.2015.7380170,"Proceedings of 2015 International Conference on Industrial Engineering and Systems Management, IEEE IESM 2015","The objective of this paper is to present an overview of the literature published on the use of value stream mapping on healthcare. For that, a systematic literature review was carried out. After reviewing the literature is that several sets of research topics can be distinguished according to the purpose. Those which use value stream mapping as a support to justify improvements in new implemented technologies. Those that describe an experience improvement in a Lean environment through the use of value stream mapping. Those which described an experience improvement using value stream mapping, and also propose a new methodology for this implementation in a particular environment. Future lines could extend database research in order to settle/complete the established sets. © 2015 International Institute for Innovation, Industrial Engineering and Entrepreneurship - I4e2.",healthcare service management; lean healthcare; systematic literature review; value stream mapping,Health care; Database research; Healthcare services; Lean environments; Research topics; Systematic literature review; Value stream mapping; Mapping,"ROGLE, Departamento de Organización de Empresas, Universidad Politécnica de Valencia, Valencia, Spain",English,Conference paper,"Cited by: 8; Conference name: International Conference on Industrial Engineering and Systems Management, IEEE IESM 2015; Conference sponsors: ; Conference code: 119092; Conference date: 21 October 2015 through 23 October 2015",,,scopus,10.1109/iesm.2015.7380170,valuestreammappingonhealthcare_2016,excluir
C046,Waiting time is a wasted time: Obio cottage hospital outpatient transit time improvement,2016,,"Society of Petroleum Engineers - SPE African Health, Safety, Security and Environment and Social Responsibility Conference and Exhibition 2016","Objectives/Scope: The vast majority of 170 million Nigerians have no access to affordable and quality assured health care. The government provided medical facilities are mostly over-stretched and most Nigerians pay out of pocket for basic health care. The Shell Petroleum Development Company of Nigeria Limited embraced the concept of Public Private Partnership as a strategic approach to Corporate Social Responsibility in the health sector. In 2010, SPDC in collaboration with the Rivers State government upgraded the Obio health center to a cottage hospital and worked with the local community to catalyse the Obio Community Health Insurance Scheme. The partners in the CHIS agreed an annual premium ofN7,200 [about$36] per participant for access to essential primary and secondary health care, with special focus on maternal and child health. Methods, Procedures, Process: As the insurance package covers more than 95% of community health care needs, patients seen daily increased from 20 to 147 per day. Patients spent long hours on visits leading to dissatisfaction. In 2012, Lean methodology was deployed to address this problem. The outpatient transit time starts from the time the patient reports to the reception, goes through the medical records, vital signs, consultations, laboratory investigation (if necessary), and pharmacy, till discharge. With the use of Lean tools such as value stream mapping, lack of standardisation of key activities at transit points was found to be causing proportionate delay in patients waiting time. 5S exercise was carried out, Standard Operating Procedures and visual measures were developed and deployed with onsite trainings. Results, Observations, Conclusions: These led to 78% reduction in transit time, hospital handling more patient flow per day and improved customer satisfaction. Novel/Additive Information: Lessons learnt include using leadership Gemba visits and inculcating Lean thinking among hospital staff to improve operational efficiency and bring about a culture change. © 2016 Society of Petroleum Engineers.",,Compensation (personnel); Customer satisfaction; Health care; Hospitals; Oil field development; Pension plans; Petroleum engineering; Social aspects; Corporate social responsibilities (CSR); Laboratory investigations; Operational efficiencies; Petroleum development; Public private partnerships; Secondary health care; Standard operating procedures; Value stream mapping; Health insurance,"Shell Petroleum Development Company of Nigeria Limited, Obio Cottage Hospital, Nigeria; Babatunde Fakunle, Centre for Sustainable Access to Health in Africa, Nigeria",English,Conference paper,"Cited by: 1; Conference name: SPE African Health, Safety, Security and Environment and Social Responsibility Conference and Exhibition 2016; Conference sponsors: ; Conference code: 132683; Conference date: 4 October 2016",,,scopus,,waitingtimeisawastedtimeobiocottagehospitaloutpatienttransittimeimprovement_2016,excluir
C047,A case study on improving first case starts in operating rooms,2017,,67th Annual Conference and Expo of the Institute of Industrial Engineers 2017,"Starting first surgical cases on time is crucial for maintaining hospital operating room's schedule. Delay of first cases often leads to the rest of the scheduled cases to be delayed, resulting in costly overtime and decreased patient satisfaction. Lean techniques can be used to minimize first case delays and other forms of waste in the process. This research presents a case study on implementing Lean process improvement of first case starts in a tertiary hospital in Pennsylvania, USA. Several root causes for the first case delays were identified based on observations, analysis of historical data, time studies, and literature search. The root causes were then refined and validated using statistical analysis. To minimize the delay of first cases, several countermeasures were identified and prioritized. The operating room leadership selected the best countermeasures based on two main criteria: business impact and ease of implementation. The proposed strategies resulted in increasing the number of on-time first cases as well as reducing the amount of overtime and improving resource utilization. The value of the expected cost savings for the first year is $273,085.",First Case Starts; Lean healthcare; Operating rooms; Process improvement,Engineers; Hospitals; Process engineering; Business impact; Expected costs; Historical data; Lean techniques; Literature search; Patient satisfaction; Process Improvement; Resource utilizations; Operating rooms,"Industrial Engineering Department, Penn State Behrend Erie, 16563, PA, United States; UPMC Hamot Hospital, Erie, 16550, PA, United States",English,Conference paper,Cited by: 0; Conference name: 67th Annual Conference and Expo of the Institute of Industrial Engineers 2017; Conference sponsors: Pitt Swanson Industrial Engineering; UCF; Conference code: 130740; Conference date: 20 May 2017 through 23 May 2017,,,scopus,,acasestudyonimprovingfirstcasestartsinoperatingrooms_2017,excluir
C048,A mathematical model to evaluate and improve lean management of healthcare system: A case study of health examination center,2017,10.3233/978-1-61499-779-5-530,Advances in Transdisciplinary Engineering,"Healthcare system plays an important role in our daily life. A well operated healthcare system not only can save lives but also provide good work environment to medical staffs. However, most of the healthcare systems suffer from high workload of medical staff and low customer satisfaction. In addition, the stochastic nature of healthcare services is hard to evaluate the performance. Therefore, this study aims to implement lean management in the healthcare system with lean techniques and a stochastic model to achieve both customer satisfaction and waste reduction simultaneously. The first step is analysis of the current process and collect data to clarify the current status by quality management practices and lean tools. Further, a stochastic mathematical programming model is developed to optimize the performance of this healthcare system. Simulation results show that the efficiency of process flow after leveling is improved about 19.97%, idle ratio of work station is improved about 41.64% and 22.47% and the average flow time is improved about 4 minutes. A health examination center case is applied to demonstrate the benefit of the proposed method. This study might be the first study which implement lean and stochastic characteristics of healthcare system in a mathematical model. This model can serve as a decision support system and can be apply to other service system in lean improvement. © 2017 The authors and IOS Press.",Healthcare; Lean management; Mathematical programming model; Simulation,Artificial intelligence; Customer satisfaction; Health care; Lean production; Mathematical programming; Quality control; Quality management; Stochastic models; Stochastic systems; Waste management; Case-studies; Customers' satisfaction; Daily lives; Health examinations; Healthcare; Healthcare systems; Lean management; Mathematical programming models; Performance; Simulation; Decision support systems,"Department of Industrial Engineering and Engineering Management, National Tsing Hua University, Taiwan",English,Conference paper | Proceedings Paper,"Cited by: 2; Conference name: 24th ISPE Inc. International Conference on Transdisciplinary Engineering, TE 2017; Conference sponsors: Fraunhofer; International Society for Productivity Enhancement Inc. (ISPE); IOS Press; Nanyang Technological University; PROSTEP AG; Conference code: 128611; Conference date: 10 July 2017 through 14 July 2017",2352751X,Conference Proceedings Citation Index - Science (CPCI-S),scopus+wos,10.3233/978-1-61499-779-5-530,amathematicalmodeltoevaluateandimproveleanmanagementofhealthcaresystemacasestudyofhealthexaminationcenter_2017,excluir
C049,An exploration of compatibility of U.S. Army culture and Lean Construction,2017,10.24928/2017/0199,IGLC 2017 - Proceedings of the 25th Annual Conference of the International Group for Lean Construction,"The culture of the United States Army has evolved significantly over the course of the service of the present generation of Soldiers. Through the implementation of Lean Management practices, and Six Sigma measurement and analysis tools, Army leaders are more able to competently perform a mission or accomplish a business goal. Through careful case study of previous missions, effort spent building learning organizations, and cultivating a culture of respect, leaders have discovered a formula to optimize unit performance. The keys to unlocking the benefits of Lean's historically proven efficiency methods lie in changing the attitude and mindset of the Army's workforce to effectively apply lean methods to the myriad projects and tasks that the citizens of the United States ask its Soldiers to perform every day. Cultural transformation must occur, however, in an unforgiving environment that poses significant threats to our national security, leaving very little margin for error in applying the new managerial methodology to both state-side and war-side operations. Using as its framework Jeffrey Liker's Principles of Management described in The Toyota Way, this paper will explore the ways in which the U.S. Army is already equipped to implement lean, and those areas where more cultural evolution must take place to take full advantage of the philosophy. Viewing the Army culture as a whole, and then discussing more specifically Health Facility Development and Military Hospital Construction, the authors' contention is that the U.S. Army and Lean Construction are more compatible than may appear at first glance.",Lean construction; Military culture; Military decision making,Decision making; National security; Process engineering; Cultural evolution; Cultural transformations; Health facilities; Lean construction; Learning organizations; Measurement and analysis; Military decision making; Military hospitals; Lean production,"Department of Construction Science, College of Architecture, Texas AandM University, College Station, 77843-3137, TX, United States; Project Production Systems Laboratory, Civil and Environmental Engineering Dept., University of California, 407 McLaughlin Hall, Berkeley, 94720-1712, CA, United States",English,Conference paper,"Cited by: 4; Conference name: 25th Annual Conference of the International Group for Lean Construction, IGLC 2017; Conference sponsors: ; Conference code: 129606; Conference date: 9 July 2017 through 12 July 2017; All Open Access; Bronze Open Access",,,scopus,10.24928/2017/0199,anexplorationofcompatibilityofusarmycultureandleanconstruction_2017,excluir
C050,Application of lean six sigma concepts to medicine dispensation of public health centers,2017,10.1007/978-3-319-41652-6_12,Advances in Intelligent Systems and Computing,"For years, Brazilian public health has been focus of criticism due to its overall precariousness. One of the methodologies utilized to try to improve this processes is the lean healthcare, a theory derived from lean manufacturing, a heritage of Toyota production model. In the first semester of 2015, a project was developed with the department of medicine dispensation of a midsize city from São Paulo. The project had for objective mapping a process and its optimization, utilizing Industrial Engineering concepts. A diagnosis following the steps of DMAIC methodology was done. After mapping process and task analysis, the project consisted in a time study, leading to the utilization of 2-sample t hypothesis test utilizing Minitab software. From the diagnosis recommendations were made for process improvement in medicine dispensation. As main results there was: statistical proof of alternative hypothesis proposed, related to the amount of time used at filling out prescription forms. © Springer International Publishing Switzerland 2017.",Hypothesis test; Lean healthcare; Time study,Diagnosis; Health care; Human engineering; Job analysis; Lean production; Mapping; Process engineering; Public health; Six sigma; Software testing; Time and motion study; Alternative hypothesis; Health centers; Hypothesis tests; Lean Six Sigma; Mapping process; Objective mapping; Process Improvement; Production modeling; Ergonomics,"School of Engineering of Lorena, University of Sao Paulo, Lorena, Sao Paulo, Brazil",English,Conference paper | Proceedings Paper,"Cited by: 2; Conference name: International Conference on Human Factors and Ergonomics in Healthcare, 2016; Conference sponsors: ; Conference code: 180439; Conference date: 27 July 2016 through 31 July 2016",21945357,Conference Proceedings Citation Index - Science (CPCI-S),scopus+wos,10.1007/978-3-319-41652-6_12,applicationofleansixsigmaconceptstomedicinedispensationofpublichealthcenters_2017,excluir
C051,Applying lean principles to health economics transactional flow process to improve the healthcare delivery,2017,10.1109/ieem.2017.8290018,IEEE International Conference on Industrial Engineering and Engineering Management,Defects reduction and end-to-end process improvement are key to successful delivery of key services such as healthcare. This research paper investigates the implication of Lean management for healthcare service improvement. Transactional flow process is one of the key processes within the Saudi Arabian healthcare system. Transactional flow process in health economics needs to be defects free to insure an accurate healthcare delivery. This paper identifies and investigates two transactional flows within the health economics department. The anticipated outcome of this research paper is identification of two value streams and critical analysis of the Lean tools to improve the overall performance. © 2017 IEEE.,Health Economics; Lean Management; Transactional Flow Process; Value Stream Mapping; Waste,Agile manufacturing systems; Defects; Health care; Waste management; Defect reduction; End-to-end process; Flow process; Health economics; Healthcare delivery; Lean management; Lean principles; Research papers; Transactional flow process; Value stream mapping; Lean production,"School of Engineering and Sustainable Development, De Montfort University, Leicester, United Kingdom; Department of Supply Chain Management, ASPER School of Business, University of Manitoba, Winnipeg, MB, Canada",English,Conference paper | Proceedings Paper,"Cited by: 5; Conference name: 2017 IEEE International Conference on Industrial Engineering and Engineering Management, IEEM 2017; Conference sponsors: ; Conference code: 134633; Conference date: 10 December 2017 through 13 December 2017",21573611,Conference Proceedings Citation Index - Science (CPCI-S),scopus+wos,10.1109/ieem.2017.8290018,applyingleanprinciplestohealtheconomicstransactionalflowprocesstoimprovethehealthcaredelivery_2017,excluir
C052,EDUCATING IN MODERN TIMES: THE COMBINATION OF HOLONIC MANUFACTURING AND SIX SIGMA,2017,,9TH INTERNATIONAL CONFERENCE ON EDUCATION AND NEW LEARNING TECHNOLOGIES (EDULEARN17),"This paper proposes an innovative teaching methodology for the understanding of new operation theories such as Holonic Manufacturing and Six Sigma. Its goal is to contribute to the quest for quality, efficiency, and effectiveness in business education and industry. This study provides useful insights about how to successfully create a ``holonic'' network to enhance quality systems in a worldwide setting. In the process of discovery and implementation of new philosophies for improvement, effective instruction represents the cornerstone for accomplishment. The findings include a suggested strategy that would be suitable for the direction, preparation, and education of the workforce. The advances in Holonic Manufacturing bring interesting obstacles to be overcome and a fresh, contemporary kind of leadership. Coordination is the key for achievement. Holonic systems can vary and hold a different a view among diverse businesses. Interactions between networks can also fluctuate. This research has been completed for industry in general because its main purpose is to observe the applications of holonic structures in Six Sigma projects. The main objective of the Six Sigma philosophy is to control defects in a great deal of production processes and/or services. For instance, nowadays it is not uncommon to find Six Sigma schemes within healthcare, finance, and government or military projects. In that sense, this study analyses the application of holonic structures and proposes that they could be employed in general commercial endeavors. This technical analysis pursues the important goal of discovering new industrial procedures and experiences for the international cooperation. Quality improvement is always an essential requirement. In addition, there is a continuous need for being acquainted with innovative methodologies. The purpose of this investigation is also to understand these theories as a contribution for the quest for success.","Holon; lean thinking; Six Sigma; SIPOC (suppliers, inputs, process, outputs, customer segments); CTQ (critical to quality); CIM (computer integrated manufacturing) MAS (multi agent system)",SYSTEMS,"Torres-Palacio, P (Corresponding Author), Univ St Thomas, Houston, TX 77006 USA. Torres-Palacio, Patricio, Univ St Thomas, Houston, TX 77006 USA.",English,Proceedings Paper,,2340-1117,Conference Proceedings Citation Index - Science (CPCI-S); Conference Proceedings Citation Index - Social Science &amp; Humanities (CPCI-SSH),wos,,educatinginmoderntimesthecombinationofholonicmanufacturingandsixsigma_2017,excluir
C053,Extended classification of waste in the hospital system,2017,,Proceedings of the International Conference on Industrial Engineering and Operations Management,This paper aims to provide a waste classification model to identify most of the problems encountered in the hospitals system. The problem of identification and classification of waste is one of the major obstacles that encounter the Lean approach in its implementation in hospitals. This paper established a SWOT matrix that is the subject of detailed analysis of the waste classification phase. This analysis allows to criticize the proposed classification that focus only on specified sources of waste which can have a negative impact on the waste elimination operation. We propose an extended classification that takes into account the three forms of waste in Lean approach. © IEOM Society International.,Health services; Lean barriers; Lean healthcare; Lean manufacturing; SWOT analysis; Waste classification,,"Mohammed V University in Rabat, EMI - SIWEB Team, Rabat, Morocco; Computer Science Departement, Ecole Nationale Supérieure des Mines de Rabat, Rabat, Morocco",English,Conference paper,"Cited by: 1; Conference name: 7th Annual Conference on Industrial Engineering and Operations Management, IEOM 2017; Conference sponsors: ATTADAMOUNE MICRO - FINANCE; EATON  Powering Business world wide; informs; LINDO SYSTEMS INC; SIEMENS; Conference code: 135618; Conference date: 11 April 2017 through 13 April 2017",21698767,,scopus,,extendedclassificationofwasteinthehospitalsystem_2017,excluir
C054,Identification of patient requirements using Kano model and data mining,2017,,Proceedings of the International Conference on Industrial Engineering and Operations Management,"Background:Lean healthcare is one of new managing approaches putting the patient at the core of each change. The first step of Lean approach is to identify what the value is for the patient. In this perspective, this paper intends to identify requirements/expectations/needs of patient using Lean tools and then analyse results by data mining techniques for a better understanding of the patient perception of quality.Purpose:This paper represents an exploratory study to understand the perception of quality attributes within Moroccan public hospitals.Materials and methods This paper proposes an integrated methodology of lean healthcare and data mining in the aim of identifying patient's requirements. For that, a Kano-based questionnaire is firstly applied to identify patient needs. Then, questionnaire results are analysed using data mining tools to extract information.Results In the Moroccan context, the first priority concerns the availability of physicians and health products, reduction of waiting time and minimization of errors related to prescriptions and diagnostics. © IEOM Society International.",Data mining; Healthcare service; Kano model; Lean; Public hospital; Questionnaire,,"Industrial engineering Laboratory, MOSIL, ENSA, Ibn Tofail University, Kenitra, Morocco",English,Conference paper,"Cited by: 0; Conference name: 7th Annual Conference on Industrial Engineering and Operations Management, IEOM 2017; Conference sponsors: ATTADAMOUNE MICRO - FINANCE; EATON  Powering Business world wide; informs; LINDO SYSTEMS INC; SIEMENS; Conference code: 135618; Conference date: 11 April 2017 through 13 April 2017",21698767,,scopus,,identificationofpatientrequirementsusingkanomodelanddatamining_2017,excluir
C055,Improvement of Quality Management and Performance of the Non-profit Organization Providing Social and Health Care,2017,,PROCEEDINGS OF THE 4TH INTERNATIONAL CONFERENCE ON FINANCE AND ECONOMICS (ICFE 2017),"This work presents an integration of two different approaches towards raising the performance of non-profit organization providing social and health care : the traditional benchmarking method and lean healthcare. Both of these approaches are demonstrated in the practical part of this work. Benchmarking helps identify potential performance gaps between the Czech organization Hvezda, o. s., and its partner NO Landes-pflegeheim St. Polten Haus an der Traisen. The second part of a case study is based on lean healthcare principles applied within the Austrian organization. It focuses on a material flow optimization.",benchmarking; lean healthcare; material flow; non-profit organization; optimal order size; quality management; reorder point,,"Bris, P (Corresponding Author), Tomas Bata Univ Zlin, Nam TG Masaryka 5555, Zlin 76001, Czech Republic. Bris, Petr, Tomas Bata Univ Zlin, Nam TG Masaryka 5555, Zlin 76001, Czech Republic.",English,Proceedings Paper,,,Conference Proceedings Citation Index - Social Science &amp; Humanities (CPCI-SSH),wos,,improvementofqualitymanagementandperformanceofthenonprofitorganizationprovidingsocialandhealthcare_2017,excluir
C056,Improving workflows in a hospital through the application of lean thinking principles and simulation,2017,,"Proceedings of International Conference on Computers and Industrial Engineering, CIE","This paper focuses on the external consultation and internment services in a hospital from Northern Portugal. The main goal was to improve the patient and hospital technical assistant's flows at these services applying principles of Lean HealthCare, i.e., principles of Lean Thinking adapted to the health care services. Several problems were identified in these services. Examples are deficient information and signage, long queues, lengthy waiting times resulting from various service inefficiencies. In order to solve these problems, some proposals for improvement were made, using Lean tools such as kanban systems or Visual Management and other tools like simulation using Arena software. These proposals may lead to a better management of working time for technical assistants, shorter queues and waiting times, reduced travel for patients and technical assistants by avoiding overlapping of workflows.",Lean HealthCare; Lean Thinking; Lean tools; Simulation; Workflows,Computer software; Health care; Healthcare services; KANBAN system; Lean healthcare; Lean thinking; Lean thinking principles; Lean tools; Portugal; Simulation; Waiting time; Work-flows; Hospitals,"Centro ALGORITMI, School of Engineering, University of Minho, Guimarães, Portugal; Department of Production and Systems, School of Engineering, University of Minho, Guimarães, Portugal; Faculty of Engineering and Technologies, Lusíada University North Campus Vila Nova de Famalicão, Portugal",English,Conference paper,"Cited by: 5; Conference name: 47th International Conference on Computers and Industrial Engineering: How Digital Platforms and Industrial Engineering are Transforming Industry and Services, CIE 2017; Conference sponsors: ; Conference code: 133146; Conference date: 11 October 2017 through 13 October 2017",21648689,,scopus,,improvingworkflowsinahospitalthroughtheapplicationofleanthinkingprinciplesandsimulation_2017,excluir
C057,"LEAN SIX SIGMA THINKING IN PUBLIC HEALTH: A TRANSFRONTIER INITIATIVE FOR THE DEVELOPMENT OF INDIVIDUAL AND ORGANIZATIONAL COMPETENCIES FOR MANAGERS, CLINICIANS AND PROFESSIONALS",2017,,"10TH INTERNATIONAL CONFERENCE OF EDUCATION, RESEARCH AND INNOVATION (ICERI2017)","In the era of hypermodernity, the rise of a process improvement based on Lean Six Sigma techniques presents a new challenge for the public health managers, clinicians and professionals. Our aim is to present ``transfrontier'' learning as one of the effective case- and country-specific options towards implementing Lean Six Sigma methods and tools in the public health sector. Lean Six Sigma is a management fashion (discourse, theory and practice), and a technique for strategic process improvement which aims to improve quality, reducing waste, and disseminating performativity. The roots of Lean Management can be found in the Japanese ``Toyota production System/Toyota Management System'' (5S, Kaizen, Poka Yoke, Kanban, etc.), being rearticulated later by scholars. Primarily used in the manufacturing context, Lean Management becomes to be popular in the healthcare domain in the 1990s, and recently developed as an innovation in the public sector. Like other parts of the world, Belgium and the province of Quebec (Canada) are currently exploring multilevel relationships between Lean Management and Six Sigma, enabling a strategic climate to outcomes, and implying changes in the values of the public health management domain. For Belgian and Quebecer public health managers and professionals, Lean Six Sigma (LSS) is a significant threat in to adapt to its negative effects on human health. Faced with such LSS implied changes, preparedness is crucial in public health. Two key messages are here highlighted: (1) a ``transfrontier'' strategic vision of LSS principles learning is needed. We cannot satisfy ourselves with sectorial (local) approaches in implementing and developing individual and organizational competencies in LSS; (2) a sustained effort to gather our results related to LSS thinking implementation and learning, and to educate public health managers, clinicians and professionals is crucial to promote an effective organizational change.",Lean Six Sigma; Public Health; Public Health Lean; Collective Competencies; Transfrontier Education,,"Lapaige, V (Corresponding Author), Univ Laval, Quebec City, PQ, Canada. Lapaige, V., Univ Laval, Quebec City, PQ, Canada.",English,Proceedings Paper,,2340-1095,Conference Proceedings Citation Index - Social Science &amp; Humanities (CPCI-SSH),wos,,leansixsigmathinkinginpublichealthatransfrontierinitiativeforthedevelopmentofindividualandorganizationalcompetenciesformanagerscliniciansandprofessionals_2017,excluir
C058,Lean healthcare as a tool for improvement: A case study in a clinical laboratory,2017,10.1007/978-3-319-41652-6_13,Advances in Intelligent Systems and Computing,"In the current days the health services area presents difficulties in managing processes and staff. High costs, long queues, few qualified professionals, poor services quality and other growing problems in the population’s access to health services. Great part of these difficulties comes from waste in services management and these represent a problem to be solved. Mapping the management processes is a priority involving the services provided by the sector. This paper aims to conduct a study on Lean Healthcare in a clinical laboratory in order to improve its processes management. As a result, it develops a discussion guided by practical results and difficulties from the point of view of concepts of human, quality and process optimization factors, emphasizing also the variable social system under study. Application steps are presented, such as value stream process mapping and improvement opportunities. © Springer International Publishing Switzerland 2017.",Health services; Lean healthcare; Quality management,Clinical laboratories; Health; Health care; Human engineering; Mapping; Optimization; Quality management; Waste management; Health services; High costs; Management process; Process mapping; Services management; Services quality; Social systems; Value streams; Ergonomics,"Centro Universitario Salesiano de São Paulo, UNISAL Lorena, Lorena, São Paulo, Brazil; Engineering School of Lorena, University of São Paulo, Lorena, São Paulo, Brazil",English,Conference paper | Proceedings Paper,"Cited by: 12; Conference name: International Conference on Human Factors and Ergonomics in Healthcare, 2016; Conference sponsors: ; Conference code: 180439; Conference date: 27 July 2016 through 31 July 2016",21945357,Conference Proceedings Citation Index - Science (CPCI-S),scopus+wos,10.1007/978-3-319-41652-6_13,leanhealthcareasatoolforimprovementacasestudyinaclinicallaboratory_2017,excluir
C059,The impact of lean in medical laboratory industry: Empirical studies in Namibia,2017,,Lecture Notes in Engineering and Computer Science,"Lean has been known to be very influential to improving performance in the manufacturing industry. However, studies on the impact of lean on the medical laboratory industry are limited, particularly in a developing economy. The purpose of this research was to evaluate the impact of the adoption of lean tools in the medical laboratory services in Namibia. First, a suitable set of performance criteria are identified for evaluating the impact of lean in a medical laboratory industry setting. Second, the impact of lean adoption is evaluated. Third, managerial implications are derived from the findings. The study evaluated the impact of lean adoption based on a set of identified measures, quality improvement, operational performance, turnaround time, customer satisfaction, market share, employee motivation, cost reduction, and reduced waste. Quality improvement was found to be the most realized impact of lean implementation in more than 85 % of the laboratories. Finally, this research study presents strategies that can be considered for effective lean transformation in the medical laboratory industry. © Copyright International Association of Engineers.",Lean; Lean healthcare; Lean tools; Medical laboratory industry; Namibia,Clinical laboratories; Competition; Cost reduction; Customer satisfaction; Lean; Lean tools; Managerial implications; Manufacturing industries; Medical laboratories; Namibia; Operational performance; Performance criterion; Quality control,"Faculty of Engineering, Namibia University of Science and Technology, Namibia; Department of Quality and Operations Management, University of Johannesburg, South Africa; Department of Mechanical and Marine Engineering, Namibia University of Science and Technology, Windhoek, Namibia; Namibia Institute of Pathology, Namibia",English,Conference paper | Proceedings Paper,"Cited by: 4; Conference name: 2017 World Congress on Engineering and Computer Science, WCECS 2017; Conference sponsors: ; Conference code: 136514; Conference date: 25 October 2017 through 27 October 2017",20780958,Conference Proceedings Citation Index - Science (CPCI-S),scopus+wos,,theimpactofleaninmedicallaboratoryindustryempiricalstudiesinnamibia_2017,excluir
C060,The value stream mapping in hospital: The case of emergency department,2017,,Proceedings of the 29th International Business Information Management Association Conference - Education Excellence and Innovation Management through Vision 2020: From Regional Development Sustainability to Global Economic Growth,"Value-stream mapping, a tool of lean thinking, is integral to any application of lean in the healthcare setting. Practical guides exist on how to map process flow, collect data for value-stream mapping, and how to draw and use a value-stream map of many applications for making improvements in healthcare. However, a specific methodology for how hospitals organize collected data towards creating an accurate, and relevant value-stream map of overall patient flow, was not clear from any of the works we encountered during our literature review, requiring us to design our own method. Value-stream mapping overall patient flow is possible, even in a department experiencing wide variation in terms of process flow, such as the Emergency Department, although major challenges exist. Accuracy in the attribution of time required for value-quotient calculations within the process boxes, and retention of the relevance of data in the design of process boxes due wide variation of process flow. This paper describes how to present Emergency Department patient flow as a value-stream map and shares our methodology for defining process boxes for relevant illustration of information, and the attribution of time within the process boxes required for accurate value-quotient calculations.",Lean emergency department; Lean health care; Lean thinking; Lean tools; Value-stream mapping,Economics; Emergency rooms; Health care; Hospitals; Information management; Innovation; Mapping; Regional planning; Sustainable development; Value engineering; Emergency departments; Lean health care; Lean thinking; Lean tools; Value stream mapping; Economic analysis,"Sultan Qaboos University, Oman",English,Conference paper | Proceedings Paper,Cited by: 2; Conference name: 29th International Business Information Management Association Conference - Education Excellence and Innovation Management through Vision 2020: From Regional Development Sustainability to Global Economic Growth; Conference sponsors: ; Conference code: 129797; Conference date: 3 May 2017 through 4 May 2017,,Conference Proceedings Citation Index - Social Science &amp; Humanities (CPCI-SSH),scopus+wos,,thevaluestreammappinginhospitalthecaseofemergencydepartment_2017,excluir
C061,A Conceptual Framework to Support Discovering of Patients' Pathways as Operational Process Charts,2018,10.1109/aiccsa.2018.8612822,"Proceedings of IEEE/ACS International Conference on Computer Systems and Applications, AICCSA","To offer high quality services to patients, hospitals try to get a perception of patients' processes. This research work aims at identifying a type of processes known as patients' pathways and to devise a framework which could support the task of discovering patients' pathways. Existing modeling languages for discovering patients' processes fail at extracting the value and nature of each activity relevant to the whole process. To fill the identified gap, this paper uses a new approach for visualizing patients' pathways as Operational Process Charts (OPC). To do so, Real-Time Location Systems (RTLS) have been used to extract the primary event logs which contain the data related to movements of patients. Next, we have designed a meta-model which can filter and analyze the RTLS event logs and identify the different elements for the construction of OPC's. This paper focuses on presenting the DIAG meta-model for interpretation of event logs and the transformation of these data into opc's. © 2018 IEEE.",Lean Management; Operation Process Charts; Patients' pathways; Process Mining; Real-Time Location Systems,Flowcharting; Metadata; Real time systems; Event logs; Lean management; Meta model; Metamodeling; Operation process; Operation process chart; Operational process; Patient' pathway; Process mining; Real time location systems; Modeling languages,"Industrial Engineering Center of IMT Mines Albi, University of Toulouse, Albi, 81000, France; Maple High Tech, Toulouse, 31100, France",English,Conference paper | Proceedings Paper,"Cited by: 11; Conference name: 15th IEEE/ACS International Conference on Computer Systems and Applications, AICCSA 2018; Conference sponsors: ; Conference code: 144442; Conference date: 28 October 2018 through 1 November 2018",21615322,Conference Proceedings Citation Index - Science (CPCI-S),scopus+wos,10.1109/aiccsa.2018.8612822,aconceptualframeworktosupportdiscoveringofpatientspathwaysasoperationalprocesscharts_2018,excluir
C062,A process improvement study in an emergency department using lean methodology,2018,,Proceedings of the International Conference on Industrial Engineering and Operations Management,"Lean thinking is one of the most modern and well-established methodologies which provide an effective structure to improve the performance of production and service processes including healthcare systems. The objective of this study is to minimize the length of stay (LOS) of patients at the Emergency Department (ED) by using the principles of lean production, and thus to increase the satisfaction of patients and medical staff. Process improvement methodology and tools were applied in parallel with lean principles to detect the critical quality factors affecting LOS, and to seek non-value added activities in the emergency service processes. Moreover, other tools of Lean- Kaizen such as fishbone diagram, brainstorming, and VSM are used to analyze the root causes of waste and propose the improvements. Appropriate improvements were generated based on lean philosophy coupled with a simulation model. © IEOM Society International.",Emergency department; Healthcare; Kaizen; Lean thinking; Simulation; Value stream mapping,,"Department of Industrial Engineering, University of Benghazi, Benghazi, Libyan Arab Jamahiriya; School of Engineering, Nazarbayev University, Astana, Kazakhstan; Department of Industrial Engineering, American University of the Middle East, Dasman, Kuwait",English,Conference paper,Cited by: 3; Conference name: 2nd European International Conference on Industrial Engineering and Operations Management.IEOM 2018; Conference sponsors: ARTS ET METIERS ParisTech; Fraunhofer AUSTRIA; IESEG SCHOOL OF MANAGEMENT; Igipm Laboratoire de genie Industriel et de production de Metz; TECHNISCHE UNIVERSITAT WIEN; Conference location: null; Conference code: 140538; Conference date: 26 July 2018 through 27 July 2018,21698767,,scopus,,aprocessimprovementstudyinanemergencydepartmentusingleanmethodology_2018,excluir
C063,APPLYING LEAN THINKING TO HEALTHCARE SETTING: HOW TO IMPROVE RADIOLOGY TURNAROUND TIMES FOR EMERGENCY DEPARTMENT,2018,,"11TH INTERNATIONAL CONFERENCE OF EDUCATION, RESEARCH AND INNOVATION (ICERI2018)","The current study focuses on an application of lean thinking to the healthcare context, illustrating organizational aspects, phases and activities of the applied methodology, tools and procedures, and the achieved outcomes, with the final aim to highlight the key factors enabling the adoption of lean thinking in this context. In particular, this study reports how, applying lean management principles and techniques, radiology turnaround times for Emergency Department can be significantly reduced, contributing to enhance the quality of care delivered to the patient; moreover, staff communication, involvement and process awareness can be favored.",Lean management; healthcare; emergency department; key factors,MANAGEMENT,"Verbano, C (Corresponding Author), Univ Padua, Padua, Italy. Verbano, C.; Crema, M., Univ Padua, Padua, Italy.",English,Proceedings Paper,,2340-1095,Conference Proceedings Citation Index - Social Science &amp; Humanities (CPCI-SSH),wos,,applyingleanthinkingtohealthcaresettinghowtoimproveradiologyturnaroundtimesforemergencydepartment_2018,excluir
C064,Application of Lean Principles in Hospitals: A Process Design in an Emergency Department,2018,10.1007/978-3-319-71225-3_23,INDUSTRIAL ENGINEERING IN THE INDUSTRY 4.0 ERA,"This study aims to apply lean thinking to the Emergency Department of Kocaeli University Education and Research Hospital. From analyzing to designing the improved system, lean techniques are adopted in order to reduce waste compared to the current system and to make the process continuous. Although lean defines wastes in the process, it does not indicate which wastes should be eliminated primarily. At this point, Arena simulation software program is used. To compare the current and simulated systems, the length of stay of patients in the Emergency Department is selected as the main quality measurement. According to Arena outcomes, the main bottlenecks are identified and then suggested improvements are implemented in the newly designed system with lean approaches. To determine the effects of the improvement, Arena is run again to see whether or not there is a significant difference. Taking into account these considerations, the Arena simulation program helped the application of lean tools in redesigning the Emergency Department process.",Lean; Hospital; ED; Arena; Simulation,IMPLEMENTATION; SIMULATION; HEALTH,"Akdag, HC (Corresponding Author), Istanbul Tech Univ, Management Fac, Management Engn Dept, Istanbul, Turkey. Akdag, Hatice Camgoz; Kaya, Cansu Ozge; Savuran, Gizem, Istanbul Tech Univ, Management Fac, Management Engn Dept, Istanbul, Turkey. Canturk, Nuh Zafer, Kocaeli Univ Training & Res Hosp, Eski Istanbul Yolu 10 Km, TR-41380 Izmit, Turkey.",English,Proceedings Paper,,2198-0772,Conference Proceedings Citation Index - Science (CPCI-S),wos,10.1007/978-3-319-71225-3_23,applicationofleanprinciplesinhospitalsaprocessdesigninanemergencydepartment_2018,excluir
C065,Approaches to Optimize and Innovate the Policies of Poverty-relief Medical Insurance Mechanism for Impoverished Population -A Case Study of Hebei Province,2018,,PROCEEDINGS OF THE 2018 4TH INTERNATIONAL CONFERENCE ON SOCIAL SCIENCE AND HIGHER EDUCATION (ICSSHE 2018),"Currently, the bottleneck in the targeted poverty alleviation is the poverty due to illness or the return to poverty owing to illness. As a result, Hebei Province in August of 2016 issued Implementation Program (Trial) of Improving the Medical Assistance to Impoverished Population to Prevent Poverty Due to Illness. This article analyzes the ``triple guarantee'' system for the impoverished population in Hebei Province by exploring the expense-control, system design, reimbursement mechanism, service mechanism, guarantee system, and financial aid mechanism and discovers the five problems: single-channel financing, lack of guarantee for the potential impoverished population, inadequate prevention prior to illness, the incompetent role of commercial medical insurance, and the details of implementation. Guided by the spirit of 19th Party Congress- ``lengthen the short plate and strengthen the weak points'', this paper proposes the approaches to optimize the medical security of the impoverished population in Hebei Province: broaden the financing channels, improve the stability and sustainability of the poverty-relief fund for medical insurance, expand the population enjoying medical security, recognize the potentially poor population and offer assistance, design competent system for the health service and disease prevention of the impoverished population, perfect the security system to bring the role of commercial insurance into full play, conduct lean management by formulating policy details so as to render the policy easily recognized.",medical security; impoverished population; policy innovation; approaches of optimization,HEALTH-CARE,"Feng, HF (Corresponding Author), Hebei Univ Econ & Business, Sch Publ Adm, 47 Xuefu Rd, Shijiazhuang 050061, Hebei, Peoples R China. Feng, Haifang, Hebei Univ Econ & Business, Sch Publ Adm, 47 Xuefu Rd, Shijiazhuang 050061, Hebei, Peoples R China. Ye, Jinguo, Hebei Univ Econ & Business, Cooperat Innovat Ctr Rule Virtue & Rule Law Socia, 47 Xuefu Rd, Shijiazhuang 050061, Hebei, Peoples R China.",English,Proceedings Paper,,2352-5398,Conference Proceedings Citation Index - Social Science &amp; Humanities (CPCI-SSH),wos,,approachestooptimizeandinnovatethepoliciesofpovertyreliefmedicalinsurancemechanismforimpoverishedpopulationacasestudyofhebeiprovince_2018,excluir
C066,Combining Industry 4.0 with Lean Healthcare to Optimize Operational Performance of Sri Lankan Healthcare Industry,2018,10.1109/poms.2018.8629460,"2018 International Conference on Production and Operations Management Society, POMS 2018","Healthcare is one of the industries that requires the highest quality services for the wellbeing of the society. Today, the demand for healthcare growing rapidly with increasing aging population, rapid urbanization, changing diets, inactive lifestyles and rising obesity levels. The Industry 4.0 technologies and lean techniques can be used to enhance the operational performance of the healthcare supply chain and the patient flow. This paper examines the factors contributing for the inefficiencies in Sri Lankan Healthcare sector and how the operational performance can be optimized through premedical diagnosis of diseases by incorporating Industry 4.0 technologies and lean techniques. Based on a systematic review of literature and feedback of healthcare professionals, the paper identifies the inefficiencies in the current healthcare system. A conceptual framework has been developed by considering the direct impacts from lean management practices and Industry 4.0 technologies on improving operational performance through pre-medical diagnosis of diseases.Thus, patients can take preventive actions and be more health conscious while the healthcare providers and other related parties can plan their medical services and supporting services for arising health requirements making the healthcare industry much more efficient. © 2018 IEEE.",Healthcare; Industry 40; Lean Management; Operational Performance; Pre-medical diagnosis of diseases,Health care; Industry 4.0; Lean production; Supply chains; Diagnoses of disease; Healthcare; Healthcare industry; High quality service; Industry 40; Lean management; Lean techniques; Operational performance; Pre-medical diagnose of disease; Wellbeing; Diagnosis,"Department of Industrial Management, University of Kelaniya, Dalugama, Sri Lanka",English,Conference paper | Proceedings Paper,"Cited by: 21; Conference name: 2018 International Conference on Production and Operations Management Society, POMS 2018; Conference sponsors: Ceylex Engineering Pvt. Ltd; Dassault Systemes; John Keells Logistics; MAS; Noritake; Selma Technologies (Pvt) Ltd; Conference code: 144744; Conference date: 14 December 2018 through 16 December 2018",,Conference Proceedings Citation Index - Science (CPCI-S),scopus+wos,10.1109/poms.2018.8629460,combiningindustry40withleanhealthcaretooptimizeoperationalperformanceofsrilankanhealthcareindustry_2018,excluir
C067,Critical factors of lean healthcare: An overview,2018,10.1145/3242789.3242837,ACM International Conference Proceeding Series,"Efficiency is a main goal in healthcare because it has an impact on safety, quality and waste reduction. To increase efficiency, hospitals and laboratories around the world have implemented Lean Healthcare (LH) in their processes. Reports of case studies, critical factors and benefits have been increased in literature. However, the recent scientific literature review addressing the evolution of LH, the status of critical factors and its impact on healthcare is scarce. Therefore, this paper is intended to provide insights of the LH phenomenon and its evolution in recent years by: (1) examining critical success factors of LH and (2) outlining LH benefit patterns. A total of 218 papers were included in a review of the literature following an adaptation of PRISMA methodology from 2002 to 2016. Ten critical success factors (CSFs) of LH implementation were identified and described. © 2018 Copyright is held by the owner/author(s). Publication rights licensed to ACM.",Critical Success Factors; Healthcare Management; Lean Healthcare,Efficiency; Case-studies; Critical factors; Critical success factor; Health-care managements; Scientific literature; Waste reduction; Health care,"Universidad Autónoma de Baja California, Carr. Ensenada-Tijuana 3917, Ensenada, Mexico",English,Conference paper | Proceedings Paper,"Cited by: 8; Conference name: 2018 International Conference on Healthcare Service Managemen, ICHSM 2018; Conference sponsors: University of Tsukuba, Graduate School of Library, Information, and Media Studies; Conference code: 140220; Conference date: 8 June 2018 through 10 June 2018",,Conference Proceedings Citation Index - Science (CPCI-S),scopus+wos,10.1145/3242789.3242837,criticalfactorsofleanhealthcareanoverview_2018,excluir
C068,How to improve the patient flow process in outpatient services of a hospital: A problem structuring and lean management approach,2018,,Proceedings of the International Conference on Industrial Engineering and Operations Management,"Background - Outpatient services in oncology wards have become a central point in cancer patients' treatment, who may experience long waiting times from the moment they enter the hospital until the end of the day treatment. Objective - The aim of this research paper is to assess the treatment process (activities and actors) of an outpatient service in order to improve the patient flow. Method - The study was conducted in the outpatient service of an oncology hospital to identify all elements relative to the patient flow process. Data was extracted and structured following problem structuring methods through interviews and observations. First, the decision context was assessed through the development of a cross-functional diagram. Then, a value stream mapping was developed, based on lean technics, to identify wastes and bottlenecks in the different treatment activities. Results - The first part of the analysis presents and links the five steps of the treatment process (check-in, doctor's appointment, treatment prescription, pre-treatment and treatment) with the four medical actors (receptionists, doctors, pharmacists and nurses). Different care pathways were identified. Then, value stream mapping shows how each activity influences the treatment process and thus impacts patient waiting time. Conclusion - The application of problem structuring methods in conjunction with lean management can improve the patient flow in outpatient services. Results of this study will be used for future work on decision making analysis. © IEOM Society International.",Lean management; Outpatient service; Patient flow; Problem structuring,,"Management Department, IESEG, School of Management, LEM-CNRS (UMR 9221), Lille, France; ICN Business School, CEREFIGE, Nancy, France; Audencia Business School, Nantes, France",English,Conference paper,Cited by: 0; Conference name: 2nd European International Conference on Industrial Engineering and Operations Management.IEOM 2018; Conference sponsors: ARTS ET METIERS ParisTech; Fraunhofer AUSTRIA; IESEG SCHOOL OF MANAGEMENT; Igipm Laboratoire de genie Industriel et de production de Metz; TECHNISCHE UNIVERSITAT WIEN; Conference location: null; Conference code: 140538; Conference date: 26 July 2018 through 27 July 2018,21698767,,scopus,,howtoimprovethepatientflowprocessinoutpatientservicesofahospitalaproblemstructuringandleanmanagementapproach_2018,excluir
C069,LEAN SIX SIGMA: STATE OF THE ART AND FUTURE DEVELOPMENTS IN HEALTHCARE,2018,,"11TH INTERNATIONAL CONFERENCE OF EDUCATION, RESEARCH AND INNOVATION (ICERI2018)","Purpose: The paper aims at investigating the adoption of Lean Six Sigma (LSS) in healthcare, grasping the state of the art and the level of the knowledge in this topic. Methodology: A systematic literature review was performed following a detailed review protocol created to select and study the papers interesting for the theme. A descriptive analysis of the selected database was conducted, investigating the country of origin, the year of publication, the journal, the research method. The content analysis was performed to synthesize the objectives, the field of application, the adopted tools and techniques, the results, the limitations of the LSS projects and their potential future elements to be considered and improved. Moreover, the authors caught the obstacles, the team building, and the timing of the projects reported in the papers. Findings: Most of the 43 selected papers are published in journals indexed in Scopus and in PubMed. Half of them regard publication outlets indexed in Web of Science. Moreover, the papers come mostly from USA and from Europe and they were published mainly in ``Quality Management in Health Care''. The papers are classified into: 5 systematic literature reviews, 1 grey literature review, 4 conceptual papers, 1 opinion paper, a paper with model conceptualization and 32 empirical papers. The projects of LSS reported in the extracted literature were performed mostly in emergency medicine, but there are also projects regarding the improvement of support processes. A multidisciplinary team is usually defined and trained at the beginning of the project. At least one LSS expert employed inside or outside the healthcare organization trains the trainers of the future through an initial training session and coaching the team during the project. Different tools and techniques were adopted, mainly using the cycle of Define-Measure-Analyse-Improve-Control (DMAIC), in order to pursue and obtain different types of performances, concerning the healthcare efficiency and the improvement of clinical quality. Staff development (in terms of improved performance and staff empowerment), and enhanced communication between staff and patients or among healthcare staff come out as additional positive effects of LSS, not explicitly defined in the project objectives. Moreover, the results of the content analysis demonstrate that LSS projects are usually implemented within 6 months, but the assessments of patient and staff satisfaction are neglected in the literature and hence they deserve more attention in future projects. Implication/ value: Even if the application of LSS has to be customized to the specific healthcare context, the diffusion of LSS experiences is fundamental to trigger the realization of other projects in the same or in different healthcare settings. The research provides academics and practitioners with the key factors that define successful LSS projects, reducing wastes and variability of processes and improving quality in healthcare.",lean management; healthcare; lean six-sigma; literature review,QUALITY IMPROVEMENT; TIME,"Crema, M (Corresponding Author), Univ Padua, Padua, Italy. Crema, M.; Verbano, C., Univ Padua, Padua, Italy.",English,Proceedings Paper,,2340-1095,Conference Proceedings Citation Index - Social Science &amp; Humanities (CPCI-SSH),wos,,leansixsigmastateoftheartandfuturedevelopmentsinhealthcare_2018,excluir
C070,Liver Tumor Ablation Enhancement by Lean Concept,2018,10.1109/cancercare.2018.8618254,"Proceedings - 2018 1st International Conference on Cancer Care Informatics, CCI 2018","Patient suffering from Liver Tumors are facing a lot of difficulties and challenges starting from day one of admission till leaving the hospital. Liver tumor ablation by minimal invasive treatment is done by radio frequency ablation and the process of this technique take several stages. Therefore, applying lean methodology thinking helps cancer patient in his treatment with delivery of therapy without any delay time, minimizing process complications, and eliminating unnecessary steps. Thus, by applying Lean concept and Fish Bone Cause Effect study we can decrease the Liver Tumor Ablation process from 8 days to one day, save hospital time so more patients can be treated, saving cost and Intensive Care Unit bed availability. © 2018 IEEE.",Cancer Care Informatics; Lean Methodology; Lean Thinking; Liver Cancer; Liver tumor; Radio Frequency Ablation,Ablation; Diseases; Medical informatics; Patient treatment; Radio waves; Tumors; Cancer care informatic; Informatics; Lean concepts; Lean methodology; Lean thinking; Liver cancers; Liver tumors; Patient's suffering; Radiofrequency ablation; Tumour ablation; Intensive care units,"Islamic University of Lebanon, Lebanon",English,Conference paper | Proceedings Paper,"Cited by: 0; Conference name: 1st International Conference on Cancer Care Informatics, CCI 2018; Conference sponsors: Abbott; et al.; Fursan; Lean Gene; Noor Al-Sabah Co. (NSC); Qiagen; Conference code: 144482; Conference date: 19 November 2018 through 21 November 2018",,Conference Proceedings Citation Index - Science (CPCI-S),scopus+wos,10.1109/cancercare.2018.8618254,livertumorablationenhancementbyleanconcept_2018,excluir
C071,"Management style, focus and purpose in development of lean in university hospital",2018,10.1007/978-3-319-60372-8_6,Advances in Intelligent Systems and Computing,"Today’s rapid turmoil in economy caused by globalization and changes in world, has forced, leaders and managers in public institutions as well as private organizations to adapt and change their organizations’ cultures with their own management systems and styles. Different situational management theories and approaches are scrutinized in this study. Literature review focuses on management styles. This paper investigates classic approaches, management boundary conditions and possibilities that these approaches can give to leaders and managers. The ontology for management style was created in this study, and gives the preliminary frame for university hospital leaders when inspecting possibility to move to Lean management. This article points out to future research needs. © Springer International Publishing AG 2018.",Focus; Lean; Management; Ontology; Purpose; Style,Focusing; Human engineering; Management; Managers; Ontology; Societies and institutions; Lean; Literature reviews; Management systems; Management theory; Private organizations; Public institution; Purpose; Style; Hospitals,"Turku University of Applied Sciences, Turku, Finland; Tampere University of Technology, Tampere, Finland; Turku University Hospital, University of Turku, Turku, Finland",English,Conference paper | Proceedings Paper,"Cited by: 1; Conference name: AHFE 2017 International Conferences on Human Factors in Management and Leadership, and Business Management and Society, 2017; Conference sponsors: ; Conference code: 199499; Conference date: 17 July 2017 through 21 July 2017",21945357,Conference Proceedings Citation Index - Science (CPCI-S); Conference Proceedings Citation Index - Social Science &amp; Humanities (CPCI-SSH),scopus+wos,10.1007/978-3-319-60372-8_6,managementstylefocusandpurposeindevelopmentofleaninuniversityhospital_2018,excluir
C072,New Approaches and Trends in Health Care,2018,10.1016/j.promfg.2018.03.135,Procedia Manufacturing,"Background: Over the years a variety of process improvement methodologies have been proposed for health care delivery and Lean healthcare is one such method. The aim of this paper is to provide a review of the existing literature on Lean health care. It seeks to describe how this concept has being applied and to assess how trends and methods of approach in Lean health care have evolved over the years. The objective is to demonstrate the scientific knowledge developed on Lean thinking in health care. Design/methodology/approach: Health care systems have begun to employ Lean methods, with reports of improvements appeared in the literature. The paper surveys the applications of Lean health care in the current literature by presenting the success stories and limitations of Lean production in various health care organizations. We start from the key concepts of Lean thinking and how these concepts can be applied in the health care environment. Findings: Lean health care is a novel approach to deliver improved care services to patients, and we believe that some branches like emergency medicine, drug dispensing process in the health care sector can achieve high level of success by using this approach. It appears that there is an agreement about the potential of lean health care, but before large-scale implementation it is necessary to evaluate the true ability of Lean interventions to improve healthcare delivery. It still remains a challenge for specialists in the field to evaluate lean health care under a critical perspective. © 2018 The Authors. Published by Elsevier B.V.",emergency department; lean health care; lean manufacturing; lean thinking,,"University of Medicine and Pharmacy, 38 Gheorghe Marinescu street, Tirgu Mures, 540139, Romania",English,Conference paper | Proceedings Paper,"Cited by: 24; Conference name: 11th International Conference on Interdisciplinarity in Engineering, INTER-ENG 2017; Conference sponsors: ; Conference code: 137295; Conference date: 5 October 2017 through 6 October 2017; All Open Access; Gold Open Access",23519789,Conference Proceedings Citation Index - Science (CPCI-S),scopus+wos,10.1016/j.promfg.2018.03.135,newapproachesandtrendsinhealthcare_2018,excluir
C073,Reduce turnaround time through waste elimination,2018,,Proceedings of the International Conference on Industrial Engineering and Operations Management,"According to the NHS Confederation (2012), ""It's not good to be a patient stuck on an ambulance trolley in a corridor, but the patients at risk are the road traffic accidents or heart attacks still waiting for the ambulance service to respond"". Ambulance Turnaround time is a measure of particular interest in the performance of Emergency Medical Systems (EMS). It determines the degree of coordination and communication with the health institutions where each patient will receive his final treatment. Its value is key in the determination of the ambulance capacity of the operations system of an EMS institution. Long turnaround times decreases the availability of ambulances for future services and furthermore, it increases ambulance response times and patient's health risk. This work is about applying an improvement approach based on Lean Thinking for reducing ambulance turnaround time in the EMS operations of the Red Cross located in metropolitan Monterrey, Mexico. Results of the application are provided. © IEOM Society International.",Ambulance turnaround time; Bottleneck; Emergency operations; Waste reduction,,"Universidad de Monterrey, San Pedro Garza García, N.L., 66238, Mexico; Derby Business School, The University of Derby, Derby, DE22 1GB, United Kingdom",English,Conference paper,"Cited by: 0; Conference name: 8th International Conference on Industrial Engineering and Operations Management, IEOM 2018; Conference sponsors: Eaton; INFORMS (Institute for Operations Research and Management Sciences); Siemens; Conference code: 138293; Conference date: 6 March 2018 through 8 March 2018",21698767,,scopus,,reduceturnaroundtimethroughwasteelimination_2018,excluir
C074,Strategies for the development of telemedicine consultation: Lean management theory perspective,2018,10.1109/icimp1.2018.8325837,"2018 International Conference on Information Management and Processing, ICIMP 2018","The telemedicine consultation has broken the geographical restriction and promoted the subsidence of quality medical resources. In this way, patients can receive high level medical services from the experts at the primary hospital. The article introduces the idea of lean management into the telemedicine consultation, to analyze the phenomenon of wasteful resources in the existing telemedicine consultation, improves the consultation and the consultation efficiency, improves the patient satisfaction with the method and principle of lean thinking. © 2018 IEEE.",Lean management; Lean thinking; Telemedicine consultation,Information management; Lean production; Planning; Lean management; Lean thinking; Medical services; Patient satisfaction; Telemedicine,"School of management engineering, Zhengzhou University, Zhngzhou, China",English,Conference paper | Proceedings Paper,"Cited by: 2; Conference name: 2018 International Conference on Information Management and Processing, ICIMP 2018; Conference sponsors: ; Conference code: 135597; Conference date: 12 January 2018 through 14 January 2018",,Conference Proceedings Citation Index - Science (CPCI-S),scopus+wos,10.1109/icimp1.2018.8325837,strategiesforthedevelopmentoftelemedicineconsultationleanmanagementtheoryperspective_2018,excluir
C075,The effect of poka-yoke implementation on intravenous medication error in hospital inpatient pharmacy,2018,,IISE Annual Conference and Expo 2018,"Pharmaceutical products are one of the critical elements of the healthcare industry because of the significant role they play in the rising costs of this sector. One of the principal contributors to such costs is intravenous medication error in hospital inpatient pharmacies. With regards to intravenous drugs, error is mainly related to preparation and administration. Lean thinking has been utilized in healthcare for the elimination of error and waste. One reason for significant drug error in hospitals is staff errors while working. Poka-yoke is a lean methodology which prevents staff members from making errors by creating a visual or signal to show a characteristic state. In this work, the effect of poka-yoke on errors related to intravenous medications in a case study is examined. Then, after detecting them, recommendations are made to prevent those which can lead to cost and trauma. © 2018 Institute of Industrial Engineers (IIE). All rights reserved.",Cost; Error; Hospital inpatient pharmacy; Human error prevention; Intravenous medication error; Poka-Yoke,Costs; Health care; Hospitals; Critical elements; Healthcare industry; Human error preventions; Lean thinking; Medication errors; Pharmaceutical products; Poka-Yoke; Staff members; Errors,"Texas Tech University, Lubbock, TX, United States; South Tehran Azad University, Tehran, Iran",English,Conference paper,"Cited by: 3; Conference name: 2018 Institute of Industrial and Systems Engineers Annual Conference and Expo, IISE 2018; Conference sponsors: Society for Engineering and Management Systems (SEMS) of the Institute of Industrial and Systems Engineers (IISE); Conference code: 138867; Conference date: 19 May 2018 through 22 May 2018",,,scopus,,theeffectofpokayokeimplementationonintravenousmedicationerrorinhospitalinpatientpharmacy_2018,excluir
C076,Towards a Framework for Quality Measurement in a Tertiary Care Hospital: The Case of King Hussein Cancer Center,2018,10.1109/cancercare.2018.8618256,"Proceedings - 2018 1st International Conference on Cancer Care Informatics, CCI 2018","Following the famous institute of medicine report To Err is Human the healthcare policy makers sensed an urging need to introduce and implement quality and patient safety strategies in the US and worldwide. In response to that wave the importance of quality measurement was magnified in the light of »You cannot improve what you cannot measure». In this work we present the experience of King Hussein Cancer Center KHCC in developing and implementing an institutional approach toward quality measurement. This approach is supported by real life examples to improvement initiatives that were supported by data along the way. We also illustrated the managerial framework KHCC adopted in terms of leadership support, stakeholders engagement and patient centrality. © 2018 IEEE.",Cancer; Cancer Care Informatics; Key performance indicators; Lean management; Maturity model; Quality improvement; Quality measurement,Diseases; Medical informatics; Cancer; Cancer care informatic; Informatics; Key performance indicators; Lean management; Maturity model; Policy makers; Quality improvement; Quality measurements; Tertiary cares; Benchmarking,"King Hussein Cancer Center, Amman, Jordan",English,Conference paper | Proceedings Paper,"Cited by: 0; Conference name: 1st International Conference on Cancer Care Informatics, CCI 2018; Conference sponsors: Abbott; et al.; Fursan; Lean Gene; Noor Al-Sabah Co. (NSC); Qiagen; Conference code: 144482; Conference date: 19 November 2018 through 21 November 2018",,Conference Proceedings Citation Index - Science (CPCI-S),scopus+wos,10.1109/cancercare.2018.8618256,towardsaframeworkforqualitymeasurementinatertiarycarehospitalthecaseofkinghusseincancercenter_2018,excluir
C077,"Utilizing Lean Management Techniques to Improve Head CT Scan Turnaround Time of Ischemic Stroke Patients in the Emergency Department of Dr. Mohammad Hoesin Hospital, Palembang",2018,10.18502/kls.v4i9.3581,2ND INTERNATIONAL CONFERENCE ON HOSPITAL ADMINISTRATION (THE 2ND ICHA),"Stroke is the most common neurological problem encountered in an emergency department. The management of acute stroke in an emergency department in South Sumatra has not been the most important standard of examination in the diagnosis of stroke, especially ischemic stroke. Thrombolytic therapy was performed on patients within 3 hours after onset. The process of CT Scan of head at the arrival department of Emergency Department Mohammad Hoesin Hospital Palembang takes 4 hours from arrival to examination[1], while according to the guideline, it should take no more than 25 minutes [2]. The application of lean method is expected to improve the service quality for ischemic stroke patients in emergency departments. This study used an operational study method with lean management approach in accordance with the head CT scan evaluation of ischemic stroke patients in emergency departments. The evaluation started from the triage until the head CT scan examination. This study was conducted at the Mohammad Hoesin Hospital Palembang emergency department from November until December 2016. Primary data were collected from direct observation as well as interviews with informants, while secondary data were obtained with document search, patient service flow charts and other related data in emergency departments. Current value stream map showed that the CT scan turnaround time was 175.41 minutes, in 87.8\% were waste activities (non-value-added), 6.9\% were value-added activities and 5.26\% were NVA but necessary. After utilizing lean management techniques, simulated value stream map showed significant decrease in lead time to 30.09 minutes, followed by increased in value-added activities and percentage of non-value-added activities. The results of this study are in accordance with what was disclosed by McManus [3] and Eitel [4] that the lean principle on increasing the percentage of value-added activities and reducing waste, thus providing considerable success in improving the quality of emergency room services. Lean management technique successfully improves the head CT scan turnaround time of ischemic stroke patients in the emergency department.",lean management; value streaming map; value-added; non-value-added,,"Junadi, P (Corresponding Author), Univ Indonesia, Fac Publ Hlth, Dept Hlth Adm & Policy, Depok, West Java, Indonesia. Marisdina, Selly, RSUP R ER Mohammad Hoesin Palembang Govt Gen Hosp, Neurol Dept, Palembang, South Sumatra, Indonesia. Junadi, Purnawan, Univ Indonesia, Fac Publ Hlth, Dept Hlth Adm & Policy, Depok, West Java, Indonesia.",English,Proceedings Paper,gold,2413-0877,Conference Proceedings Citation Index - Science (CPCI-S),wos,10.18502/kls.v4i9.3581,utilizingleanmanagementtechniquestoimproveheadctscanturnaroundtimeofischemicstrokepatientsintheemergencydepartmentofdrmohammadhoesinhospitalpalembang_2018,excluir
C078,Value stream mapping in the military: Leadership for successful implementation,2018,,IISE Annual Conference and Expo 2018,"Value stream mapping (VSM) is a lean management technique used to identify the flow of information or material so as to increase value delivery to a customer. Proven to be effective in the manufacturing and in some service industries (i.e., healthcare), its efficacy in the government sector, and more specifically in the United States military, is less certain. This research describes the application of VSM to a United States Air Force civil engineer squadron as it improves its processes to deliver emergency response in firefighting and explosive ordnance disposal. Importantly, this work describes critical leadership and management techniques employed in carrying out the unit's first VSM exercise, the outcomes of this first application of VSM, and the unit's outlook in its transformation into a lean-thinking organization. © 2018 Institute of Industrial Engineers (IIE). All rights reserved.",Leadership; Lean thinking; Military; Value stream mapping,Industrial management; Explosive ordnance disposal; Leadership; Lean thinking; Management techniques; Military; Service industries; United States Air Force; Value stream mapping; Mapping,"673d Air Base Wing, Joint Base Elmendorf, Richardson, 99505, AK, United States; Air Force Life Cycle Management Center, Wright-Patterson Air Force Base, 45433, OH, United States",English,Conference paper,"Cited by: 0; Conference name: 2018 Institute of Industrial and Systems Engineers Annual Conference and Expo, IISE 2018; Conference sponsors: Society for Engineering and Management Systems (SEMS) of the Institute of Industrial and Systems Engineers (IISE); Conference code: 138867; Conference date: 19 May 2018 through 22 May 2018",,,scopus,,valuestreammappinginthemilitaryleadershipforsuccessfulimplementation_2018,excluir
C079,A Review on the Implementation of System Modelling Techniques in Lean Healthcare Applications,2019,10.1109/ieem44572.2019.8978929,IEEE International Conference on Industrial Engineering and Engineering Management,"Healthcare systems are under enormous pressure to improve efficiency and quality of care due to increasing cost and demand. To address such challenges, there is an increasing awareness on the utilization of lean tools in healthcare settings aimed at minimizing wastes in operational processes. A potential approach that can be integrated with lean tools is System Modelling Techniques (SMTs), to help identify comprehensive list of wastes in a systematic way. To investigate the relationship between lean tools and SMTs, this paper reviews the literature in the field and provides a conceptual framework for potential link between these two complementary approaches. The results of the proposed framework is quite valuable for healthcare quality and process improvement managers. © 2019 IEEE.",Healthcare systems; kaizen; lean; process mapping; system modelling techniques,Waste utilization; Health-care system; kaizen; lean; Process mapping; System modelling; Health care,"Khalifa University, Department of Industrial and Systems Engineering, Abu Dhabi, United Arab Emirates; School of Management, University College London, London, United Kingdom; Concordia University, Department of Mechanical, Industrial and Aerospace Engineering, Montreal, Canada; Heart Vascular Institute, Cleveland Clinic Abu Dhabi, Abu Dhabi, United Arab Emirates",English,Conference paper | Proceedings Paper,"Cited by: 5; Conference name: 2019 IEEE International Conference on Industrial Engineering and Engineering Management, IEEM 2019; Conference sponsors: ; Conference code: 157321; Conference date: 15 December 2019 through 18 December 2019",21573611,Conference Proceedings Citation Index - Science (CPCI-S),scopus+wos,10.1109/ieem44572.2019.8978929,areviewontheimplementationofsystemmodellingtechniquesinleanhealthcareapplications_2019,excluir
C080,An activity theory perspective on creating a new digital government service in Finland,2019,,PROCEEDINGS OF THE 52ND ANNUAL HAWAII INTERNATIONAL CONFERENCE ON SYSTEM SCIENCES,"Digitalization of government services is a central goal in many countries. At policy-making level, digital government services are often expected to simultaneously reduce cost and provide citizens with better and more versatile services. Development of new digital government services, however, often involves companies, which typically have differences in their approach to the development and implementation of new digital services compared to the public sector. This study applies activity theory as a lens to identify the similarities and differences between the private and public sector in the development and implementation of a new government digital service. The aim is to identify the contradictions that can lead to expansive learning in the activity system encompassing a national level digital government service for the social welfare and healthcare of citizens in Finland.",,MANAGEMENT-INFORMATION-SYSTEMS; LEAN THINKING; HEALTH-CARE; WORK,"Jussila, J (Corresponding Author), Hame Univ Appl Sci, Hameenlinna, Finland. Jussila, Jari, Hame Univ Appl Sci, Hameenlinna, Finland. Sillanpaa, Virpi; Helander, Nina, Tampere Univ Technol, Tampere, Finland. Lehtonen, Timo, Solita Plc, Tampere, Finland. Frank, Lauri, Univ Jyvaskyla, Jyvaskyla, Finland.",English,Proceedings Paper,,,Conference Proceedings Citation Index - Science (CPCI-S),wos,,anactivitytheoryperspectiveoncreatinganewdigitalgovernmentserviceinfinland_2019,excluir
C081,Application of lean management systems in pathology laboratory work process and laboratory environment,2019,,Proceedings of the International Conference on Industrial Engineering and Operations Management,"The purpose of this paper is to design a future value stream map of the system and pathology laboratory process with lean health care application tools in terms of quality improvement in order to decrease the non-value-added activities for pathology unit in a public hospital based in Istanbul, Turkey. This paper aims to decrease waiting time, sample rejection, mistake, manual processes, and disorders as well as increase the suitability of laboratory environment and work safety. Data are collected from personal observations, information technologies unit, and authorized employees. In order to measure sub-processes, some qualitative data are transformed into quantitative data via authorized employees' experiences. Moreover, data tracking and keeping systems are too poor for revealing the current situation. The current value stream map of the system of the radiology department of a public education and research hospital was analyzed and the future value stream map of the system and pathology pathway was redesigned with lean health care application tools in terms of quality improvement. The greatest limitation is the resistant to change and fear of talking on mistakes and low performances. This paper states an example of a current and future value stream map showing systematically where the bottlenecks are and how these can be improved and what specific benefits will this analysis bring to the health care system. It will be useful for both academicians and practitioners on how to apply lean to health care. © 2019, IEOM Society International.",Lean management systems; Pathology laboratory; Value stream map; Work process,,"Management Engineering Department, Istanbul Technical University, Istanbul, 34367, Turkey",English,Conference paper,Cited by: 1; Conference name: 4th North American IEOM Conference. IEOM 2019; Conference sponsors: EATON Powering Business worldwide; Sheridan; SIEMENS; UNIVERSITY of DERBY; UNIVERSITY of Windsor; Conference code: 141498; Conference date: 23 October 2019 through 25 October 2019,21698767,,scopus,,applicationofleanmanagementsystemsinpathologylaboratoryworkprocessandlaboratoryenvironment_2019,excluir
C082,"Application of lean manufacturing to hospitability sector; case study, Ritz-Carlton Hotel, Riyadh-Kingdom of Saudi Arabia",2019,,Proceedings of the International Conference on Industrial Engineering and Operations Management,"In this research case study, the degree of applying Lean Thinking in The Hospitality Industry is presented by measuring the effectiveness of service management on at Ritz Carlton Hotel. Although Toyota Motors have started lean thinking as a manufacturing philosophy, it has been successfully expanded to the service industry across the globe. The main idea in lean thinking is the continuous strive towards reducing waste and adding value at all stages of the product/ service provision. The main focus of the study consists of assessing lean thinking applications in the housekeeping operations and quality management strategies in the only company to-date to receive two Malcolm Baldrige Quality National Award; The Ritz-Carlton Hotel. Studying the multiple factors contributing in that success, including their implementation of waste-reducing practices and compare this managerial approach to lean thinking. © IEOM Society International.",Hospitality sector; Lean manufacturing; Ritz-Carlton Hotel,,"Engineering Management Department, Prince Sultan University, Riyadh, Saudi Arabia",English,Conference paper,"Cited by: 2; Conference name: 1st GCC International Conference on Industrial Engineering and Operations Management, IEOM 2019; Conference sponsors: EATON Powering Business worldwide; EFFAT UNIVERSITY; EFR Certification; SIEMENS; UNIVERSITY of DERBY; Conference code: 141928; Conference date: 26 November 2019 through 28 November 2019",21698767,,scopus,,applicationofleanmanufacturingtohospitabilitysectorcasestudyritzcarltonhotelriyadhkingdomofsaudiarabia_2019,excluir
C083,ENHANCING THE PERFORMANCE OF SURGICAL ACTIVITY THROUGH LEAN THINKING IN THE AZIENDA OSPEDALIERA DI PADOVA,2019,,"12TH INTERNATIONAL CONFERENCE OF EDUCATION, RESEARCH AND INNOVATION (ICERI2019)","The paper reports the project of reorganization of surgical activity through lean implementation conducted in the Azienda Ospedaliera of Padova (AOP), which is one of the main University Hospitals in Italy delivering almost 50.000 surgical interventions per year. The specific project objectives were the improvement of efficiency, productivity, safety and effectiveness of surgical care involving the complex surgery and all the 13 operating theatres (OTs) of the AOP. Considering the international experiences indicating the best way to manage the OTs, four fundamental phases were conceived in the development of the project: a) Project planning and organization; b) Training on the job and sharing programme; c) Fixing the improved surgical paths; d) Creating a continuous improvements orientation. After two years of project implementation, the results obtained include the introduction of an OTs performance measurement system, the improved standard operating procedures definition, the continuous improvement orientation, the better communication between all the organization and significantly enhancement of efficiency and productivity performance indicators. In Italy, the AOP experience is one of the first lean management project characterized by a systemic view, involving all the key figures of the Hospital and all the operating rooms, with the aim to create value in operations throughout the company.",Lean healthcare; Lean training; Operating rooms; surgical procedures; Continuous improvement,HEALTH-CARE,"Verbano, C (Corresponding Author), Univ Padua, Padua, Italy. Verbano, C., Univ Padua, Padua, Italy. Donato, D.; Camporese, P.; Baccaglini, U.; Carretta, G.; Flor, L., Azienda Osped Padova, Padua, Italy.",English,Proceedings Paper,,2340-1095,Conference Proceedings Citation Index - Social Science &amp; Humanities (CPCI-SSH),wos,,enhancingtheperformanceofsurgicalactivitythroughleanthinkingintheaziendaospedalieradipadova_2019,excluir
C084,"Integrating FMEA, QFD and Lean for Risk management in hospitals",2019,10.1088/1757-899x/577/1/012040,IOP Conference Series: Materials Science and Engineering,"The purpose of this paper is to help hospital administrative managers or decision makers understand and effectively mitigate the hospital wide risks by developing and implementing strategies, before they turn detrimental to the firm. This paper done as a case study deals with risk identification, measurement, assessment, mitigation and control of risks present in hospitals. We have applied FMEA and Quality function deployment (QFD) methods for risk quantification and assessment. Using these techniques critical risk agents which create risk events in the hospital were identified. Mitigation plans were developed based on expert opinions. We analysed the integration of lean thinking principles in the risk control process and found that the risk control by implementating lean techniques has a scope for productivity improvement and better customer satisfaction in hospitals. © Published under licence by IOP Publishing Ltd.",,Customer satisfaction; Decision making; Hospitals; Manufacture; Productivity; Quality function deployment; Risk management; Decision makers; Lean techniques; Lean thinking principles; Mitigation plans; Productivity improvements; Quality function deployments (QFD); Risk Identification; Risk quantification; Risk assessment,"Department of Electronics and Communications Engineering, Amrita School of Engineering, Amrita Vishwa Vidyapeetham, Coimbatore, India; Department of Mechanical Engineering, Amrita School of Engineering, Amrita Vishwa Vidyapeetham, Coimbatore, India",English,Conference paper | Proceedings Paper,"Cited by: 7; Conference name: International Conference on Advances in Materials and Manufacturing Applications 2018, IConAMMA 2018; Conference sponsors: ; Conference code: 156326; Conference date: 16 August 2018 through 18 August 2018; All Open Access; Gold Open Access",17578981,Conference Proceedings Citation Index - Science (CPCI-S),scopus+wos,10.1088/1757-899x/577/1/012040,integratingfmeaqfdandleanforriskmanagementinhospitals_2019,excluir
C085,Lean healthcare model for increasing the availability of products in pharmaceutical SMEs,2019,10.1145/3364335.3364381,ACM International Conference Proceeding Series,"Nowadays, retailers in the trade industry are focused on meeting customers’ needs, as their priority is to make as many sales per day as possible. Stockouts lead to unattended sales, which mean loss of income. This endangers the place of the MSBs in the industry. This paper aims to prove that proposing a supply management model will reduce the number of lost sales due to stockouts. For this study, we analyzed three key processes (purchasing, storage and distribution), where we identified problems such as incomplete shipments and unfulfilled POs and replacement requests. To prove the viability of our proposal, a pilot was carried out in a pharmacy that has five dispensing premises and a central warehouse, which improved its stock availability from 82% to 89.5%. © 2019 Association for Computing Machinery.",Lean Healthcare; Pharmaceutical MSBs; Purchase Policies; Stock Availability; Supply Management Models,Health care; Central warehouse; Health care modeling; Key process; Lost sale; Stock outs; Supply management; Sales,"Ingeniería Industrial, Universidad Peruana de Ciencias Aplicadas (UPC), Lima, Peru; Department of Computer Science and Engineering, Universidad Carlos III, Madrid, Spain; Universidad Peruana de Ciencias Aplicadas (UPC), Lima, Peru",English,Conference paper | Proceedings Paper,"Cited by: 3; Conference name: 5th International Conference on Industrial and Business Engineering, ICIBE 2019; Conference sponsors: The Hong Kong Polytechnic University; Conference code: 155393; Conference date: 27 September 2019 through 29 September 2019",,Conference Proceedings Citation Index - Science (CPCI-S),scopus+wos,10.1145/3364335.3364381,leanhealthcaremodelforincreasingtheavailabilityofproductsinpharmaceuticalsmes_2019,excluir
C086,Lean healthcare processes: Effective technology integration and comprehensive decision support using requirements engineering methods,2019,10.1109/seh.2019.00014,"Proceedings - 2019 IEEE/ACM 1st International Workshop on Software Engineering for Healthcare, SEH 2019","Healthcare faces many challenges in delivering better service quality and fulfilling, rapidly, changing needs. Lean management approaches, widely adopted in healthcare, provide methods and tools for process improvement. However, the main pitfall of the Lean approach in healthcare is a narrow focus on patient values and needs that often excludes those of caregivers, among others. Caregivers in hospitals are a special type of employees, different from those of most other organizations. They are intensively immersed in a dynamic context in which they treat end-users (patients) with many variables to consider, and multiple critical procedures to follow. It is essential to consider their needs and goals, in addition to organizational goals and values, in any change management process, especially if changes involve new technology. In this paper, we propose a Lean-AbPI model that combines the main concepts of Lean management with the Activity-based Process Integration approach (AbPI). AbPI provides several integration alternatives of new processes into existing ones while analyzing the impact of the changes on stakeholder/user needs, organizational goals, and performance objectives. The use of the Lean-AbPI model is demonstrated through a real hospital case study. The results show that using the model, a comprehensive analysis is provided that leads to improved decision support and implementation-related rationales traceability. © 2019 IEEE.",AbPI; Change management; Healthcare; Lean; Process improvement; Process modeling; Requirements engineering; Technology integration,Decision support systems; Hospitals; Lean production; Process engineering; Requirements engineering; Software engineering; AbPI; Change management; Lean; Process Improvement; Process Modeling; Technology Integration; Health care,"EECS, University of Ottawa, Institut du Savoir Montfort (ISM), Ottawa, Canada; Quality and Research Center, Al-Rass Hospital, AlQaseem, Saudi Arabia",English,Conference paper | Proceedings Paper,"Cited by: 5; Conference name: 1st IEEE/ACM International Workshop on Software Engineering for Healthcare, SEH 2019; Conference sponsors: ; Conference code: 151810; Conference date: 27 May 2019",,Conference Proceedings Citation Index - Science (CPCI-S),scopus+wos,10.1109/seh.2019.00014,leanhealthcareprocesseseffectivetechnologyintegrationandcomprehensivedecisionsupportusingrequirementsengineeringmethods_2019,excluir
C087,Lean healthcare project leader: A framework based on functions and competencies,2019,10.1007/978-3-030-14973-4_25,Springer Proceedings in Mathematics and Statistics,"Hospitals have been implementing lean projects in recent years and gaining significant results in diverse operational flows. Such developments are often not integrated with the hospital management system, nor performed according to the dynamics of each professional area, or even not governed by trained and empowered lean healthcare project leaders. This study proposes, by means of an action research approach, to raise the functions and competencies that a Lean Healthcare project manager needs to develop projects using DMAIC as general guide. From the case of a large hospital in southeastern Brazil, the researchers listed general project management functions, technical and behavioral competencies, and present a general method for conducting lean projects in a hospital environment. As a conclusion of the study is perceived that the required competencies are related to the literature studied in project management and lean thinking, namely, Communication, Teamwork, Focus on Results, and a Systemic Vision. These were evaluated as the basic competencies for a Lean Healthcare Project Leader. © Springer Nature Switzerland AG 2019.",Competences; DMAIC; Hospital management; Lean healthcare; Project management,Health care; Hospitals; Project management; Competences; DMAIC; Healthcare projects; Hospital environment; Hospital management; Large hospitals; Management functions; Southeastern Brazil; Human resource management,"Production and Systems Engineering, Centro ALGORITMI, University of Minho, Braga, Portugal; Santa Casa de Misericórdia de Passos/SCMP, Passos, Minas Gerais, Brazil",English,Conference paper | Proceedings Paper,"Cited by: 7; Conference name: 24th International Joint Conference on Industrial Engineering and Operations Management, IJCIEOM 2018; Conference sponsors: ; Conference code: 225439; Conference date: 18 July 2018 through 20 July 2018",21941009,Conference Proceedings Citation Index - Science (CPCI-S),scopus+wos,10.1007/978-3-030-14973-4_25,leanhealthcareprojectleaderaframeworkbasedonfunctionsandcompetencies_2019,excluir
C088,Organizational development-lean thinking through the LeanGame learning game,2019,10.1007/978-3-319-94709-9_10,Advances in Intelligent Systems and Computing,"This article presents research where organizational change was carried out in the health care organization in Satakunta’s Health Care District. In the district's new strategy, Lean thinking was chosen to support a strategic goal, to increase employee’s and patients’ satisfaction towards the care they received. This development need has been reported in earlier studies to find enhancement ways for operations. LeanGame is an educational game, which combines two distinct elements: Lean, a philosophy and management system, and interactive game that let players get to familiarize themselves the Lean thinking through the game. The LeanGame is linked to the organization’s strategic approach for continuous development implementation. This paper introduces the LeanGame piloting in Health Care District. Article handles development of LeanGame and the LeanGame piloting. Article describes results of piloting, reveals the results of testing the educational game in professional development and gives future research suggestions as well as future development needs for Lean Game. © Springer International Publishing AG, part of Springer Nature 2019.",Educational game; Health care; Lean; Organizational development,Human engineering; Continuous development; Educational game; Healthcare organizations; Lean; Organizational change; Organizational development; Professional development; Strategic approaches; Health care,"Turku University of Applied Sciences, Turku, Finland; University of Eastern Finland, Kuopio, Finland; Tampere University of Technology, Tampere, Finland",English,Conference paper | Proceedings Paper,"Cited by: 0; Conference name: AHFE International Conference on Human Factors, Business Management and Society, 2018; Conference sponsors: ; Conference code: 215359; Conference date: 21 July 2018 through 25 July 2018",21945357,Conference Proceedings Citation Index - Social Science &amp; Humanities (CPCI-SSH),scopus+wos,10.1007/978-3-319-94709-9_10,organizationaldevelopmentleanthinkingthroughtheleangamelearninggame_2019,excluir
C089,Review and classification of Lean project aims in hospitals,2019,10.1109/ice.2019.8792633,"Proceedings - 2019 IEEE International Conference on Engineering, Technology and Innovation, ICE/ITMC 2019","The Lean philosophy is increasingly being applied to the healthcare industry in order to improve the quality of care and reduce costs. This study presents a systematic literature review of 90 papers on Lean healthcare to evaluate its application in hospitals and to propose a classification and analysis of the papers reviewed. From the analysis performed this paper presents a discussion on where Lean initiatives are being focused in hospitals and what their objectives are, as well as how these objectives interact with and influence each other, in order to provide a better understanding of these factors. © 2019 IEEE.",hospital; lean; literature review,Health care; Hospitals; Healthcare industry; ITS applications; lean; Literature reviews; Quality of care; Reduce costs; Systematic literature review; Engineering research,"Department of Industrial Engineering, Stellenbosch University, Stellenbosch, South Africa",English,Conference paper | Proceedings Paper,"Cited by: 5; Conference name: 25th IEEE International Conference on Engineering, Technology and Innovation, ICE/ITMC 2019; Conference sponsors: ; Conference code: 150797; Conference date: 17 June 2019 through 19 June 2019",2334-315X,Conference Proceedings Citation Index - Science (CPCI-S),scopus+wos,10.1109/ice.2019.8792633,reviewandclassificationofleanprojectaimsinhospitals_2019,excluir
C090,Streamline patients flow through lean mobile application in emergency department,2019,,IISE Annual Conference and Expo 2019,"Even with technological advancements in recent times, healthcare organizations, especially emergency departments, still struggle with fulfilling the needs of patients, mainly as the number of patients they receive grows. The need for the application of lean principles is thus emphasized in healthcare organizations. This study focuses on the application of lean principles, in the form of a mobile application and IoT to efficiently reduce the time each it takes different healthcare professionals to attend to patients within the emergency department of healthcare organizations. The multifaceted lean approach of this study aims to evaluate the current patient flow in ED and improve the existing process. The mobile app allows the patient to check in remotely and therefore allows the patient to plan his arrival time and eliminate excessive crowding while the different healthcare professionals have access to the patient’s information. The mobile app will connect the patient with the nurse, lab technicians and care providers streamlining the process of attending to the patient. The outcome of such an application will redesign the way the emergency department works by keeping the workflow, personnel involved, and the procedure followed in emergency departments the same. © 2019 IISE Annual Conference and Expo 2019. All rights reserved.",Emergency Department; IoT; Lean application; Lean thinking; Patient Streaming,Agile manufacturing systems; Health care; Mobile computing; Arrival time; Emergency departments; Health care professionals; Healthcare organizations; Lean principles; Mobile applications; Patient flow; Technological advancement; Emergency rooms,"College of Engineering, Dept. of Industrial Engineering, King Khalid University Abha, Asser, 61431, Saudi Arabia; Department of Industrial Engineering and Management Systems, University of Central Florida, Orlando, 32816, FL, United States",English,Conference paper,"Cited by: 0; Conference name: 2019 Institute of Industrial and Systems Engineers Annual Conference and Expo, IISE 2019; Conference sponsors: ; Conference code: 163862; Conference date: 18 May 2019 through 21 May 2019",,,scopus,,streamlinepatientsflowthroughleanmobileapplicationinemergencydepartment_2019,excluir
C091,Using The Quality Deployment Function to Improve The Romanian Healthcare System,2019,,VISION 2025: EDUCATION EXCELLENCE AND MANAGEMENT OF INNOVATIONS THROUGH SUSTAINABLE ECONOMIC COMPETITIVE ADVANTAGE,"In the last few years, the Romanian healthcare institutions are passing through a general management improvement in order to better meet the voice of the patients, as well as medical employees' needs and requirements. Thus, for better achieving this objective, a proper tool should be used, respectively the quality function deployment (QFD). This tool helps to determine patients' needs and expectations and thus to create a system that could evaluate these needs and based on them, design an improved management system. The current research will provide a case study which will apply the quality function deployment at a Romanian public hospital, in order to present a model that would take into consideration the patients' needs as part of an improvement process, compared to other public hospitals. As main method for collecting data, the study will be made on online surveys, as well as direct interviews. The purpose of this study is to introduce an analytical framework focused on patients, along with explaining the use of quality function deployment in the Romanian healthcare system, in order to improve the medical processes and applications. Due to its flexible approach, the main advantage of the suggested framework lies in its facility to integrate in healthcare institutions and in the entire healthcare system, being part of different quality initiatives like Lean management and Six Sigma.",Healthcare system; improvement; quality function deployment; Six Sigma,LEAN 6 SIGMA,"Dobrin, C (Corresponding Author), Bucharest Univ Econ Studies, Bucharest, Romania. Dobrin, Cosmin; Dinulescu, Ruxandra, Bucharest Univ Econ Studies, Bucharest, Romania.",English,Proceedings Paper,,,Conference Proceedings Citation Index - Social Science &amp; Humanities (CPCI-SSH),wos,,usingthequalitydeploymentfunctiontoimprovetheromanianhealthcaresystem_2019,excluir
C092,Conceptual model for introducing lean management instruments,2020,10.1016/j.promfg.2020.03.034,Procedia Manufacturing,"It's a challenge for a company to adapt Lean Management philosophy and start introducing the concept in its activity, because each economical entity has a quiddity. After studying 11 Lean companies, a conceptual model was developed with the aim to facilitate Lean implementation in other companies which are interested in starting a Lean journey. The developed model was tested in a yet unexplored for Romania area: in the public healthcare sector, and in just 4 months showed improved results, significantly streamlining and organizing main aspects of the organizational activities. This work presents the essential steps of the developed conceptual model. © 2020 The Authors. Published by Elsevier B.V.",Implementation; Lean Management; Lean Manufacturing; Model,,"Technical University of Cluj-Napoca, Romania",English,Conference paper | Proceedings Paper,"Cited by: 11; Conference name: 13th International Conference Interdisciplinarity in Engineering, INTER-ENG 2019; Conference sponsors: ; Conference code: 164896; Conference date: 3 October 2019 through 4 October 2019; All Open Access; Gold Open Access",23519789,Conference Proceedings Citation Index - Science (CPCI-S),scopus+wos,10.1016/j.promfg.2020.03.034,conceptualmodelforintroducingleanmanagementinstruments_2020,excluir
C093,Design of a Network Learning System for the Usage of Surgical Instruments,2020,10.1007/978-3-030-45697-9_17,Advances in Intelligent Systems and Computing,"To improve nursing clinical staff training, this study combines the methods of e-learning with situated simulation and follows the six steps of the design science research process to construct a surgical instruments network learning system. Based on lean management concepts to restructure the number of surgical instruments and establish basic equipment package, it eliminates the excess wastes of production, transportation, action and excessive treatment. Then, the surgical instrument images are linked to the relational database to establish the network learning system. To evaluate the effectiveness of the system, the learning outcomes and the satisfaction investigation of subjective learning were measured. The results show that it can improve the learning effectiveness of operating room new nursing staff, and enhance professional knowledge. © 2020, The Editor(s) (if applicable) and The Author(s), under exclusive license to Springer Nature Switzerland AG.",Learning effectiveness; Network learning; Surgical instrument,Clinical research; Design; Information systems; Information use; Nursing; Personnel training; Surgery; Surgical equipment; Design-science researches; Learning effectiveness; Learning outcome; Network learning; Professional knowledge; Relational Database; Situated Simulations; Surgical instrument; Learning systems,"Department of Journalism, Ming Chuan University, Taipei, Taiwan; Department of Business Administration, Tunghai University, Taichung City, Taiwan; Nursing Department, Taichung Veterans General Hospital, Taichung City, Taiwan",English,Conference paper | Proceedings Paper,"Cited by: 0; Conference name: 8th World Conference on Information Systems and Technologies, WorldCIST 2020; Conference sponsors: ; Conference code: 240259; Conference date: 7 April 2020 through 10 April 2020",21945357,Conference Proceedings Citation Index - Science (CPCI-S); Conference Proceedings Citation Index - Social Science &amp; Humanities (CPCI-SSH),scopus+wos,10.1007/978-3-030-45697-9_17,designofanetworklearningsystemfortheusageofsurgicalinstruments_2020,excluir
C094,Development of transversal skills in an extracurricular academic research project through active learning in healthcare - a case study,2020,,International Symposium on Project Approaches in Engineering Education,"Active learning has been widely used by engineering courses to boost the absorption of knowledge through the transition from theoretical content to practical contexts. The idea defended by much research is based on the anticipation of professional life, experienced in the first years as an engineer, for the undergraduate period. Increasingly, engineers are expected to have skills related to solving real company problems, such as eliminating waste, rework, excessive spending, and unnecessary steps in processes. Given this, this paper aims to evaluate how the application of Lean Healthcare tools in the context of a research project contributes to the development of active learning, and, consequently, to the professional practice of the students involved. To this end, a case study was executed in a hospital organization, to list the advantages and challenges faced during this academic experience, and moreover, the main skills and knowledge acquired by students. In addition, aspects of the active learning methodology used are highlighted, more specifically, the Problem and Project Based Learning (PBL) method. The results point to or develop transversal skills, greater involvement, and a sense of responsibility on the part of the students. Lastly, it was observed a great adaptability of the students to the experienced scope increases. © 2020 University of Minho. All rights reserved.",Active Learning; Engineering Education; Lean healthcare; Problem based learning; Project Based Learning,,"Department of Industrial Engineering, Faculty of Technology, University of Brasília, Brasília, Brazil",English,Conference paper,"Cited by: 1; Conference name: 12th International Symposium on Project Approaches in Engineering Education and 17th International Conference on Active Learning in Engineering Education, PAEE/ALE 2020; Conference sponsors: ; Conference code: 162663; Conference date: 26 August 2020 through 28 August 2020",21831378,,scopus,,developmentoftransversalskillsinanextracurricularacademicresearchprojectthroughactivelearninginhealthcareacasestudy_2020,excluir
C095,Five years of Lean Six Sigma in the healthcare: an overview of main tools and results,2020,,Convegno Nazionale di Bioingegneria,"Lean thinking in healthcare focuses on simplifying processes by acknowledging value-added activities from the patient’s perspective and applying it to services that can reduce waste. The concept of Six Sigma theory offers an approach to problem solving and involves a strong organizational framework consisting of a redesigning a product, which then results in the elimination of defects. Over the last decade, a strong synergy between Lean and Six Sigma has developed, creating Lean Six Sigma. Several researchers investigated best practices to implement Lean Six Sigma in healthcare. The following presents summaries of the literature. Nineteen studies published in the last five years have been included. © 2020 Convegno Nazionale di Bioingegneria. All rights reserved.",DMAIC; Healthcare; Lean Six Sigma,,"Department of Public Health, School of Medicine and Surgery, University of Naples “Federico II”, Italy; Department of Electrical Engineering and Information Technology (DIETI), University of Naples “Federico II”, Italy; Research Centre on Public Health (CESP), University of Milano “Bicocca”, Italy; Department of Chemical, Materials and Production Engineering (DiCMaPI), University of Naples “Federico II”, Italy; Istituto Italiano di Tecnologia, Center for Advanced Biomaterials for Healthcare (CABHC), Naples, Italy",English,Conference paper,"Cited by: 21; Conference name: 7th National Congress of Bioengineering, GNB 2020; Conference sponsors: ; Conference code: 186905; Conference date: 9 June 2020 through 11 June 2020",27242129,,scopus,,fiveyearsofleansixsigmainthehealthcareanoverviewofmaintoolsandresults_2020,excluir
C096,HEALTH LEAN MANAGEMENT IN EMERGENCY DEPARTMENT: A SYSTEMATIC LITERATURE REVIEW,2020,,13TH ANNUAL CONFERENCE OF THE EUROMED ACADEMY OF BUSINESS: BUSINESS THEORY AND PRACTICE ACROSS INDUSTRIES AND MARKETS,"INTRODUCTION The healthcare service faces sustainability issues over time, managing ageing population and growing quality care expectation, despite heavy restrictions on budgets (Dickson et al., 2009;). With the aim of satisfying the customer demand, balancing safe, reliable and affordable care with efficiency, Lean Management (LM), a methodology derived from Toyota Production System, has been increasingly adopted in many healthcare organizations, to improve the value delivered to the patient by reducing waste and inefficiencies (Radnor et al., 2012). Emergency Department (ED) revealed to be one of the most critical area, with overcrowding, process delays, high costs and patient dissatisfaction as major concerns (Bucci et al., 2016). In this regard, lean healthcare management seeks to increase ED performances, focusing on patient flow and eliminating nonvalue-added activities, with no additional resources (Holden, 2011). Literature reports a wide evidence of LM adoption in ED (Hallam and Contreras, 2018), as the pioneer department, documenting positive effects on process capacity, reactivity and efficiency, on turnaround times and length of stay, on care quality and patient safety (Mousavi Isfahani et al., 2019). Although LM in EDs has demonstrated its potential on improving healthcare management, further studies are needed to assess its effects on performance and on patient care (Borges et al., 2019; Ramori et al., 2019). In particular, there is limited empirical research evaluating how a manufacturing methodology has been adapted to the healthcare sector (Hallam and Contreras, 2018). For this reason, this study aims to analyze how LM projects have been developed in EDs, investigating the pursued objectives, the adopted tools, the performed tasks, the systematically achieved improvements and the key factors required for a successful implementation. METHODOLOGY In order to pursue the research objective, a systematic literature review has been conducted following the PRISMA Statement (Liberati et al., 2009). A bibliographic searching in Scopus, Pubmed and Web of Science databases allowed to identify 452 articles referred to the different combinations of the following keywords: ``lean management'', ``lean thinking'', ``lean healthcare'', ``kaizen'', ``patient flow'', ``lean methodology'', ``lean tools'', ``lean techniques'', associated with the Boolean operator AND to ``(emergency department OR emergency room)''. According to the inclusion criteria, only papers written in English language, classified as articles or reviews and coherent with subject area filter were selected for further examinations. After the exclusion of duplications, 149 articles were submitted to a title and abstract analysis, in order to preliminarily evaluate their consistency to the investigation question, eliminating 81 documents not referring to ED as the application context or to LM as the main managerial technique adopted. Finally, the full-text articles accessed for eligibility were reviewed in relations to their relevance and to their compliance to case study methodology inclusion criteria, excluding literature reviews, theoretical papers and articles developed in less than 3 pages. The remaining publications were screened according to the following inclusion criteria: firstly, the adequacy of project setting, eliminating papers focused on specific departments or clinical pathways, without considering the global effects on ED performances; secondly, the adoption of a structured approach in implementing LM, with a developed methodology comprehensive of an adequate description of the followed tasks and a proper tools application; lastly, the objectives coherence between literature research and the case study analyzed. Finally, 28 papers have been retained for the final database. A descriptive and content analysis have been conducted on the extracted database. RESULTS The descriptive analysis highlighted the growing diffusion of LM in EDs in the last five years, especially in USA, Italy, UK and Lebanon, underlining the novelty of the phenomenon. The quality of the database was assessed through the Scimago Journal Rank (SJR), revealing that the 87\% of the journal papers were published in Q1 and Q2 journals. The theme was studied in medical (79\%) and in engineering (13\%) journals, confirming the interest of both scientific communities in its future potential development. The content analysis was performed investigating the projects developed to implement LM in ED. It focused on the motivations underlying the adoption of LM in ED, the pursued objectives, the followed methodology (organizational and managerial aspects) to set and achieve the project objectives, the applied LM tools, the obtained quantitative results and the key success factors. The literature review showed how overcrowding, inefficiency, low quality care, unsatisfied patients and high costs represent the most critical aspects afflicting ED performances. These critical issues pull the system towards an engineering reorganization process, driven by the aim of improving patient flow, efficiency and safety, reducing waiting times and wastes, to better manage patient volume and access block. Although the experiences heterogeneity highlighted the lack of a standardized methodology to adopt LM in ED, the analyzed literature provided an evidence of the healthcare managers in developing successful LM projects. The latter should be performed adopting an improvement approach founded on employee involvement, on creation of solid processes and on introduction of small cycles of changes. Based on the guidelines developed thanks to this study, other research could be performed applying the framework for developing projects in healthcare and comparing its implementation in diverse settings. Moreover, other research should be conducted in the future, for example in order to investigate statistical correlation between LM and the obtained results, but also to diffuse a system culture oriented towards kaizen. The complexity of the ED service opens up to emerging challenges that could be managed and solved through the adoption of new organizational and managerial approaches, improving the management of healthcare and the satisfaction of internal personnel and of the community in general. ACKOWLEDGEMENT The authors gratefully acknowledge the financial support from the University of Padova (VERB\_SID19\_01).",Emergency Department; Emergency Room; Lean Management; Lean Healthcare; Lean Thinking; Literature Review,IMPLEMENTATION,"Tiso, A (Corresponding Author), Univ Padua, Dept Management & Engn, Vicenza, Italy. Tiso, Anna; Verbano, Chiara, Univ Padua, Dept Management & Engn, Vicenza, Italy. Crema, Maria, Azienda ULSS 2 Marca Trevigiana, Treviso, Italy.",English,Proceedings Paper,,2547-8516,Conference Proceedings Citation Index - Social Science &amp; Humanities (CPCI-SSH),wos,,healthleanmanagementinemergencydepartmentasystematicliteraturereview_2020,excluir
C097,Hospital Operations Management: An Exploratory Study from Brazil and Portugal,2020,10.1007/978-3-030-43616-2_8,Lecture Notes on Multidisciplinary Industrial Engineering,"This study aims to analyze the main dimensions related to Hospital Operations Management (HOM) through workshops held in four hospitals in Brazil and Portugal with the participation of 60 hospital management professionals. The dimensions of the HOM were adapted from the literature and the most important area according to the professionals was described as “Planning, Scheduling and Control of Hospital Operations”, with 91% importance. Other areas were also relevant as Patient Flow Management, Quality and Supply Chain Management. After discussion of the main topics, the researchers involved present a management scheme about Hospital Operations Management in order to guide other researchers and hospital managers on the subject. © 2020, Springer Nature Switzerland AG.",Healthcare; Hospital Operations Management; Lean Healthcare; Patient flow,,"Department of Production and Systems, ALGORITMI Center, School of Engineering of University of Minho, Guimarães, Portugal",English,Book chapter | Proceedings Paper,Cited by: 2,25225022,Conference Proceedings Citation Index - Science (CPCI-S); Conference Proceedings Citation Index - Social Science &amp; Humanities (CPCI-SSH),scopus+wos,10.1007/978-3-030-43616-2_8,hospitaloperationsmanagementanexploratorystudyfrombrazilandportugal_2020,excluir
C098,Improving the hospital discharge process using lean approach,2020,,"Proceedings of the 2016 Industrial and Systems Engineering Research Conference, ISERC 2016","Medical services are one of the most important daily practices, so most people demand impeccable service. One of the most important things for hospitals is to provide their patients excellent care, but also to make the patients feel important and unique. For this reason, the discharge process is an important part of the hospital stay because it is the last opportunity to give a good impression. In order to achieve a more efficient discharge process we have utilized Lean Healthcare at the Fort Sanders Regional Medical Center (FSRMC). Lean HealthCare's importance has emerged and becomes more evident, because in addition to it resulting in a more efficient process, it emphasizes the importance of customer satisfaction with due consideration towards the staff and not placing difficult, unattainable goals on the hospital staff. This methodology helps hospitals because it reduces the time it takes to complete everyday tasks, while simultaneously eliminating some of the wastes, keeping in mind the quality of care the patients receive and the service the hospital provides. The purpose of Lean Healthcare is to try to reduce the mistakes and improve the process. © 2016 Proceedings of the 2016 Industrial and Systems Engineering Research Conference, ISERC 2016. All rights reserved.",Discharge; Hospital; Improvement; Lean; Patient,Customer satisfaction; Engineering research; Health care; Industrial research; Systems engineering; Discharge process; Efficient process; Hospital discharge; Medical center; Medical services; Quality of care; Hospitals,,English,Conference paper,"Cited by: 0; Conference name: 2016 Industrial and Systems Engineering Research Conference, ISERC 2016; Conference sponsors: UCF - Industrial Engineering and Management Systems; Conference code: 159115; Conference date: 21 May 2016 through 24 May 2016",,,scopus,,improvingthehospitaldischargeprocessusingleanapproach_2020,excluir
C099,Knowledge capture to monitor the alignment of hospital processes and applied information technologies,2020,10.34190/ekm.20.134,"Proceedings of the European Conference on Knowledge Management, ECKM","One of the most important tasks of every organisation manager is to systematically monitor processes in order to identify opportunities for improvements. In the case of public healthcare in Poland, such needs are enormous, while barriers include the necessary reconciliation of dissimilar needs of many stakeholders. The relationships between business processes and information technology (IT) presented in the literature demonstrate that their alignment is the key factor affecting organisation efficiency. It should, therefore, be assumed that the improved alignment of the hospital process and the applied IT has a positive impact on the process efficiency. The problem examined in this article is the knowledge capture that allows for the identification of areas where the alignment is insufficient. The research question is how to systematically monitor the scope and strength of IT support provided to the process. The article proposes an approach to monitoring the alignment between the process carried out in the hospital and the applied IT. This is to enable the identification of the areas where improvement initiatives are the most desirable in terms of process efficiency. The proposed approach was developed as a result of the action research carried out at the University Clinical Hospital (UCH) in Opole. The research included forms, interviews and experiments, enabling the development of a multi-stage action plan in order to capture knowledge on the degree of alignment of the process and the information technologies applied. The proposed approach combines popular and widely used solutions, such as the System Usability Scale (SUS), with the original ones based on the Lean Management concept. The idea of the developed approach is to gradually narrow down the area in which the improved alignment of the process and the IT technology applied will have a significant impact on the process efficiency. Therefore, labour-intensive procedures to capture detailed knowledge focused on areas where changes are the most desirable (expected). The article presents how the proposed approach could be used, on the example of the process of performing scheduled surgical procedures at the University Clinical Hospital in Opole. The main contribution of the article to the theory and practice of knowledge management is the development of a systematic approach to capturing tacit knowledge for the needs of improvement of hospital processes. © 2020 Academic Conferences Limited. All rights reserved.",Action research; Hospital; Knowledge capture; Process & it alignment; Process improvement; Process monitoring; System usability scale (sus),Clinical research; Efficiency; Hospitals; Knowledge management; Degree of alignments; Knowledge capture; Process efficiency; Public healthcares; Research questions; Surgical procedures; System Usability Scale (SUS); Theory and practice; Alignment,"Opole University of Technology, Poland; University Clinical Hospital in Opole, Poland",English,Conference paper | Proceedings Paper,"Cited by: 5; Conference name: 21st European Conference on Knowledge Management, ECKM 2020; Conference sponsors: ; Conference code: 166463; Conference date: 2 December 2020 through 4 December 2020",20488963,Conference Proceedings Citation Index - Social Science &amp; Humanities (CPCI-SSH),scopus+wos,10.34190/ekm.20.134,knowledgecapturetomonitorthealignmentofhospitalprocessesandappliedinformationtechnologies_2020,excluir
C100,Lean Demand Management: Application in a National Health Department,2020,10.1007/978-3-030-56920-4_24,Springer Proceedings in Mathematics and Statistics,"Demand management is essential for any organization and seeks to balance demand and productive capacity with a focus on customer orders. Thus, raising and studying in detail the demands is necessary in order to plan the daily operations, independently of being manufacturing or services, private or public sectors. Lean Thinking is a philosophy that emerged in the manufacturing field to improve production systems performance, simultaneously reducing operational wastes. This article aims to apply Lean principles to demand management in a Brazilian government department responsible for managing strategic health projects. Through interviews with managers 1027 monthly demands were raised in the department, of which 308 are demands requested and executed internally and 719 are transversal between various sectors. In addition, 42–45% of such demands are related to advisory and administrative support, taking the department’s focus on processes that add value, such as Policies and Norms, Regional Monitoring, Qualification and Accreditation, and Projects and Studies. Regarding Lean waste, after the survey of demands, the operations related to the main demands showed waste according to the Ohno classification: 32% were classified as overprocessing, waiting 28%, and overproduction and defects/quality 14% each. This panorama demonstrates the need for better demand management so that the processes focus on delivering value, overcoming the resistance of employees as an obstacle. © 2020, The Editor(s) (if applicable) and The Author(s), under exclusive license to Springer Nature Switzerland AG.",Demand; Lean healthcare; Ministry of health; Public management; Wastes,Human resource management; Manufacture; Service industry; Customer orders; Government departments; Health projects; Lean principles; Manufacturing fields; Operational wastes; Production system; Productive capacity; Employment,"Department of Production and Systems, Algoritmi Centre, School of Engineering, University of Minho, Guimarães, Portugal; Public Health, Universidade do Vale do Rio dos Sinos, São Leopoldo, Brazil; School of Production Engineering, Pontifícia Universidade Católica do Rio Grande do Sul, Porto Alegre, Brazil; Department of Social Medicine, School of Medicine, Universidade Federal do Rio Grande do Sul, Porto Alegre, Brazil",English,Conference paper,"Cited by: 2; Conference name: 26th International Joint Conference on Industrial Engineering and Operations Management, IJCIEOM 2020; Conference sponsors: ; Conference code: 251029; Conference date: 8 July 2020 through 11 July 2020",21941009,,scopus,10.1007/978-3-030-56920-4_24,leandemandmanagementapplicationinanationalhealthdepartment_2020,excluir
C101,Lean Healthcare Model Using Knowledge Management and Change Management Approaches to Reduce Delays for Care in the Health Sector,2020,10.1007/978-3-030-44267-5_67,Advances in Intelligent Systems and Computing,"This study was developed at a private health care center with problems in its emergency department, which had a process efficiency of 39.6%. As such, implementing a lean healthcare model was proposed using knowledge management and change management as it pillars. As a result, employees were committed to change, which facilitated the transfer of knowledge when implementing the lean tools, reducing waiting time in the process by 67.01% at its highest level, while an efficiency of 63.87% was achieved. © The Editor(s) (if applicable) and The Author(s), under exclusive license to Springer Nature Switzerland AG 2020.",Change management; Emergency department; Knowledge management; Lean healthcare; Waiting time,Efficiency; Health care; Change management; Emergency departments; Health care modeling; Lean tools; Process efficiency; Transfer of knowledge; Waiting-time; Knowledge management,"Ingeniería Industrial, Universidad Peruana de Ciencias Aplicadas, Lima, 15023, Peru; Dirección de Investigación, Universidad Peruana de Ciencias Aplicadas, Lima, 15023, Peru; Escuela Superior de Ingeniería Informática, Universidad Rey Juan Carlos, Madrid, Spain",English,Conference paper,"Cited by: 0; Conference name: 2nd International Conference on Human Interaction and Emerging Technologies: Future Applications, IHIET-AI 2020; Conference sponsors: ; Conference code: 239959; Conference date: 23 April 2020 through 25 April 2020",21945357,,scopus,10.1007/978-3-030-44267-5_67,leanhealthcaremodelusingknowledgemanagementandchangemanagementapproachestoreducedelaysforcareinthehealthsector_2020,excluir
C102,Lean Healthcare: How to Start the Lean Journey,2020,10.1007/978-3-030-41429-0_32,Lecture Notes in Networks and Systems,"In this paper we present how ASST Cremona, an Italian hospital belonging to the National healthcare system, started its lean journey. In order to spread out the lean culture within the company and to engage people, the first initiative launched was a 4 months improvement project within Internal Medicine department. This was carried out following A3 framework and was aimed at improving the service level provided to the patients, in terms of the critical KPI represented by the length of stay. The improvement project was successful leading both to a strong reduction in the length of stay and to the spread of improvement culture within the hospital, that will continue its lean journey in different departments. © 2020, Springer Nature Switzerland AG.",Discharge process; Italy; Lean healthcare,,"Department of Management, Economics and Industrial Engineering, Politecnico di Milano, Via Lambruschini 8/B, Milan, 20156, Italy; Operations Management Department, ASST Cremona, Cremona, Italy",English,Conference paper | Proceedings Paper,"Cited by: 2; Conference name: 6th European Lean Educator Conference, ELEC 2019; Conference sponsors: ; Conference code: 239889; Conference date: 11 November 2019 through 13 November 2019; All Open Access; Green Open Access",23673370,Conference Proceedings Citation Index - Social Science &amp; Humanities (CPCI-SSH),scopus+wos,10.1007/978-3-030-41429-0_32,leanhealthcarehowtostarttheleanjourney_2020,excluir
C103,Lean management and industry 4.0 impact in covid19 pandemic era,2020,,Proceedings of the International Conference on Industrial Engineering and Operations Management,"Covid19 is spreading across the globe. This pandemic affects almost all sectors of activities. It has created disruptions in production chains around the world, which have gone as far as stopping production in certain domains and double capacities in the others. Covid19 created a surge demand of health care equipment that oblige flexible companies to switch their ordinary production lines to produce items related to this pandemic. The aim of our work is to study how technologies offered by the fourth industrial revolution (Industry 4.0) could help to overcome this crisis. Also, to analyze the impact of adopting lean management principles, more specifically the just in time (JIT) principle. For this objective, we conducted a rapid review on the existing publications in literature using the key words covid19, lean management and industry 4.0. Results show that emerging technologies have a big potential to help on combatting this epidemic. Moreover, companies have to minimize the risk of shortage of stock by overusing the JIT lean principle. © IEOM Society International.",Companies; Covid19; Industry 4.0; Lean Management,,"Laboratoire Process, Signaux, System, Industriel et Informatique, Ecole Supérieure de Technologie SAFI, Université Cadi Ayyad, Morocco; ENSAM-Meknes, Moulay Ismail University, Morocco",English,Conference paper,"Cited by: 6; Conference name: Proceedings of the 5th NA International Conference on Industrial Engineering and Operations Management, IOEM 2020; Conference sponsors: CINTAS; EATON Powering Business worldwide; EFR Certification; SIEMENS; ToolingTechGroup; Conference code: 144118; Conference date: 10 August 2020 through 14 August 2020",21698767,,scopus,,leanmanagementandindustry40impactincovid19pandemicera_2020,excluir
C104,Lean methods from manufacturing to health care amelioration,2020,10.1007/978-3-030-36664-3_27,Advances in Intelligent Systems and Computing,"Lean is still a new concept for Morocco that leads to a lack of maturity of most teams in the hospital, but many experiences of lean implementation in healthcare have been conducted in countries like the United States and Canada. The present study aims to start from the original philosophy of lean in order to understand how it can be applied in the hospital setting, and this through 3 sections: we spent at first time by a review of literature to draw limitations (weak study designs, inappropriate statistical assumptions, insufficient analysis) and deduct conclusions and then improve the points that have not been addressed in these publications These limitations included, the second part will be devoted to answer the question of what adjustment should be made to the hospital sector, in particular that of Morocco, for successful implementation of lean and the last section will be devoted to results that can be achieved by implementing lean in health care. © Springer Nature Switzerland AG 2020.",Continuous improvement; Healthcare; Lean thinking,Hospitals; Intelligent systems; Lean production; Planning; Sustainable development; Continuous improvements; Hospital settings; Lean implementation; Lean methods; Lean thinking; Study design; Health care,"Faculty of Sciences and Technology, Hassan 1st University, Settat, Morocco",English,Conference paper,"Cited by: 0; Conference name: 2nd International Conference on Advanced Intelligent Systems for Sustainable Development, AI2SD 2019; Conference sponsors: ; Conference code: 235929; Conference date: 8 July 2019 through 11 July 2019",21945357,,scopus,10.1007/978-3-030-36664-3_27,leanmethodsfrommanufacturingtohealthcareamelioration_2020,excluir
C105,Lean model of services for the improvement in the times of attention of the emergency areas of the health sector,2020,10.1007/978-3-030-25629-6_144,Advances in Intelligent Systems and Computing,"In Peru, the health service has had certain problems in the attention of users. The emergency service of clinics has been saturated due to changes in the needs of people and demand, exposing the prestige of health entities that have this unit and generating risks for the health of users, this is reflected in the low level of satisfaction with regard to care. Based on the Lean philosophy, a model is developed using SMED, Kanban and pull tools to reduce waiting times. The application of this model of pilot in the Clinic reduces the waiting time for the first attention in 30% thereby reducing the number of fines imposed by the corresponding regulatory entity and the desertion in emergency, achieving an average time of 37 min. © 2020, Springer Nature Switzerland AG.",Attention time; Health sector; Lean healthcare; Pull system; SMED,Health; Health risks; Attention time; Health services; Level of satisfaction; Pull systems; SMED; Waiting-time; Emergency services,"Ingeniería Industrial, Universidad Peruana de Ciencias Aplicadas (UPC), Lima, Peru; Dirección de Investigación, Universidad Peruana de Ciencias Aplicadas (UPC), Lima, Peru",English,Conference paper,"Cited by: 6; Conference name: 1st International Conference on Human Interaction and Emerging Technologies, IHIET 2019; Conference sponsors: ; Conference code: 229139; Conference date: 22 August 2019 through 24 August 2019",21945357,,scopus,10.1007/978-3-030-25629-6_144,leanmodelofservicesfortheimprovementinthetimesofattentionoftheemergencyareasofthehealthsector_2020,excluir
C106,Reorganization of surgical services according to care setting and care complexity in order to improve sustainability in italian hospitals,2020,10.3850/978-981-14-8593-0_4822-cd,Proceedings of the 30th European Safety and Reliability Conference and the 15th Probabilistic Safety Assessment and Management Conference,"The paper reports the first results of a project promoted by the Italian Ministry of Health to support Local Health Authorities in order to pursue sustainability enhancing multiple dimensions of healthcare performance. Specifically, the aim of this project is the creation of a network for the reorganization of surgical services according to care setting and care complexity, with the objectives of improving efficiency and productivity of surgical theaters, appropriateness of surgical settings, patient safety and efficacy of care provided. In addition, this initiative, which develops over three years involving all Italian Regions, aims to convey the knowledge and skills acquired in some Local Health Authorities to other Regions that may be interested in similar rearrangements. In the definition of the project, international experiences indicating the best way to manage the operating theatres have been considered, referring in particular to lean thinking and the related process of continuous quality improvement, value based healthcare model and the conceptual framework of Scaling up Projects of the World Health Organization. The project plan consists of five fundamental stages: a) Definition of the project and of the target; b) Design of the project plan and identification of the pilot hospitals with each Region; c) Analysis, design and implementation of the project in each pilot hospital of each Region through a training programme; d) Creation of a network: each Region promote the spreading of the best practices worked out by the pilot hospitals in the local hospitals network; e) Monitoring and dissemination. First results obtained from the project implementation in the pilot hospitals will be presented and discussed, together with the future developments. In Italy, this is one of the first healthcare managerial project characterized by a systemic view, involving all the Italian Regions with a network approach, and all the key figures inside each Hospital, able to change the guiding approach in taking decisions and actions with the aim to create value in operations. © ESREL2020-PSAM15 Organizers.Published by Research Publishing, Singapore.",National healthcare system; Network; Performance improvement; Surgical procedures; Sustainability,Complex networks; Safety engineering; Surgery; Sustainable development; Conceptual frameworks; Continuous quality improvement; Design and implementations; Health care modeling; Improving efficiency; International experiences; Project implementation; World Health Organization; Hospitals,"Ministero della Salute, Viale Giorgio Ribotta 5, Roma, 00144, Italy; Dept. Management and Engineering, University of Padova, Str.lla San Nicola 3, Vicenza, 36100, Italy; Azienda Ospedaliera di Padova, Via Giustiniani 2, Padova, 35128, Italy",English,Conference paper,"Cited by: 0; Conference name: 30th European Safety and Reliability Conference, ESREL 2020 and 15th Probabilistic Safety Assessment and Management Conference, PSAM15 2020; Conference sponsors: ; Conference code: 259839; Conference date: 1 November 2020 through 5 November 2020",,,scopus,10.3850/978-981-14-8593-0_4822-cd,reorganizationofsurgicalservicesaccordingtocaresettingandcarecomplexityinordertoimprovesustainabilityinitalianhospitals_2020,excluir
C107,Safety Evaluation and Lean Disposal of Clinical Waste in Outpatient and Emergency Department of Large Hospitals,2020,10.1007/978-3-030-57602-8_54,Lecture Notes in Computer Science (including subseries Lecture Notes in Artificial Intelligence and Lecture Notes in Bioinformatics),"Large hospitals produce a large amount of medical waste in outpatient and emergency departments. The safety of medical waste is not only a huge problem faced by large hospitals themselves. Improper disposal will cross infection and expand the epidemic. The rational lean disposal of outpatient and emergency medical waste in large hospitals is an important measure, which is helpful to alleviate the problem. In this paper, we use fault tree analysis (FTA) of safety evaluation for medical waste logistics process in large hospitals with the new crown pneumonia for instance. Then we set up the safety evaluation model of this infectious medical waste and master waste streams of hazards and potential risks of large hospitals through calculation and analysis for the “discovery” not in time, “the lack of contingency plans and disposal technology”. The results show that it is of great significance to adopt lean management method of outpatient and emergency treatment to solve these two hazard sources for the safety of infectious medical waste control in outpatient and emergency treatment. © 2020, Springer Nature Switzerland AG.",FTA; Lean management; Logistics safety evaluation; Medical waste,Emergency rooms; Fault tree analysis; Hazards; Risk assessment; Waste treatment; Contingency plans; Disposal technologies; Emergency departments; Emergency treatment; Fault tree analyses (FTA); Infectious-medical wastes; Logistics process; Safety evaluations; Waste disposal,"Economy and Management School, Shanghai Polytechnic University, Shanghai, 201209, China; Shanghai General Hospital, Shanghai, 201620, China",English,Conference paper,"Cited by: 0; Conference name: 14th International Conference on Algorithmic Aspects in Information and Management, AAIM 2020; Conference sponsors: ; Conference code: 243469; Conference date: 10 August 2020 through 12 August 2020",03029743,,scopus,10.1007/978-3-030-57602-8_54,safetyevaluationandleandisposalofclinicalwasteinoutpatientandemergencydepartmentoflargehospitals_2020,excluir
C108,Application of VSM for Improving the Medical Processes - Case Study,2021,10.1007/978-3-030-85902-2_44,IFIP Advances in Information and Communication Technology,"Lean Manufacturing has been used in many types of organizations, including healthcare. In the healthcare area, lean healthcare is a management philosophy to develop a hospital culture characterized by increased patient, and other stakeholder, satisfaction through continuous improvements. The starting point for improving activities in the healthcare is identification of the problems and wastes in the processes. In this context VSM is a helpful tool. That why the purpose of this paper is to present the possibility of application the VSM for improving the selected process in the healthcare. Thanks to the application of this method, the necessary information on the sources of losses in the analyzed process was obtained. © 2021, IFIP International Federation for Information Processing.",Lean Healthcare; Process improvement; Value stream mapping,Artificial intelligence; Industrial management; Continuous improvements; Management philosophy; Health care,"Faculty of Mechanical Engineering and Aeronautics, Rzeszow University of Technology, Al. Powstancow Warszawy 12, Rzeszów, 35-959, Poland; Faculty of Management Engineering, Poznan University of Technology, Rychlewskiego 2, Poznań, 60-965, Poland",English,Conference paper | Proceedings Paper,"Cited by: 1; Conference name: IFIP WG 5.7 International Conference on Advances in Production Management Systems, APMS 2021; Conference sponsors: ; Conference code: 264779; Conference date: 5 September 2021 through 9 September 2021; All Open Access; Green Open Access",18684238,Conference Proceedings Citation Index - Science (CPCI-S),scopus+wos,10.1007/978-3-030-85902-2_44,applicationofvsmforimprovingthemedicalprocessescasestudy_2021,excluir
C109,Application of lean six sigma in reducing the material consumption at wards in a selected healthcare unit,2021,10.1016/j.matpr.2020.12.1101,Materials Today: Proceedings,"Healthcare, as with any other service operation, requires systematic innovation efforts to remain competitive, cost-efficient, and up-to-date. Day by day the cost of medical care is escalating at a distressing and indefensible rate worldwide. The cost of medical care increases because of two factors such as the aging population and technological advances. Due to the technological and demographic developments of modern society, these two factors are greatly beyond the control. Additionally, the healthcare cost increases with unnecessary operational inefficiency and over usage of materials. Healthcare professionals have required more attention over the operational inefficiency. To improve quality, inefficiency is measured and changes can be implemented. These efforts give more compatible and better healthcare for a large percentage of the population. The objective of this project is to combine the principles of lean thinking and six sigma provides an effective framework to reduce the material consumption at wards and effective distribution of the materials from the stores to wards. In this context, information about the material consumed at different wards from different stores of healthcare was collected and the material distribution process was identified and root causes for the problems were identified in the analysis phase. It will be seen that problems will be eliminated in the improvement phase and it will be checked whether the process is in control or not in the control phase. © 2021 Elsevier Ltd. All rights reserved.",ABC analysis; ABC-VED analysis; Healthcare; Lean six sigma; VED analysis,Lean production; Process control; Process monitoring; Six sigma; Work simplification; ABC analysis; ABC-VED analyse; Aging population; Competitive costs; Cost-efficient; Healthcare; Lean Six Sigma; Material consumption; Service operations; VED analyse; Health care,"Department of Mechanical Engineering, Bannari Amman Institute of Technology, Sathyamangalam, Erode, 638401, India; Department of Mechanical Engineering, Bannari Amman Institute of Technology, Sathyamangalam, Erode, 638401, India",English,Conference paper | Proceedings Paper,"Cited by: 5; Conference name: 2nd International Conference on Materials, Manufacturing and Machining for Industry 4.0, ICMMM 2020; Conference sponsors: ; Conference code: 169597; Conference date: 9 October 2020 through 10 October 2020",22147853,Conference Proceedings Citation Index - Science (CPCI-S),scopus+wos,10.1016/j.matpr.2020.12.1101,applicationofleansixsigmainreducingthematerialconsumptionatwardsinaselectedhealthcareunit_2021,excluir
C110,Capacity Management as a Tool for Improving Infrastructure in the Lean Healthcare: A Systematic Review,2021,10.1007/978-3-030-85902-2_32,IFIP Advances in Information and Communication Technology,"The objective of this paper is to identify ways of managing capacity in healthcare settings and apply them to Emergency Care Units. The methodology used is based on three pillars: 1. lexical and content analysis of existing scientific articles in the Scopus database; 2. quantify and qualify the existence of publications by identifying the correlations between authors using VOSviewer; 3. proposed application of capacity management in 50 Emergency Care Units. The results showed that with Capacity Management it is possible to generate activities that add more value to the infrastructure and control service delivery, eliminating queues and bottlenecks in the healthcare environment, thus contributing to effective service through continuous flow in the urgency and emergency of 24 h ECUs. © 2021, IFIP International Federation for Information Processing.",Capacity control; Capacity management; Lean healthcare,Artificial intelligence; Control systems; Industrial management; Capacity management; Content analysis; Continuous flows; Control services; Healthcare environments; Scientific articles; Scopus database; Systematic Review; Health care,"Universidade Federal do Pará, Abaetetuba, Brazil; Universidade Federal do Pará, Belém, Brazil; Instituto de Ciência e Tecnologia, Universidade Federal Fluminense, Rio das Ostras, Brazil",English,Conference paper | Proceedings Paper,"Cited by: 9; Conference name: IFIP WG 5.7 International Conference on Advances in Production Management Systems, APMS 2021; Conference sponsors: ; Conference code: 264779; Conference date: 5 September 2021 through 9 September 2021; All Open Access; Green Open Access",18684238,Conference Proceedings Citation Index - Science (CPCI-S),scopus+wos,10.1007/978-3-030-85902-2_32,capacitymanagementasatoolforimprovinginfrastructureintheleanhealthcareasystematicreview_2021,excluir
C111,Combined Model Based on Lean Healthcare and BPA to Reduce Waiting Times in Public Health Entities,2021,10.1007/978-3-030-75680-2_42,"Smart Innovation, Systems and Technologies","Economic penalties have been imposed when there are long waiting times in low-income health centers in Peru; this problem is a crucial cause of the deficient global assessment on the national health level. Within this context, a model is presented that combines diagnostic and solution tools based on applying the Lean Healthcare philosophy within the parameters of Good Storage Practices, demand forecasting, system simulation, and Gemba Kaizen formats. Among the results obtained, the average daily waiting times were reduced by 63.89% simultaneously, process times were decreased by 12.62%, and reject patients by 2%. © 2021, The Author(s), under exclusive license to Springer Nature Switzerland AG.",Demand forecast; Gemba Kaizen; Good storage practices; Lean healthcare; System simulation; Waiting times,Diagnosis; Public health; Combined model; Demand forecasting; Economic penalty; Health centers; Low incomes; Storage practices; System simulations; Waiting time; Health care,"Universidad Peruana de Ciencias Aplicadas, Av. Prolongación Primavera 2390, Santiago de Surco, Lima, Peru",English,Conference paper,"Cited by: 0; Conference name: 6th Brazilian Technology Symposium, BTSym 2020; Conference sponsors: ; Conference code: 261239; Conference date: 26 October 2020 through 28 October 2020",21903018,,scopus,10.1007/978-3-030-75680-2_42,combinedmodelbasedonleanhealthcareandbpatoreducewaitingtimesinpublichealthentities_2021,excluir
C112,Data Modelling and Validation of An Emergency Department Simulation Model—A Lean Healthcare Approach,2021,10.1007/978-3-030-78570-3_1,Springer Proceedings in Mathematics and Statistics,"An increasing demand for the public emergency systems has been noticed in the recent past. Since public hospitals capacity, in terms of resources, doesn’t followed such increase proportionally, operational problems started to emerge. To pursue better hospital operations management, lean philosophy has been adopted since the its successful cases in the industry. For this purpose, a statistical analysis was made in the hospital database in order to obtain key performance indicators (KPI), such as Takt Time as well as the arrival patterns per priority. Such statistical data and KPIs were posteriorly used to validate a discrete simulation model that represents the emergency system of a public hospital in Portugal. Therefore, multiple processes were modeled, like the admission, triage and the arrival of patients to the treatment rooms. Finally, it is presented the validation procedure for the simulation model. After testing it was possible to prove that the simulation model is valid, which means that is capable of representing the real system, achieving realistic results. © 2021, The Author(s), under exclusive license to Springer Nature Switzerland AG.",Discrete event simulation; Lean healthcare; Simulation; Simulation model,Benchmarking; Hospitals; Patient treatment; Discrete simulation model; Emergency departments; Hospital operations; Key performance indicators; Modelling and validation; Operational problems; Public emergencies; Statistical datas; Verification,"Algoritmi Centre, Production and Systems Department, School of Engineering, University of Minho, Guimarães, Portugal",English,Conference paper,"Cited by: 1; Conference name: 26th International Joint Conference on Industrial Engineering and Operations Management, IJCIEOM 2021; Conference sponsors: ; Conference code: 264639; Conference date: 22 February 2021 through 24 February 2021",21941009,,scopus,10.1007/978-3-030-78570-3_1,datamodellingandvalidationofanemergencydepartmentsimulationmodelaleanhealthcareapproach_2021,excluir
C113,Decision Support System for the Application of Lean Healthcare in Stock Management in Health Facilities,2021,10.1109/dasa53625.2021.9682338,"2021 International Conference on Decision Aid Sciences and Application, DASA 2021","The scarcity of consumables in health facilities has important implications for the quality of healthcare services, the user's well-being, and costs. The negative impacts associated with the lack of necessary products for the treatment of patients can be minimized by applying the Lean philosophy to stock management in healthcare facilities. Therefore, an easy-to-use virtual Kanban decision support system with low implementation costs was created. The quantitative model includes the calculation of maximum and minimum stocks for each item and makes it possible to determine the level of urgency for placing orders. This model presupposes the classification of items according to the level of demand, providing, depending on that classification, the quantity to be purchased. The inventory optimization system is described and then tested using the items of a first-aid kit. © 2021 IEEE.",Decision support system; e-Kanban; Inventory management; Lean healthcare; Stock,Artificial intelligence; Decision making; Inventory control; Patient treatment; Consumables; E-kanban; Health facilities; Healthcare services; Inventory management; Kanbans; Lean healthcare; Quality of health care; Stock; Stock management; Decision support systems,"University of Beira Interior, Departament of Electromechanical Engineering, Covilhã, Portugal; University of Beira Interior, C-MAST - Centre for Mechanical and Aerospace Science and Technologies, Department of Electromechanical Engineering, Covilhã, Portugal",English,Conference paper | Proceedings Paper,"Cited by: 3; Conference name: 2021 International Conference on Decision Aid Sciences and Application, DASA 2021; Conference sponsors: ; Conference code: 176623; Conference date: 7 December 2021 through 8 December 2021; All Open Access; Green Open Access",,Conference Proceedings Citation Index - Science (CPCI-S),scopus+wos,10.1109/dasa53625.2021.9682338,decisionsupportsystemfortheapplicationofleanhealthcareinstockmanagementinhealthfacilities_2021,excluir
C114,Evaluation of Fast-Track Implementation on Emergency Department: A Literature Review,2021,10.1007/978-3-030-85902-2_30,IFIP Advances in Information and Communication Technology,"The fast-track is an important strategy for the management and control of overcrowding, which is increasingly used in hospital emergency services. This review article aims to identify the main approaches and criteria for analyzing and deciding on the implementation of the fast-track strategy in the Emergency Department. The bibliographic review considered articles published in the Scopus and MedLine databases during the period 2010 and 2020. In general, the bibliographic research showed: the relative scarcity of scientific communication, regarding the implementation of fast-track strategies in hospital management systems; the diversity of the implantation purposes; the preference for modelling and simulation techniques; the difficulty of ex-ante and ex-post evaluation from a social perspective. The evaluation of the effectiveness of the implementation of fast-track strategies, when operational criteria are used, is based on quantitative models and techniques. In Brazil, the efficient management of Emergency Care Units, UPAs 24-h, is essential because the UPAs are a fundamental part of the Brazilian health system. © 2021, IFIP International Federation for Information Processing.",Assessment methods; Emergency department; Fast track; Lean healthcare,Artificial intelligence; Bibliographies; Emergency rooms; Industrial management; Bibliographic reviews; Efficient managements; Emergency departments; Ex-post evaluations; Management and controls; Modelling and simulations; Quantitative models; Scientific communication; Emergency services,"Federal Fluminense University, Niterói, RJ, Brazil; Federal University of Rio de Janeiro, Rio de Janeiro, RJ, Brazil",English,Conference paper | Proceedings Paper,"Cited by: 8; Conference name: IFIP WG 5.7 International Conference on Advances in Production Management Systems, APMS 2021; Conference sponsors: ; Conference code: 264779; Conference date: 5 September 2021 through 9 September 2021; All Open Access; Green Open Access",18684238,Conference Proceedings Citation Index - Science (CPCI-S),scopus+wos,10.1007/978-3-030-85902-2_30,evaluationoffasttrackimplementationonemergencydepartmentaliteraturereview_2021,excluir
C115,Fast Track in Emergency Services an Integrative Review,2021,10.1007/978-3-030-85902-2_26,IFIP Advances in Information and Communication Technology,"The objective of this study was to investigate the methodological theoretical framework of the Lean approach in overcrowded emergency services with the implementation of Fast Track. With the integrative review method, it was defined the guiding question: Which Lean principle is related to the application of Fast Track in overcrowded emergency services? The following database were used: Web of Science, PubMed, and Scopus in which 268 records were collected and 14 articles were selected. It was verified that Fast Track is a fast flow that favors the application of the principle of Continuous Flow, essential in emergency services with overcrowding, as it aims to reduce the average length of stay of patients with lower acuity. It was identified in the methodological theoretical framework the demand for more in-depth studies; and that Fast Track is an approach to reducing overcrowding in emergency services associated with the Continuous Flow principle. It was concluded that Fast Track proved to be an effective management strategy in reducing the average length of stay and waiting time of patients, which resulted in improvements in the flow of care and increased patient satisfaction, consequently providing improved performance in the emergency services. © 2021, IFIP International Federation for Information Processing.",Emergency departments; Fast track; Lean healthcare,Artificial intelligence; Industrial management; Average length of stays; Continuous flows; Effective management; In-depth study; Lean principles; Patient satisfaction; Theoretical framework; Web of Science; Emergency services,"Universidade Federal Fluminense, Rio das Ostras, Brazil; Ministério da Saúde, DAHU-SAES-MS, Distrito Federal, Brazil; Universidade Federal Fluminense, Niterói, Brazil",English,Conference paper | Proceedings Paper,"Cited by: 7; Conference name: IFIP WG 5.7 International Conference on Advances in Production Management Systems, APMS 2021; Conference sponsors: ; Conference code: 264779; Conference date: 5 September 2021 through 9 September 2021; All Open Access; Green Open Access",18684238,Conference Proceedings Citation Index - Science (CPCI-S),scopus+wos,10.1007/978-3-030-85902-2_26,fasttrackinemergencyservicesanintegrativereview_2021,excluir
C116,HFMEA-Fuzzy Model for Lean Waste Assessment in Health Care Units: Proposal and Utilization Cases,2021,10.1007/978-3-030-85902-2_28,IFIP Advances in Information and Communication Technology,"The management of risks and failures in health systems is considered one of the most efficient solutions for providing care to patients. In practice, this activity also makes it possible to join new corporate opportunities, because it allows preventive measures resulting from social, scientific, and technological developments to be constantly evolving throughout the organization. The aim of the article is to present an application of the failure modes and their health effects analysis model (HFMEA) integrated with Fuzzy logic in three Emergency Care Units (UPAs) in Brazil. This mapping model analyzes and analyzes how failures occurred in the supply chain of UPAs. The methodology used included dividing the study into 4 stages, which were used to prepare the proposed model through the evaluation of failure modes integrated with Fuzzy logic. This work reports as one of the roots of the problems in the studied UPAs: the predominance of processing and creativity waste. These, associated with the factor Management and Leadership for a Lean environment, demonstrate that failures in leadership are linked to the dissatisfaction of management support professionals. In addition, a hierarchical analysis of the failure probabilities and evaluation of the eight Lean wastes found in the UPAs was presented. © 2021, IFIP International Federation for Information Processing.",HFMEA-Fuzzy; Lean healthcare; Wastes,Artificial intelligence; Computer circuits; Health risks; Industrial management; Supply chains; Failure Probability; Fuzzy modeling; Health systems; Hierarchical analysis; Lean environments; Management support; Preventive measures; Technological development; Fuzzy logic,"Federal Fluminense University, Niterói, RJ, Brazil; Ministry of Health – Secretariat of Specialized Health Care – Department of Hospital, Home and Emergency Care, Brasilia, DF, Brazil; Campinas State University, Campinas, SP, Brazil",English,Conference paper | Proceedings Paper,"Cited by: 5; Conference name: IFIP WG 5.7 International Conference on Advances in Production Management Systems, APMS 2021; Conference sponsors: ; Conference code: 264779; Conference date: 5 September 2021 through 9 September 2021; All Open Access; Green Open Access",18684238,Conference Proceedings Citation Index - Science (CPCI-S),scopus+wos,10.1007/978-3-030-85902-2_28,hfmeafuzzymodelforleanwasteassessmentinhealthcareunitsproposalandutilizationcases_2021,excluir
C117,Home Healthcare Routing and Scheduling Problem During the COVID-19 Pandemic,2021,10.1007/978-3-030-85902-2_40,"ADVANCES IN PRODUCTION MANAGEMENT SYSTEMS: ARTIFICIAL INTELLIGENCE FOR SUSTAINABLE AND RESILIENT PRODUCTION SYSTEMS, APMS 2021, PT II","Home healthcare routing and scheduling problems provide a better condition for elderly and disabled people. In the presence of the worldwide pandemic of coronavirus disease 2019 (COVID-19 pandemic), these problems have shown their efficiency and necessity to notice this new group of patients suffering from COVID-19. For this purpose, a new mathematical model is developed for a home healthcare routing and scheduling problem (HHCRSP) regarding the impact of the COVID-19 outbreak. The satisfaction and cost of assigning staff to patients with suspected or confirmed COVID-19 are considered. This problem considers travel time between patients and aims to minimize it. The proposed model is solved using GAMS optimization software. Computational experiments are considered for several test problems and a sensitivity analysis is conducted to validate the model performance.",Home healthcare; Staff scheduling; Employee satisfaction; COVID-19,LEAN THINKING,"Tavakkoli-Moghaddam, R (Corresponding Author), Univ Tehran, Coll Engn, Sch Ind Engn, Tehran, Iran. Taghipour, Fatemeh; Tavakkoli-Moghaddam, Reza, Univ Tehran, Coll Engn, Sch Ind Engn, Tehran, Iran. Eghbali-Zarch, Maryam, Alzahra Univ, Fac Engn, Dept Ind Engn, Tehran, Iran.",English,Proceedings Paper,Green Submitted,1868-4238,Conference Proceedings Citation Index - Science (CPCI-S),wos,10.1007/978-3-030-85902-2_40,homehealthcareroutingandschedulingproblemduringthecovid19pandemic_2021,excluir
C118,INCREASE OF INSTALLED PRODUCTIVE CAPACITY IN CYTOLOGY SERVICE THROUGH IMPROVEMENTS IN THE PROCESS BASED ON LEAN HEALTHCARE PRINCIPLES; [AUMENTO DE CAPACIDAD INSTALADA EN EL SERVICIO DE CITOLOGÍAS MEDIANTE MEJORAS DEL PROCESO BASADAS EN LOS PRINCIPIOS DE LEAN HEALTHCARE],2021,,Proceedings from the International Congress on Project Management and Engineering,"Generally, the public health services have a high demand from patients, particularly when it comes to support different services that provide support to other medical specialties and sometimes to other hospitals within the service network. For timely patient care, these services must have an adequate balance in supply and demand, otherwise there will be long waiting times. In this case, the process of a Cytology Service (SC) presents a lag in diagnoses is analyzed. This analysis considered the current process mapping, the cycle times of each activity, as well as a probabilistic study in which the historical data available to the SC will be considered. In addition, as part of the current diagnosis, were applied tools based on the principles of Lean Healthcare (Lean manufacturing applied to health services) identifying the waste defined by this philosophy, with the aim of adding value to the process and reducing time Cycle. Finally, the causes that limited the installed capacity of the process were identified and a design was formulated that reduced the lag in the production of this service. © 2021 by the authors",Continuous improvement; cytology; lean healthcare; logistics; process; process engineering,,Instituto Tecnológico de Costa Rica; Universidad de Extremadura; Unviersidad de Extremadura,Spanish,Conference paper,"Cited by: 1; Conference name: 25th International Congress on Project Management and Engineering, CIDIP 2021; Conference sponsors: ; Conference code: 178244; Conference date: 7 July 2021 through 9 July 2021",26955067,,scopus,,increaseofinstalledproductivecapacityincytologyservicethroughimprovementsintheprocessbasedonleanhealthcareprinciplesaumentodecapacidadinstaladaenelserviciodecitologiasmediantemejorasdelprocesobasadasenlosprincipiosdeleanhealthcare_2021,excluir
C119,Implementation and evaluation of Lean Healthcare tools through the FlexSim simulator; [Implementación y evaluación de herramientas Lean Healthcare por medio del simulador FlexSim],2021,10.18687/laccei2021.1.1.594,"Proceedings of the LACCEI international Multi-conference for Engineering, Education and Technology","This research report demonstrated the use of FlexSim Healthcare simulation software to experiment with the implementation of Lean tools focused on health sector processes. The respective data collection was carried out, these models were validated by means of statistical tests with a 95% confidence interval comparing performance indicators, and positive results of the validations were obtained, the experimentation of the tools continued Lean, obtaining improvement results in the respective indicators of each area, for the reception area it was reduced to 12.58%, in the clinic area productivity was increased to 88.93%, and for the inventory area the times were reduced 43.92% waiting for patients. Upon knowing all the elements that implied the implementation of the selected tools, a cost-benefit analysis was performed, presenting a difference of 43% compared to the estimated cost for the inventory area. © 2021 Latin American and Caribbean Consortium of Engineering Institutions. All rights reserved.",5S; ExperFit; Experimenter; Kanban; Stroke diagram,,"Universidad Tecnológica Centroamericana (UNITEC), Facultad de Ingeniería, Departamento de Ingeniería Industrial y de Sistemas, Tegucigalpa, 11101, Honduras",English,Conference paper,"Cited by: 4; Conference name: 19th LACCEI International Multi-Conference for Engineering, Education Caribbean Conference for Engineering and Technology: ""Prospective and Trends in Technology and Skills for Sustainable Social Development"" and ""Leveraging Emerging Technologies to Construct the Future"", LACCEI 2021; Conference sponsors: ; Conference code: 175610; Conference date: 19 July 2021 through 23 July 2021; All Open Access; Bronze Open Access",24146390,,scopus,10.18687/laccei2021.1.1.594,implementationandevaluationofleanhealthcaretoolsthroughtheflexsimsimulatorimplementacionyevaluaciondeherramientasleanhealthcarepormediodelsimuladorflexsim_2021,excluir
C120,Implementation of Lean Techniques in Destination Management Organizations,2021,10.1007/978-981-33-4260-6_26,"Smart Innovation, Systems and Technologies","The competitive environment increasingly forces tourism organizations to review, restructure and redirect activities in order to gain competitive advantage in the conditions of a sustainable tourism development. The concept of Lean Management, as a new philosophy, successfully applied in the field of increasing production’s efficiency, can be developed and implemented in services, tourism and hospitality as well as in tourism destination management organizations. On this project, a new methodology for tourism destination management is developed, based on Lean Management principles. Throughout a new approach, the research carried out in this study offers opportunities to increase the competitiveness of the tourism and hospitality industry by improving the management system and, implicitly, an efficient use of the tourism resources, increasing productivity and satisfying customer requirements by offering services and products with higher added value. By efficiently applying Lean tools and techniques, we rethink the system, we control and improve processes in the value chain in order to increase the performance. Therefore, we will create a user-oriented and interactive support framework that can be used by management to streamline the activity and the operations of the management organizations for the tourist destinations. © 2021, The Author(s), under exclusive license to Springer Nature Singapore Pte Ltd.",Destination Management Organization (DMO); Lean Management; Tourism destination,Competition; Lean production; Leisure industry; Service industry; Sustainable development; Competitive advantage; Competitive environment; Customer requirements; Increasing production; Interactive supports; Sustainable tourism development; Tourism and hospitality industries; Tourist destinations; Tourism,"Transilvania University of Brasov, Brasov, Romania; CiTUR - Centre for Tourism Research, Development and Innovation, Peniche, Portugal",English,Conference paper,"Cited by: 4; Conference name: International Conference on Tourism, Technology and Systems, ICOTTS 2020; Conference sponsors: ; Conference code: 251839; Conference date: 29 October 2020 through 31 October 2020",21903018,,scopus,10.1007/978-981-33-4260-6_26,implementationofleantechniquesindestinationmanagementorganizations_2021,excluir
C121,"Information, Communication and Knowledge for Lean Healthcare Management Guidelines, a Literature Revision",2021,10.1007/978-3-030-85902-2_27,IFIP Advances in Information and Communication Technology,"The objective is to identify the management of information, communication and knowledge in Emergency Care Units (ECU). The method was a lexical and semantic analysis using VOSViewer, categorization of the results for a qualitative and cross analysis of the approaches on the subject. With the results of the practical application of the Lean Project in the ECU in 50 units it was possible to establish criteria and a parameter for knowledge management in this health area. The results categorize the publications in four central themes in healthcare: leadership and governance; quality in health; technology and information; Lean. The information flow is presented as a means, not an end activity and this is confirmed when the articles limit themselves to highlight the means of communication, applications or devices used for the dissemination of information, without further deepening of steps such as data collection, validation and valuation of information in health environments. The human factor is the main agent of change, because it needs clarity that the use of information and communication technologies do not make its final activity impossible, but it is a facilitating, agile and effective tool in the conduct of their work activities. © 2021, IFIP International Federation for Information Processing.",Communication management; Information management; Lean Healthcare,Artificial intelligence; Industrial management; Knowledge management; Semantics; Data collection; Effective tool; Emergency care; Health-care managements; Information and Communication Technologies; Information flows; Semantic analysis; Work activities; Health care,"Universidade Federal do Pará, Belém, Brazil; Universidade Federal do Pará, Abaetetuba, Brazil; Instituto de Ciência e Tecnologia, Universidade Federal Fluminense, Rio das Ostras, Brazil",English,Conference paper | Proceedings Paper,"Cited by: 6; Conference name: IFIP WG 5.7 International Conference on Advances in Production Management Systems, APMS 2021; Conference sponsors: ; Conference code: 264779; Conference date: 5 September 2021 through 9 September 2021; All Open Access; Green Open Access",18684238,Conference Proceedings Citation Index - Science (CPCI-S),scopus+wos,10.1007/978-3-030-85902-2_27,informationcommunicationandknowledgeforleanhealthcaremanagementguidelinesaliteraturerevision_2021,excluir
C122,Karakuri: A Proposal to Waste Reduce in the Health Service,2021,10.1007/978-3-030-85902-2_39,IFIP Advances in Information and Communication Technology,"The objective of this study is to analyze the adherence of the Karakuri (low-cost automation) technology for eliminating Lean wastes in healthcare units. To carry out this study reports of continuous improvement practices were analyzed from three Units located in the State of São Paulo (Brazil). These practices of Lean Healthcare approach implementation were applied during the period from June to October 2020. The present literature on the term Karakuri was also analyzed in four data research bases and it was made a study around correlate cases. In conclusion, it is noted that Karakuri seems capable of eliminating the main wastes reported in the analyzed health units in question, which are: defects, motion, waiting, and not using human talent. © 2021, IFIP International Federation for Information Processing.",Karakuri; Lean healthcare; Lean wastes; Low-cost automation,Health care; Industrial management; Continuous improvements; Health services; Lean wastes; Low costs; Artificial intelligence,"Instituto de Ciência e Tecnologia, Universidade Federal Fluminense, Rio das Ostras, Brazil",English,Conference paper | Proceedings Paper,"Cited by: 2; Conference name: IFIP WG 5.7 International Conference on Advances in Production Management Systems, APMS 2021; Conference sponsors: ; Conference code: 264779; Conference date: 5 September 2021 through 9 September 2021; All Open Access; Green Open Access",18684238,Conference Proceedings Citation Index - Science (CPCI-S),scopus+wos,10.1007/978-3-030-85902-2_39,karakuriaproposaltowastereduceinthehealthservice_2021,excluir
C123,Lean Healthcare Applied Systematically in the Basic Image Examination Process in a Medium-Sized Medical Clinic,2021,10.1007/978-3-030-85902-2_43,IFIP Advances in Information and Communication Technology,"The objective of this paper is to propose a systematic application of Lean Healthcare in the activity of fetching the next patient in the X-ray examination process. The methodology used is based on two pillars: the first, called a survey, aims to map the process in which the focus activity is inserted and, thus, obtain the associated waste, identifying the root cause of what will be treated. Then, the proposed Lean pillar will propose a tool to remedy the waste in question, applying the necessary actions within a schedule and, finally, collecting the results and comparing them with the initial measurement. As a result, there is an improvement in the hospital processes from the Lean perspective, specifically in the activity of fetching the next patient, in the X-Ray examination, reducing the non-added value identified in this activity, that is, in the waiting time of the patient. As conclusions, it was possible to obtain concrete information about the implementation of this proposed systematic application, so that it can be replicated in other wastes, generating a systematic proposal, filling a gap in the literature, which covers the lack of fully structured studies with practical results of Lean Healthcare systematics in the medical clinic wing of hospitals. © 2021, IFIP International Federation for Information Processing.",Health services; Lean Healthcare; Medical clinic; X-ray exam,Artificial intelligence; Health care; Hospitals; Industrial management; X rays; Added values; Examination process; Medical clinics; Root cause; Waiting-time; X ray examination; Medical image processing,"Fluminense Federal University, Niterói, Brazil; School of Applied Sciences, Campinas State University, Limeira, Brazil; School of Medical Sciences, Campinas State University, Campinas, Brazil; Institute of Exact and Applied Sciences, Federal University of Ouro Preto, João Monlevade, Brazil",English,Conference paper | Proceedings Paper,"Cited by: 6; Conference name: IFIP WG 5.7 International Conference on Advances in Production Management Systems, APMS 2021; Conference sponsors: ; Conference code: 264779; Conference date: 5 September 2021 through 9 September 2021; All Open Access; Green Open Access",18684238,Conference Proceedings Citation Index - Science (CPCI-S),scopus+wos,10.1007/978-3-030-85902-2_43,leanhealthcareappliedsystematicallyinthebasicimageexaminationprocessinamediumsizedmedicalclinic_2021,excluir
C124,Lean Healthcare in Reducing HAI an Integrative Literature Review,2021,10.1007/978-3-030-85902-2_38,IFIP Advances in Information and Communication Technology,"The aim of this study was to analyze the contributions of the Lean Healthcare approach through the use of methods and tools to reduce Healthcare-Associated Infections (HAI). The guiding question of the study was to investigate how can the Lean Healthcare approach contribute to the implementation of actions to mitigate the risk of HealthCare-Associated Infections? Articles were collected from 2010 to February 2021, in the Web of Science, Scopus, Emerald databases. An analysis form was created. Of the 21 articles collected, 09 were selected, according to the PRISMA®. As for Lean Healthcare methods and tools, the use of standardized work, CTQ and SIPOC was identified as the most used to mitigate the risk of HAI. The high LOS of patients in the hospital increases the risk of HAI, with Lean Six Sigma results in the reduction of hospital costs and lower rates of LOS, with the reduction of the number of complications and infections. Standardized work has reduced the rates of HAI, which reinforces the idea of the need to implement the Lean Healthcare approach, with a focus on respect for people and consequently on the valorization of teamwork, which leads to change in the organizational culture. © 2021, IFIP International Federation for Information Processing.",Healthcare-Associated Infections; Lean; Lean Healthcare,Artificial intelligence; Hospitals; Industrial management; Process engineering; Hospital costs; Lean Six Sigma; Literature reviews; Organizational cultures; Web of Science; Health care,"Universidade Federal Fluminense, Rio das Ostras, Brazil",English,Conference paper | Proceedings Paper,"Cited by: 11; Conference name: IFIP WG 5.7 International Conference on Advances in Production Management Systems, APMS 2021; Conference sponsors: ; Conference code: 264779; Conference date: 5 September 2021 through 9 September 2021; All Open Access; Green Open Access",18684238,Conference Proceedings Citation Index - Science (CPCI-S),scopus+wos,10.1007/978-3-030-85902-2_38,leanhealthcareinreducinghaianintegrativeliteraturereview_2021,excluir
C125,Lean Thinking Application in the Healthcare Sector,2021,10.1007/978-3-030-92934-3_37,IFIP Advances in Information and Communication Technology,"As years go by, companies operate in an ever-changing environment requiring strategic tools to provide effectiveness and efficiency. The Healthcare sector is not different, dealing with several challenges like increasing patient numbers and limited resources. Healthcare centers need to improve continuously while offering the best services to their patients. The lean thinking, which was initially a symbol of manufacturing process, has evolved over the years to reach the scope of service improvement. This paper exhibits a successful initiative of engaging lean thinking in the healthcare industry to develop more efficient and effective services. © 2021, IFIP International Federation for Information Processing.",Continuous improvement; Italy; Lean healthcare,Changing environment; Continuous improvements; Effectiveness and efficiencies; Healthcare sectors; Italy; Lean healthcare; Lean thinking; Manufacturing process; Service improvement; Strategic tool; Health care,"Politecnico di Milano, Via Lambruschini 4b, Milan, 20156, Italy",English,Conference paper | Proceedings Paper,"Cited by: 1; Conference name: 7th European Lean Educator Conference, ELEC 2021; Conference sponsors: ; Conference code: 270379; Conference date: 25 October 2021 through 27 October 2021; All Open Access; Green Open Access",18684238,Conference Proceedings Citation Index - Social Science &amp; Humanities (CPCI-SSH),scopus+wos,10.1007/978-3-030-92934-3_37,leanthinkingapplicationinthehealthcaresector_2021,excluir
C126,Lean Transformation in Healthcare: A French Case Study,2021,10.1007/978-3-030-85902-2_41,IFIP Advances in Information and Communication Technology,"Evidence from current publications mainly US, UK, Canada and recently Europe has highlighted the relevancy of Lean healthcare in improving patient pathway efficiency. The aim of this case study is to demonstrate how the French public hospital succeeded at using Lean thinking, and how, using the Lean tools with the team’s involvement, it improved the quality of health services delivered to the patient. Emergency complaints dropped by 50%, length of stay reduced by 30%. This paper highlights how Lean was implemented to revolve around the patient, creating valuable results which improved the global performance, whilst maintaining employees’ involvement and satisfaction. Two Lean experiences in hospital units are described showing the reduction of wastes and the possible monitoring of KPI to sustain Lean pillars Jidoka and JIT. These two first Lean experiences are not alone, more hospital services have been experiencing Lean approaches and more results will be communicated soon in wider publication. © 2021, IFIP International Federation for Information Processing.",Case study; Innovative organization; Lean drivers; Lean implementation; Lean practices,Artificial intelligence; Binary alloys; Health care; Industrial management; Uranium alloys; Global performance; Health services; Hospital service; Lean thinking; Lean tools; Lean transformation; Length of stay; Hospitals,"Univ. Bordeaux, CNRS, IMS, UMR 5218, Talence, 33405, France",English,Conference paper | Proceedings Paper,"Cited by: 0; Conference name: IFIP WG 5.7 International Conference on Advances in Production Management Systems, APMS 2021; Conference sponsors: ; Conference code: 264779; Conference date: 5 September 2021 through 9 September 2021; All Open Access; Green Open Access",18684238,Conference Proceedings Citation Index - Science (CPCI-S),scopus+wos,10.1007/978-3-030-85902-2_41,leantransformationinhealthcareafrenchcasestudy_2021,excluir
C127,Lean and Safety Management in Primary Care: Guidelines to Improve the Continuity of Care for Chronic Pathways,2021,10.34190/mlg.21.023,"Proceedings of the 17th European Conference on Management, Leadership and Governance, ECMLG 2021","The project regards the adoption of LH in primary care, and particularly in chronic pathways, with the final aim of building a model based on best practices to improve the efficiency, efficacy, safety and continuity of care for frail patients. The project will follow a multiple case study approach, analysing and comparing different practices and models, with the purpose of identifying guidelines to create an integrated healthcare system based on a “lean and safety” perspective. From an academic perspective, the project enriches the current scientific literature, introducing a structured methodology to proactively manage risks and wastes in the new setting of chronic pathways in primary care. From a managerial perspective, the project contributes to identify guidelines to improve their coordination and integration, guaranteeing the sustainability, equity and accessibility of health services. © 2021 Proceedings of the 17th European Conference on Management, Leadership and Governance, ECMLG 2021. All rights reserved.",Chronic Pathways; Continuity of Care; Integration of Care; Lean Healthcare; Primary Care; Safety,Best practices; Chronic pathway; Continuity of cares; Integration of care; Lean healthcare; Lean management; Model-based OPC; Multiple-case study; Primary care; Safety management,"University of Padova, Vicenza, Italy",English,Conference paper | Proceedings Paper,"Cited by: 4; Conference name: 17th European Conference on Management, Leadership and Governance, ECMLG 2021; Conference sponsors: ; Conference code: 175915; Conference date: 8 November 2021 through 9 November 2021",2048-9021,Conference Proceedings Citation Index - Social Science &amp; Humanities (CPCI-SSH),scopus+wos,,leanandsafetymanagementinprimarycareguidelinestoimprovethecontinuityofcareforchronicpathways_2021,excluir
C128,MANAGEMENT PRACTICES APPLIED TO INCREASE THE UTILIZATION OF DONATED ORGANS: A SYSTEMATIC REVIEW,2021,10.52202/060557-0056,"Proceedings of the 30th International Conference of the International Association for Management of Technology, IAMOT 2021 - MOT for the World of the Future","Context: Organ donation is sometimes the only solution for patients suffering from terminal illnesses. Unfortunately, there is a gap between the demand and supply of organs for transplantation and an increase in the need for donated organs worldwide. In the United States of America (USA), approximately one hundred and seven thousand citizens await organ transplantation; in Europe, in 2020, there were 150 thousand patients on the waiting list. The gap in the demand-supply curve is due mainly to two reasons: first, the number of donated organs is not sufficient; and second, there is a low utilization rate of donated organs in the transplantation process. This article aims to systematically review the literature to identify the management practices implemented to increase the utilization of donated organs. The studies were classified considering three critical dimensions of lean management practices: people, process, and technology (Conboy et al., 2020; Vidgen, Shaw and Grant, 2017). Method. We searched five databases in March 2021: EBSCO, SCOPUS, WEB OF SCIENCE, PROQUEST, AND SCIELO. Search terms were the following: (""organ utilization"" OR ""organ utilisation"" OR ""organ subutilization"" OR ""organ subutilisation"" OR ""organ transplant*"" OR ""organ donation"" OR ""organ procurement"") AND (management OR performance OR otimization OR efficient OR efficiency OR otimisation OR improvement OR logistics OR process*). The eligibility criteria included empirical academic articles written in English, Portuguese, or Spanish, that focused on improving the utilization of donated organs from deceased donors through managerial practices. Therefore, we did not include theoretical articles or those focused on clinical aspects. Results: The search returned 2,166 articles, and 14 were selected and analyzed in this review. Most of the articles were developed in the USA (7/14, 50%). Most of the managerial practices adopted to improve the utilization of donated organs are related to the implementation of technology (7/14, 50%), 29% (4/14) described practices related to process improvement, and three articles (21%) focused on actions related to the people dimension. Usually, the practices related to the process and technology dimensions were directed to solve logistical problems. In turn, people dimension actions were focused on improving communication along the process and highlighting the importance of a transplant coordinator to increase the process efficiency. Conclusion. There are few studies dedicated to research the implementation of managerial practices to improve the donation-transplantation process. However, managerial practices can help reduce logistical problems, improve communication along the process, and automate processes, increasing the organ donation-transplantation process's efficiency. This study's relevance to society is undeniable since thousands of people are waiting for a donated organ. Therefore, increasing the utilization of donated organs can offer a chance to live for these people. To academia, the study is essential due to the lack of publications on this topic. Systematizing the existing knowledge on the subject can help identify research gaps and stimulate future studies. Also, our results highlight management practices that can be adopted for practitioners and public managers to reduce the waste of donated organs. Copyright © 2021 by Naudé Scribante. Permission granted to IAMOT to publish and use.",Organ donation; Organ transplantation; Organ utilization; Systematic literature review,Transplantation (surgical); Logistical problems; Management practises; Managerial practices; Organ donations; Organ utilization; Patient's suffering; Process efficiency; Systematic literature review; Systematic Review; United States of America; Managers,"Federal University of Rio de Janeiro, COPPEAD, CESS, Brazil",English,Conference paper,"Cited by: 0; Conference name: 30th International Conference of the International Association for Management of Technology: MOT for the World of the Future, IAMOT 2021; Conference sponsors: ; Conference code: 174787; Conference date: 19 September 2021 through 23 September 2021",,,scopus,10.52202/060557-0056,managementpracticesappliedtoincreasetheutilizationofdonatedorgansasystematicreview_2021,excluir
C129,MDE-S: A Case Study of the Health Company Diagnostic Method Applied in Three Health Units,2021,10.1007/978-3-030-85902-2_33,IFIP Advances in Information and Communication Technology,"The objective of this study was to evaluate the degree of organizational maturity in three Emergency Care Units (a.k.a. UPA in Brazilian acronym) in a city in the interior of the state of São Paulo - Brazil, with the following fundamental criteria observed: the utility, feasibility, and specialized technical knowledge of the health unit contextualized in this study. The method used was the Health Company Diagnostic Method (MDE-S), which is an approach to study and qualify the level and organizational maturity, that has the fundamental characteristic of providing a cycle of continuous improvement in the company. Among the most relevant results, the study demonstrated, in comparison with a study conducted in Basic Health Units in the interior of the state of Rio de Janeiro, an existent lack of knowledge in health management tools and basic administration fundamentals of the evaluated units. Finally, the study recommends that a strategic system be created for the management and deployment of goals and guidelines, based on Hoshin Kanri. It is considered that, despite the challenges that will certainly occur, this small-scale and well-developed diagnostic system will certainly be useful and may become an important step towards a continuous practice of efficient management in the investigated health unit. © 2021, IFIP International Federation for Information Processing.",Lean healthcare; Lean hospital; Maturity; MDE-S,Artificial intelligence; Industrial management; Continuous improvements; Diagnostic methods; Diagnostic systems; Efficient managements; Fundamental characteristics; Health management; Organizational maturity; Strategic systems; Health,"Universidade Federal Fluminense, Rio das Ostras, Brazil; Universidade Estadual Paulista, Guaratingueta, Brazil",English,Conference paper | Proceedings Paper,"Cited by: 7; Conference name: IFIP WG 5.7 International Conference on Advances in Production Management Systems, APMS 2021; Conference sponsors: ; Conference code: 264779; Conference date: 5 September 2021 through 9 September 2021; All Open Access; Green Open Access",18684238,Conference Proceedings Citation Index - Science (CPCI-S),scopus+wos,10.1007/978-3-030-85902-2_33,mdesacasestudyofthehealthcompanydiagnosticmethodappliedinthreehealthunits_2021,excluir
C130,Proposal for a health information management model based on Lean thinking,2021,10.1016/j.procs.2021.01.306,INTERNATIONAL CONFERENCE ON ENTERPRISE INFORMATION SYSTEMS / INTERNATIONAL CONFERENCE ON PROJECT MANAGEMENT / INTERNATIONAL CONFERENCE ON HEALTH AND SOCIAL CARE INFORMATION SYSTEMS AND TECHNOLOGIES 2020 (CENTERIS/PROJMAN/HCIST 2020),"Although assessing quality in the health field is a prominent challenge, there is unanimity among managers that it is necessary to select appropriate assessment systems and methods to assist the administration of services and provide decision-making with the least degree of uncertainty possible. Lean, also known as lean philosophy, is a management model that has been used in the area of Health. The management of data, knowledge, and health services must be carefully performed, so that quality care can be offered. at all levels of care. In this way, when implementing Lean strategies in Information Technology, it is necessary to evaluate all its processes within the institution to eliminate waste, structure functions within the applied methodology and measure improvement at all levels of the organization. Thus, the general objective of this article is that of a study that leads to a health information management model based on Lean thinking in the municipality of Ituverava. The highly heterogeneous, and sometimes ambiguous, nature of the medical language and its constant evolution, the high amount of data generated constantly by the automation of processes and the emergence of new technologies constitute the foundation for the inevitable computerization of health to promote the production and management of knowledge. Adopting Lean thinking in health may seem a challenge initially for managers and team members, but as the first results begin to appear, profound and concrete changes are visible for positive transformation for improvements in the quality of the service provided, until the culture can be learned completely in order to have the perfect care. (C) 2021 The Authors. Published by Elsevier B.V.",Lean Healthcare; Health Information Systems; Quality Improvement,,"Teixeira, JCC (Corresponding Author), Univ Sao Paulo, Ribeirao Preto Med Sch, Hlth Intelligence Lab, Ribeirao Preto, Brazil. Caretta Teixeira, Jessica Cristina, Univ Sao Paulo, Ribeirao Preto Med Sch, Hlth Intelligence Lab, Ribeirao Preto, Brazil. Bernardi, Filipe Andrade, Univ Sao Paulo, Bioengn Postgrad Program, Sao Carlos, Brazil. Charters Lopes Rijo, Rui Pedro, Polytech Inst Leiria, Sch Technol & Management, Leiria, Portugal. Alves, Domingos, Univ Sao Paulo, Ribeirao Preto Med Sch, Ribeirao Preto, Brazil.",English,Proceedings Paper,gold,1877-0509,Conference Proceedings Citation Index - Science (CPCI-S); Conference Proceedings Citation Index - Social Science &amp; Humanities (CPCI-SSH),wos,10.1016/j.procs.2021.01.306,proposalforahealthinformationmanagementmodelbasedonleanthinking_2021,excluir
C131,TPM Adaptation as Lean Healthcare Practice to Improve the Logistics Processes of a Pharmaceutical Supply Center—PSC,2021,10.1007/978-3-030-78570-3_44,Springer Proceedings in Mathematics and Statistics,"Lean Healthcare (LH) is being increasingly applied in health processes, especially in higher complexity level facilities as hospitals and clinics, and less in primary care facilities. Tools as Total Productive Maintenance (TPM) can be useful to minimize process errors and bottlenecks, putting in practice a type of monitoring focused on the productivity of the organization as a whole. However, the peculiarities of health processes require adaptations in order to become efficient. This study aims at investigating the necessary adaptations of LH practices in a primary health care setting. The unit studied consists of the drug storage and distribution from a Pharmaceutical Supply Center (PSC) located in a city of the State of Rio Grande do Sul, Brazil. Health management professionals must design, manage and optimize the Pharmaceutical Assistance (PA) operations which include acquisition, storage of medicines in warehouses called PSCs. It is a single case study conducted from June 2019 to February 2020. Data collection and problem diagnosis involved qualitative interviews, chronoanalysis, process mapping and diagram of cause-effect relationships. Information collected showed eighteen problems in the PSC and losses throughout the process. One of the challenges faced throughout the paper was to adapt calculation variables used in the TPM to analyze efficiency within PSC. Such an adaptation was essential to determine the efficiency of the separation process carried out at PSC. It was not possible to complete the four steps of the Lean healthcare implementation and we suggest its completion for future works. © 2021, The Author(s), under exclusive license to Springer Nature Switzerland AG.",Lean Healthcare (LH); Pharmaceutical Supply Center (PSC); Total Productive Maintenance (TPM),Digital storage; Efficiency; Cause-effect relationships; Complexity levels; Health management; Primary healthcare; Qualitative interviews; Rio Grande do Sul; Separation process; Total productive maintenance; Health care,"Federal University of Rio Grande Do Sul (UFRGS), 150 St São Luís, Porto Alegre, RS, Brazil; Federal University of Rio Grande Do Sul (UFRGS), 99 Ave Osvaldo Aranha, Porto Alegre, RS, Brazil",English,Conference paper,"Cited by: 1; Conference name: 26th International Joint Conference on Industrial Engineering and Operations Management, IJCIEOM 2021; Conference sponsors: ; Conference code: 264639; Conference date: 22 February 2021 through 24 February 2021",21941009,,scopus,10.1007/978-3-030-78570-3_44,tpmadaptationasleanhealthcarepracticetoimprovethelogisticsprocessesofapharmaceuticalsupplycenterpsc_2021,excluir
C132,Application of Heijunka for Surgical Production Leveling,2022,10.1007/978-3-031-14763-0_22,Springer Proceedings in Mathematics and Statistics,"The increasing demand and the limitation of resources in health organizations raise the need for more efficient management. With demand higher than the capacity, patient queues increase, causing hospitals to need flexible management mechanisms to deal with the existing lists. In this context, adaptations of principles and methods of Industrial Engineering and Management, such as Lean Thinking and Heijunka, naturally arise. These adaptations contribute to the improvement of performance in health processes. This work aims to reduce the average resolution times of surgical cases by application of Heijunka to level the surgical production between different specialties of a large Brazilian hospital. With the application of Heijunka principles, the organization obtained an estimated mean reduction in the resolution time of elective surgeries from 17 to 10 months. In addition to the equity obtained between the queues of the specialties, reduction of costs with materials, consultations, and preoperative examinations, there are also estimated cost savings. In this context, Heijunka has advantages related to the leveling of surgical production, greater equity in resolution times, and serves as a tool for planning the distribution of operating rooms. © 2022, The Author(s), under exclusive license to Springer Nature Switzerland AG.",Heijunka; Lean Healthcare; Operating Room; Surgery Production Leveling,Surgery; Context-adaptation; Efficient managements; Flexible management; Health organizations; Heijunka; Lean healthcare; Management mechanisms; Production leveling; Resolution time; Surgery production leveling; Operating rooms,"Algoritmi Research Centre, Department of Production and Systems, School of Engineering of the University of Minho, Braga, Portugal; Escola Politécnica – Programa de Pós-Graduação em Engenharia de Produção e Sistemas/Programa de Pós-Graduação em Gestão e Negócios – UNISINOS, Sao Leopoldo, Brazil",English,Conference paper | Proceedings Paper,"Cited by: 3; Conference name: 8th International Joint Conference on Industrial Engineering and Operations Management, IJCIEOM 2022; Conference sponsors: ; Conference code: 286699; Conference date: 17 July 2022 through 20 July 2022",21941009,Conference Proceedings Citation Index - Science (CPCI-S),scopus+wos,10.1007/978-3-031-14763-0_22,applicationofheijunkaforsurgicalproductionleveling_2022,excluir
C133,Clustering Brazilian Public Emergency Healthcare Units,2022,10.1016/j.ifacol.2022.09.454,IFAC-PapersOnLine,"This work aims to describe a modelling that classify Units of Public Healthcare into categories according to these similarities under time variables. To know this classification could help public management in providing better services, once specific strategies and actions to improve the services should be addressed to the specific groups of healthcare units. This paper contributes to this subject by describing a modelling addressed to categorize Brazilian Public Units of Healthcare that operates 24 hours in a day providing public healthcare services. These units are known in Brazil as ""UPAS 24h"". In the modelling we collected the data from a set composed by 10 UPAS covering 28 days of February, 2021, that have a dayly mean around 115 attendances. The data were first clustered using a k-means algorithm and with the support of the ""Visual Kmeans"" an web app free to use and available at https://pykmeans.herokuapp.com. © 2022 The Authors. This is an open access article under the CC BY-NC-ND license (https://creativecommons.org/licenses/by-nc-nd/4.0/)",Clustering; Decision; Healthcare; Lean Healthcare; Public services,Emergency services; Health care; HTTP; Clusterings; Decision; Emergency healthcares; Healthcare; Lean healthcare; Public emergencies; Public healthcares; Public management; Public services; Time variable; K-means clustering,"Departamento de Engenharia de Produção, Universidade Federal Fluminense, RJ, Volta Redonda, Brazil; Curso Engenharia de Produção, Universidade Federal Fluminense, RJ, Rio das ostras, Brazil; Curso de Enfermagem, Universidade Federal Fluminense, RJ, Rio das ostras, Brazil; Escola de Engenharia Industrial e Metalúrgica de Volta Redonda, Universidade Federal Fluminense, RJ, Volta Redonda, Brazil",English,Conference paper | Proceedings Paper,"Cited by: 3; Conference name: 10th IFAC Conference on Manufacturing Modelling, Management and Control, MIM 2022; Conference sponsors: ; Conference code: 148818; Conference date: 22 June 2022 through 24 June 2022; All Open Access; Gold Open Access",24058963,Conference Proceedings Citation Index - Science (CPCI-S),scopus+wos,10.1016/j.ifacol.2022.09.454,clusteringbrazilianpublicemergencyhealthcareunits_2022,excluir
C134,DMAIC in improving patient care processes: Challenges and facilitators in context of healthcare,2022,10.1016/j.ifacol.2022.09.628,IFAC-PapersOnLine,"This study aims to understand the DMAIC process applied in the context of Six Sigma and Lean Six Sigma focusing on direct patient care. For such a purpose, a systematic literature review was performed on DMAIC found in empirical studies about Hospitals and Emergency units. Several articles have been reviewed and two topics were addressed with the aim of performing the DMAIC process through Six Sigma/Lean Six Sigma, namely: challenges and facilitators. Resistance to change and limited resources, for example, were recurring themes as regards implementation challenges. © 2022 The Authors. This is an open access article under the CC BY-NC-ND license (https://creativecommons.org/licenses/by-nc-nd/4.0/)",challenge; DMAIC; facilitator; Lean Healthcare; Lean Six Sigma; patient,Health care; Lean production; Process monitoring; Work simplification; Challenge; DMAIC; Facilitator; In contexts; Lean healthcare; Lean Six Sigma; Patient; Patient care; Patient care process; Six-Sigma; Six sigma,"Federal University of Rio de Janeiro, Rio de Janeiro, Macaé, Brazil; Fluminense Federal University, Volta Redonda, Rio de Janeiro, Brazil; Ministry of Health, DAHU-SAES-MS, Federal District, Brasília, Brazil",English,Conference paper | Proceedings Paper,"Cited by: 9; Conference name: 10th IFAC Conference on Manufacturing Modelling, Management and Control, MIM 2022; Conference sponsors: ; Conference code: 148818; Conference date: 22 June 2022 through 24 June 2022; All Open Access; Gold Open Access",24058963,Conference Proceedings Citation Index - Science (CPCI-S),scopus+wos,10.1016/j.ifacol.2022.09.628,dmaicinimprovingpatientcareprocesseschallengesandfacilitatorsincontextofhealthcare_2022,excluir
C135,DMAIC in improving patient care processes: Replication and Lessons learned in context of healthcare,2022,10.1016/j.ifacol.2022.09.451,IFAC-PapersOnLine,"Lean Six Sigma based on coupling DMAIC practices with a Lean approach has yielded important and valuable results in the context of healthcare, such as reduced length of stay in services and increased patient satisfaction. Therefore, this study aims to understand the DMAIC method in the context of Six Sigma and Lean Six Sigma implementation in processes focusing on direct patient care. Articles have been reviewed and topics were addressed with the aim of performing the DMAIC method through Six Sigma/Lean Six Sigma, namely: Replication and Lessons Learned. Project replication was not found in a large number of works evaluated in the systematic literature review. Results of DMAIC implementation in 50 emergency care units (UPAs) in Brazil and a compilation of lessons learned from each UPA enables replication in other 50 emergency care units. Moreover, the article provides lessons learned from 3 emergency care units. © 2022 The Authors. This is an open access article under the CC BY-NC-ND license (https://creativecommons.org/licenses/by-nc-nd/4.0/)",DMAIC; emergency care units; Lean Healthcare; Lean Six Sigma; learned lessons; replication,Health care; Lean production; Process monitoring; Work simplification; DMAIC; Emergency care; Emergency care unit; In contexts; Lean healthcare; Lean Six Sigma; Learned lesson; Patient care process; Replication; Six-Sigma; Six sigma,"Federal University of Rio de Janeiro, RJ, Macaé, Brazil; Ministry of Health, DAHU-SAES-MS, DF, Brasília, Brazil",English,Conference paper | Proceedings Paper,"Cited by: 5; Conference name: 10th IFAC Conference on Manufacturing Modelling, Management and Control, MIM 2022; Conference sponsors: ; Conference code: 148818; Conference date: 22 June 2022 through 24 June 2022; All Open Access; Gold Open Access",24058963,Conference Proceedings Citation Index - Science (CPCI-S),scopus+wos,10.1016/j.ifacol.2022.09.451,dmaicinimprovingpatientcareprocessesreplicationandlessonslearnedincontextofhealthcare_2022,excluir
C136,Fast-Track 24-Hour UPA: Analysis of opportunities and continuous improvements through IRAMUTEQ,2022,10.1016/j.ifacol.2022.09.627,IFAC-PapersOnLine,"Overcrowded public emergency services are global issues and their serious healthcare problems are widely discussed in literature. Therefore, there are high rates of morbidity and mortality due to lack of specialized care, especially regarding low-acuity patients identified as those responsible for overcrowded services in scientific literature. Thus, a Lean Healthcare approach was developed in order to understand Fast Track applications in Emergency Care Units (UPA 24H) through a descriptive qualitative research using a statistical data analysis software called IRAMUTEQ, which processes data obtained from technical reports prepared during the Lean Project at 24-Hour UPA.. © 2022 The Authors. This is an open access article under the CC BY-NC-ND license (https://creativecommons.org/licenses/by-nc-nd/4.0/)",Emergency Departments; Fast Track; IRAMUTEQ; Lean Healthcare; UPA 24 H,Emergency rooms; Emergency services; Health care; Continuous improvements; Emergency departments; Fast tracks; Global issues; Healthcare problems; High rate; IRAMUTEQ; Lean healthcare; Public emergencies; UPA 24 H; Application programs,"Postgraduate Program in Science and Biotechnology, Institute of Biology, Fluminense Federal University, Niterói, Brazil; Production Engineering Department, Federal Fluminense University, Volta Redonda, Brazil; Institute of Biology, Fluminense Federal University, Niterói, Brazil; Department of Nursing, Fluminense Federal University, Rio das Ostras, Brazil; DAHU, Ministry of Health, Brazil",English,Conference paper | Proceedings Paper,"Cited by: 3; Conference name: 10th IFAC Conference on Manufacturing Modelling, Management and Control, MIM 2022; Conference sponsors: ; Conference code: 148818; Conference date: 22 June 2022 through 24 June 2022; All Open Access; Gold Open Access",24058963,Conference Proceedings Citation Index - Science (CPCI-S),scopus+wos,10.1016/j.ifacol.2022.09.627,fasttrack24hourupaanalysisofopportunitiesandcontinuousimprovementsthroughiramuteq_2022,excluir
C137,HFMEA-Fuzzy Model: Risk Assessment of 47 Emergency Care Units (ECU's),2022,10.1016/j.ifacol.2022.09.390,IFAC-PapersOnLine,"This article aims to demonstrate the degrees of risk arising from the effects of eight wastes found by using a Lean Healthcare approach to processes of 47 Emergency Care Units (ECU's) present throughout Brazilian territory. The HFMEA/Fuzzy model was used as a tool, and the HFMEA criteria defined occurrence, severity and detection, and an offer matrix was constructed in order to present the degree of relevance of factors involved in the Fuzzy logic. As a result, the risk level of each of the 47 ECU's and recommendations for improvement were found. © 2022 The Authors. This is an open access article under the CC BY-NC-ND license (https://creativecommons.org/licenses/by-nc-nd/4.0/)",Fuzzy; HFMEA; HFMEA-Fuzzy; Lean Healthcare; Risk Analysis; Risk Management; Wastes,Fuzzy logic; Health care; Risk analysis; Risk assessment; Degree of risks; Emergency care; Fuzzy; Fuzzy modeling; HFMEA; HFMEA-fuzzy; Lean healthcare; Modeling risk; Risks assessments; Risks management; Risk management,"Federal Fluminense University, Recife St., Jardim Bela vista, RJ, Rio das Ostras, Brazil",English,Conference paper | Proceedings Paper,"Cited by: 1; Conference name: 10th IFAC Conference on Manufacturing Modelling, Management and Control, MIM 2022; Conference sponsors: ; Conference code: 148818; Conference date: 22 June 2022 through 24 June 2022; All Open Access; Gold Open Access",24058963,Conference Proceedings Citation Index - Science (CPCI-S),scopus+wos,10.1016/j.ifacol.2022.09.390,hfmeafuzzymodelriskassessmentof47emergencycareunitsecus_2022,excluir
C138,Investigating the Role of Knowledge Management on Lean Implementation in Healthcare: A Survey in Italian Hospitals,2022,,"KNOWLEDGE DRIVERS FOR RESILIENCE AND TRANSFORMATION, IFKAD 2022","During the last two decades, lean healthcare has received increasing attention from both researchers and practitioners because it plays an imperative role in quality and safety clinical process improvement. Although there is much evidence of the positive results of the paradigm implementation at the micro level, only in few cases the methodology is implemented at meso level or improvements are observed at organizational level. Among the main factors leading to the failure of meso implementation is the lack of widespread knowledge of lean tools and concepts within the organization. The lean implementation process at the meso level require high efforts to manage the transfer, sharing, integration, and transformation of lean knowledge within the organization. Thus, many researchers have positively assumed knowledge management (KM) as a critical success factor of lean sustainability and meso implementation. Although, the relationship of KM and lean sustainability have gradually become a hot topic, few scholars have investigated this issue in healthcare sector. Based on the key characteristics of the implementation process, this article aims to bring out the relationships between lean tools, KM and lean sustainability in hospital setting. In particular, by using structural equations modelling, an in-depth exploration of how the KM system mediates between lean tools and lean sustainability is conducted in Italian hospitals. Results provide some relevant insights for hospitals applying the lean paradigm namely: KM is a critical success factor in disseminating and sustaining lean methodology and lean knowledge degree is strongly influenced by the use of lean tools.",Lean healthcare; Lean tools; Knowledge management; Structural equation modelling,6 SIGMA; THINKING; PERFORMANCE; CREATION; SUCCESS,"Rosa, A (Corresponding Author), LUM Univ, Dept Management Finance & Technol, Casamassima, BA, Italy. Rosa, Angelo; Marolla, Giuliano; Manfredi, Francesco, LUM Univ, Dept Management Finance & Technol, Casamassima, BA, Italy.",English,Proceedings Paper,,,Conference Proceedings Citation Index - Social Science &amp; Humanities (CPCI-SSH),wos,,investigatingtheroleofknowledgemanagementonleanimplementationinhealthcareasurveyinitalianhospitals_2022,excluir
C139,Lean Healthcare Implementation: How is The Employee’s Acceptance?,2022,10.1051/bioconf/20225400020,BIO Web of Conferences,"Lean healthcare is a new concept in hospital management that not only focus on patient value but also efficiency. This study aimed to understand how far the employees bring lean healthcare implementation in to their daily work. Lean healthcare phylosophy tend to built a lean culture. This study used a descriptive qualitative study design with lean team in several unit in Panti Rapih Hospital. This study adopted an instrument of Lean in Healthcare Quistionaire which measure four domain principal of lean, they are pylosophy, process, people and partner, and problem solving. Result of this study showed that not all indicators have met the highest level of maturity of lean healthcare implementation. Indicator standardization still low in the iplementation, in the other hand rewarding staff system is Panti rapih Hospital already design and have the haighest score. The management should focus on the improvement of job evaluation process with a certain indicator or procedures. Threfore, the employee’s performance can be improve directly from the result of evaluation. © ICOPH-TCD 2022.All rights reserved.",,,"Faculty of Health Science, Universitas Muhammadiyah Lamongan, Jl.Plosowahyu KM.03, Lamongan, Indonesia",English,Conference paper,"Cited by: 1; Conference name: 4th International Conference on Public Health for Tropical and Coastal Development, ICOPH-TCD 2022; Conference sponsors: Bank BTN KCP Undip Tembalang; PT Bayer Indonesia; PT. Sciencewerke; Conference code: 193767; Conference date: 30 August 2022 through 31 August 2022; All Open Access; Gold Open Access; Green Open Access",22731709,,scopus,10.1051/bioconf/20225400020,leanhealthcareimplementationhowistheemployeesacceptance_2022,excluir
C140,Lean Healthcare Readiness Evaluation among Staff in Private Hospital,2022,10.1051/bioconf/20225400015,BIO Web of Conferences,"Lean Management in Healthcare Institution shows several benefit based on evidence both clinically and financially. Some hospital in Indonesia already implemented lean management. In order to achieve sustainability of lean implementation, the hospital have to in the ready level to adopted it. This study aimed to evaluate the lean healthcare readiness among staff in private hospital. Thi sstudy used a quantitative study design with population of all employee in Panti rapih Hospital Yogyakarta. Sample of this study were 100 staff in some units that implemented lean healthcare. This study analysis used fuzzy technique from Lean Readiness Framework Instrument. This study showed that based on fuzzy and Euclidean analysis the readiness level of Panti Rapih Hospital in lean healthcare implementation is Close to ready (6.2 out of 7). This status means that the hospital already implemented lean in all aspect and bring to the daily basis work. The employee also put the patient safety and patient value in the first place. Unfortunately, the relationship between the hospital and the supplier did not have a standardization regarding lean implementation to reduce and eliminate waste in the process. © ICOPH-TCD 2022.All rights reserved.",,,"Hospital Administration Department, Universitas Muhammadiyah Lamongan, Jl.Plosowahyu KM.03, Lamongan, Indonesia",English,Conference paper,"Cited by: 3; Conference name: 4th International Conference on Public Health for Tropical and Coastal Development, ICOPH-TCD 2022; Conference sponsors: Bank BTN KCP Undip Tembalang; PT Bayer Indonesia; PT. Sciencewerke; Conference code: 193767; Conference date: 30 August 2022 through 31 August 2022; All Open Access; Gold Open Access; Green Open Access",22731709,,scopus,10.1051/bioconf/20225400015,leanhealthcarereadinessevaluationamongstaffinprivatehospital_2022,excluir
C141,Lean Healthcare applied systematically in the accommodation of medical clinic's beds in a medium-sized hospital,2022,10.1016/j.ifacol.2022.09.418,IFAC-PapersOnLine,"The purpose of this paper is to apply a systemic application of Lean Healthcare in the activity of accommodation in beds in the medical clinic entry process. The methodology proposed is based into two steps: the first, named survey, aims to map the process in which the focus activity in inserted and them obtain the waste associated, identifying the root cause of it. Then, in the second step is called Lean proposal, because it uses a tool to remedy the identified waste, applying the necessary actions within a schedule and, finally, collecting the results and comparing with the initial measurement. As results, improvements are identified, from the point of view of Lean Healthcare, especially in the bed accommodation activity, reducing non added value and, thus, patient waiting time. As conclusions, it was possible to obtain concrete information about the implementation of this proposed systematic application, so that it can be replicated in other wastes, generating a systematic proposal, filling a gap in the literature, which covers the lack of proposal. fully structured studies with practical results of Lean Healthcare systematics in the medical clinic wing of hospitals. © 2022 The Authors. This is an open access article under the CC BY-NC-ND license (https://creativecommons.org/licenses/by-nc-nd/4.0/)",Beds Accommodation; Health Services; Lean Healthcare; Medical Clinic; Public Hospital,Health care; Added values; Bed accommodation; Health services; Lean healthcare; Medical clinics; Patient waiting time; Public hospital; Root cause; Hospitals,"Federal Fluminense University, Niterói, Brazil; Applied Sciences School, Campinas State University, Limeira, Brazil",English,Conference paper | Proceedings Paper,"Cited by: 0; Conference name: 10th IFAC Conference on Manufacturing Modelling, Management and Control, MIM 2022; Conference sponsors: ; Conference code: 148818; Conference date: 22 June 2022 through 24 June 2022; All Open Access; Gold Open Access",24058963,Conference Proceedings Citation Index - Science (CPCI-S),scopus+wos,10.1016/j.ifacol.2022.09.418,leanhealthcareappliedsystematicallyintheaccommodationofmedicalclinicsbedsinamediumsizedhospital_2022,excluir
C142,Lean Healthcare tools to increase the service level at a Peruvian Maternal and Infant polyclinic,2022,10.1145/3568834.3568885,ACM International Conference Proceeding Series,"Worldwide, there is an increase in the shortage of medical supplies due to the global health situation Covid-19. Therefore, it is important to implement methodologies that improve and optimize the management of medical supplies from their purchase, storage and distribution process within these centers. In this sense, the aim of this article is to analyze the relationship between logistics management, the level of supply of medical centers and the level of service provided to patients. Based on this, a study is made of a maternal and child polyclinic in the city of Lima, which has an availability level of 83.51%, which does not reflect an optimal level. Consequently, classification tools are implemented using the ABC-VED matrix and the Inventory Control System. Complementing it with the application of Good Storage Practices and Lean tools such as 5S and Standardization of work to conclude the proposal for improvement in the logistics management of this particular medical center. © 2022 ACM.",Drug Shortage; Healthcare Service Level,Health care; Hospitals; Distribution process; Drug shortages; Global health; Healthcare service level; Healthcare services; Level of Service; Logistic management; Medical center; Optimal level; Service levels; Inventory control,"Industrial Engineering Program, Universidad Peruana de Ciencias Aplicadas, Peru",English,Conference paper,"Cited by: 0; Conference name: 8th International Conference on Industrial and Business Engineering, ICIBE 2022; Conference sponsors: ; Conference code: 186244; Conference date: 27 September 2022 through 29 September 2022; All Open Access; Gold Open Access; Green Open Access",,,scopus,10.1145/3568834.3568885,leanhealthcaretoolstoincreasetheservicelevelataperuvianmaternalandinfantpolyclinic_2022,excluir
C143,Monitoring Patient Flow in the One Emergency Care Unit (UPA) in São Paulo Brazil,2022,10.1016/j.ifacol.2022.09.453,IFAC-PapersOnLine,"This article aims to evaluate the flow of patients within an Emergency Care Unit (UPA) located in State of São Paulo, Brazil. Patients are classified according to the degree of risk and the medical specialties of care. An analysis entitled the patients timeline was performed, which considers from the arrival to the departure of patients (length of stay), involving all the processes that occur during their stay at the UPA. Data were collected during the entire month of February 2021. A modeling was developed using the Knime software. The results showed that 383 patients were attended, 222 classified as green (less urgent), 110 yellow (urgent), 28 orange (very urgent), 12 blue (non-urgent) and 11 red (emergency). In total, 263 attended were at the medical clinic, 83 by orthopedics, 36 by pediatrics and 1 other service. The average medical attendance time in the office was 5 minutes and the average patient length of stay was 274 minutes. Considering that cases classified as red/urgent are a priority, we found that the average waiting time for triage was 9.70 minutes, above the recommendation of the Ministry of Health, which recommends immediate care. Our conclusion is that, for triage, all patients are in the same queue, and risk classification occurs after this process. Thus, it is important to note the possibility of reducing the waiting time for triage, especially for the most severe cases, since these times were longer than the patient care at the medical attendance office. © 2022 The Authors. This is an open access article under the CC BY-NC-ND license (https://creativecommons.org/licenses/by-nc-nd/4.0/)",Emergency Care Units (UPAs); Lean Healthcare; patient length of stay; Patient's timeline; risk classification,Classifieds; Emergency care; Emergency care unit (UPA); Lean healthcare; Length of stay; Patient flow; Patient length of stay; Patient timeline; Risk classification; Sao Paulo; Intensive care units,"Federal Fluminense University, Rio de Janeiro, Brazil",English,Conference paper | Proceedings Paper,"Cited by: 4; Conference name: 10th IFAC Conference on Manufacturing Modelling, Management and Control, MIM 2022; Conference sponsors: ; Conference code: 148818; Conference date: 22 June 2022 through 24 June 2022; All Open Access; Gold Open Access",24058963,Conference Proceedings Citation Index - Science (CPCI-S),scopus+wos,10.1016/j.ifacol.2022.09.453,monitoringpatientflowintheoneemergencycareunitupainsaopaulobrazil_2022,excluir
C144,Optimizing care of visually impaired people in the Emergency Care Units (UPA) - a technical briefing applying Lean concept,2022,10.1016/j.ifacol.2022.09.450,IFAC-PapersOnLine,"Lean principles have been largely used with excellent results in the automotive business and in many other different areas of human knowledge such as health care. The objective of this work is to evaluate the application of lean principles and methods as assistive technology for the optimization of care of visually impaired people in the Emergency Care Units (24h - UPA). To explore this issue, it is proposed an empirical analysis of the environmental performance in one chosen UPA, installing a sensory guidance system and other auxiliary devices following ABNT standards. The idea is to reduce the waste of waiting time of these patients and make this UPA a “state of art” in accessibility for people with visual impairment and used as a “pilot Unit” for innovations evaluation and results comparison with other UPA. Two indicators “Length of Stay” and “Door to Dock” during the service of these patients will be closely monitoring (a kind of fast track service), also aiming the accessibility and inclusion of these individuals, improving their self-esteem and quality of life. © 2022 The Authors. This is an open access article under the CC BY-NC-ND license (https://creativecommons.org/licenses/by-nc-nd/4.0/)",Accessibility; Assistive Technology; Emergency Care Unit (UPA); Lean Healthcare; Visually impaired people; Waste,Assistive technology; Environmental management; Accessibility; Assistive technology; Automotive business; Emergency care; Emergency care unit (UPA); Human knowledge; Lean concepts; Lean healthcare; Lean principles; Visually impaired people; Health care,"Postgraduate Program in Sciences, Technologies, and Inclusion (PGCTIn), Fluminense Federal University - UFF, Niterói, Brazil; Production Engineering Department, Federal Fluminense University - UFF, Volta Redonda, Brazil; DAHU/Ministry of Health, Brazil",English,Conference paper | Proceedings Paper,"Cited by: 1; Conference name: 10th IFAC Conference on Manufacturing Modelling, Management and Control, MIM 2022; Conference sponsors: ; Conference code: 148818; Conference date: 22 June 2022 through 24 June 2022; All Open Access; Gold Open Access",24058963,Conference Proceedings Citation Index - Science (CPCI-S),scopus+wos,10.1016/j.ifacol.2022.09.450,optimizingcareofvisuallyimpairedpeopleintheemergencycareunitsupaatechnicalbriefingapplyingleanconcept_2022,excluir
C145,POSSIBILITIES OF LEAN MANAGEMENT IN THE HEALTHCARE SECTOR OF THE EU - CROATIA IN THE SPOTLIGHT,2022,,INTERDISCIPLINARY MANAGEMENT RESEARCH XVIII (IMR 2022),"The history of lean management was conceived in the United States in 1913 by the Ford organization. Over the years, lean management has begun to overflow and be applied worldwide, including in the European Union member states. Lean management is based on five main principles: defining value, adding value, equality, the permanence of production, interruption of the production process and withdrawal, and a constant desire for perfection. The application of lean management in health care is a challenge both for the management o f the owners of healthcare institutions and for the functioning of the healthcare system itself Healthcare organizations face many challenges in monitoring competitors and the costs of providing health care and services. The goal of both owners and managers is to provide high-quality health services at an affordable price. When lean was adopted in healthcare, several components that included developing a culture of continuous improvement, empowering staff, and reducing waste and unnecessary work were highlighted. There was a focus on improving the value of services provided to patients. Lean management in health organizations can be achieved by considering all the forces and holistic thinking and planning and programming strategies for its implementation that will overcome potential obstacles. The results are numerous and positive and include improving quality, capacity, and safety and ultimately reducing costs. The question that this paper seeks to answer is whether lean management has really taken root in the health care system of the European Union, and especially in the health care system of Croatia.",lean management; healthcare sector; costs; patients,,"Pesic, S (Corresponding Author), Univ Osijek, Univ Hosp Osijek, Doctoral Sch Josip Juraj Strossmayer, Osijek, Croatia. Pesic, Sanja, Univ Osijek, Univ Hosp Osijek, Doctoral Sch Josip Juraj Strossmayer, Osijek, Croatia. Pesic, Mirko, Josip Juraj Strossmayer Univ Osijek, Fac Med, Osijek, Croatia. Zeko-Pivac, Ivan, Permanent Representat Republ Croatia EU, Zagreb, Croatia.",English,Proceedings Paper,,1847-0408,Conference Proceedings Citation Index - Social Science &amp; Humanities (CPCI-SSH),wos,,possibilitiesofleanmanagementinthehealthcaresectoroftheeucroatiainthespotlight_2022,excluir
C146,Patient Flow Optimization: SMED adoption in Emergency Care Units,2022,10.1016/j.ifacol.2022.09.391,IFAC-PapersOnLine,"This paper mainly aims to gather data on strategies and guidelines for the implementation of SMED (Single-Minute Exchange of Die) in the context of healthcare, particularly in Emergency Care Units. Although the Lean methodology is widely disseminated in manufacturing sectors, for instance, it is still emerging in the context of healthcare and could be of use to complement the identification and elimination of wastes in healthcare processes, operations, and procedures. Hence, this study introduces eight elements capable of guiding health professionals on how to integrate the SMED method into the field of healthcare. Additionally, managerial implications were considered in patient flow based on Lean management. © 2022 The Authors. This is an open access article under the CC BY-NC-ND license (https://creativecommons.org/licenses/by-nc-nd/4.0/)",Lead Time; Lean Healthcare; Optimization; Patient Journey; Setup Time; SMED,Intensive care units; Emergency care; Flow optimization; Leadtime; Lean healthcare; Manufacturing sector; Optimisations; Patient flow; Patient journey; Set-up time; Single-minute exchange of die; Health care,"Federal Fluminense University - UFF, RJ, Volta Redonda, Brazil",English,Conference paper | Proceedings Paper,"Cited by: 12; Conference name: 10th IFAC Conference on Manufacturing Modelling, Management and Control, MIM 2022; Conference sponsors: ; Conference code: 148818; Conference date: 22 June 2022 through 24 June 2022; All Open Access; Gold Open Access",24058963,Conference Proceedings Citation Index - Science (CPCI-S),scopus+wos,10.1016/j.ifacol.2022.09.391,patientflowoptimizationsmedadoptioninemergencycareunits_2022,excluir
C147,Potential of continuing education in Health of improvement practices in urgency and emergencies in Emergency Care Units - UPA-24h,2022,10.1016/j.ifacol.2022.09.417,IFAC-PapersOnLine,"The practice of Lean in the 24-hour Emergency Care Units is a reality in the 50 units that were part of the Lean Project in the 24-hour UPA of the Ministry of Health in partnership with the Fluminense Federal University. However, the continuity of the good practices developed by the improvement teams is threatened of being lost at the end of the Project with the departure of the consultants who helped in the implementation of the Lean Healthcare in this unity. In this sense, the objective of this work is to present a pedagogical methodology with potential for the implementation of the Permanent Education Center (Permanent Education in Health - EPS) as an instrument not only of education but also of internalization of this practice in the culture of Emergency Care Units. In the research method, a bibliographic research was used about the types of education followed by a qualitative and cross-analysis of data and information from the Virtual Platform of the Lean Project in the UPAs in the first version. The results presented: a strategic planning of the technical visits; the establishment of a tutor as a training facilitator; the practical action of the work teams according to the reality in each UPA; record of improvements via reports; dissemination of information using media platforms. As a conclusion, it can be stated that there was training via didactic resources and that permanent education contributed greatly to the success of the implementation of Lean Healthcare in the studied units. © 2022 The Authors. This is an open access article under the CC BY-NC-ND license (https://creativecommons.org/licenses/by-nc-nd/4.0/)",Continuing Education; Continuous Improvement; Emergency; Lean Healthcare; Urgency,Analysis of data; Continuing education; Continuous improvements; Data and information; Emergency; Emergency care; Good practices; Lean healthcare; Research method; Urgency; Health care,"Faculty of Industrial Engineering, Federal University of Pará, Brazil; Federal University of Pará, Brazil; Federal University Fluminense, Brazil",English,Conference paper | Proceedings Paper,"Cited by: 1; Conference name: 10th IFAC Conference on Manufacturing Modelling, Management and Control, MIM 2022; Conference sponsors: ; Conference code: 148818; Conference date: 22 June 2022 through 24 June 2022; All Open Access; Gold Open Access",24058963,Conference Proceedings Citation Index - Science (CPCI-S),scopus+wos,10.1016/j.ifacol.2022.09.417,potentialofcontinuingeducationinhealthofimprovementpracticesinurgencyandemergenciesinemergencycareunitsupa24h_2022,excluir
C148,Queuing Theory: Contributions and Applications in the Field of Health Service Management - A Bibliometric Approach,2022,10.1016/j.ifacol.2022.09.392,IFAC-PapersOnLine,This article aims to analyze contributions and applications of Queuing Theory (QT) in solving health service management problems. A literature bibliometric review was carried out to present a chronological classification of health care systems examined with the aid of queuing models with the purpose of describing the main trends in QT application to assist decision makers in health services. Methodology: A bibliometric review was carried out to investigate the area of health supported by queuing models. Articles describing models of problems were sought and their topics or keywords related to QT and health care or health problems of the population. Results: 314 articles addressing the applications of QT in Health Care Management (HCM) from 2014 and 2020 were analyzed. Conclusion: It was found that QT contributes to improve health services and provides managers with resources to achieve such improvement. It was also evidenced that it is widely applied in emergency services. © 2022 The Authors. This is an open access article under the CC BY-NC-ND license (https://creativecommons.org/licenses/by-nc-nd/4.0/),Bibliometric Review; Fast Track; Lean Healthcare; Queue Theory; Simulation,Decision making; Emergency services; Queueing theory; Bibliometric; Bibliometric review; Fast tracks; Health services; Lean healthcare; Queue theory; Queuing models; Queuing theory; Service management; Simulation; Health care,"Postgraduate Program in Science and Biotechnology, Institute of Biology, Fluminense Federal University, Niterói, Brazil; Production Engineering Department, Fluminense Federal University, Volta Redonda, Brazil; Institute of Biology, Fluminense Federal University, Niterói, Brazil",English,Conference paper | Proceedings Paper,"Cited by: 9; Conference name: 10th IFAC Conference on Manufacturing Modelling, Management and Control, MIM 2022; Conference sponsors: ; Conference code: 148818; Conference date: 22 June 2022 through 24 June 2022; All Open Access; Gold Open Access",24058963,Conference Proceedings Citation Index - Science (CPCI-S),scopus+wos,10.1016/j.ifacol.2022.09.392,queuingtheorycontributionsandapplicationsinthefieldofhealthservicemanagementabibliometricapproach_2022,excluir
C149,Relevance of Fast-Track to Manage Overcrowding in Emergency Departments,2022,10.1016/j.ifacol.2022.09.452,IFAC-PapersOnLine,"This work aims to evidence the operability and effectiveness of using Fast-Track strategy to manage overcrowding in Emergency Departments. This study presents the results of a literature review on Fast-Track using database of the implementation of a Restructuring Project for the Implementation of Humanization in the Flow of Patients at Emergency Care Units (UPA-24h), developed by the Fluminense Federal University in partnership with the Brazilian Ministry of Health. Its results mainly reveal that overcrowding is a common phenomenon in hospitals, and that a Fast-Track approach has been widely used by hospital system managers to mitigate overcrowding impacts. © 2022 The Authors. This is an open access article under the CC BY-NC-ND license (https://creativecommons.org/licenses/by-nc-nd/4.0/)",Assessment Methods; DMAIC; Emergency Department; Fast-Track; Lean Healthcare; Overcrowding,Assessment method; DMAIC; Emergency care; Emergency departments; Fast tracks; Lean healthcare; Literature reviews; Overcrowding; Emergency rooms,"Federal Fluminense University, UFF, Rio de Janeiro, Brazil; Federal University of Rio de Janeiro, Rio de Janeiro, Brazil",English,Conference paper | Proceedings Paper,"Cited by: 1; Conference name: 10th IFAC Conference on Manufacturing Modelling, Management and Control, MIM 2022; Conference sponsors: ; Conference code: 148818; Conference date: 22 June 2022 through 24 June 2022; All Open Access; Gold Open Access",24058963,Conference Proceedings Citation Index - Science (CPCI-S),scopus+wos,10.1016/j.ifacol.2022.09.452,relevanceoffasttracktomanageovercrowdinginemergencydepartments_2022,excluir
C150,STERILIZATION CENTRAL UNIT PROCESS IMPROVEMENT IN A TERTIARY HOSPITAL WITH LEAN MANAGEMENT METHODOLOGY; [MEJORA DE PROCESOS EN LA UNIDAD CENTRAL DE ESTERILIZACIÓN DE UN HOSPITAL TERCIARIO MEDIANTE METODOLOGÍA LEAN MANAGEMENT],2022,,Proceedings from the International Congress on Project Management and Engineering,"In September 2019, the new central sterilisation unit (UCEST) was inaugurated, going from four independent and specialised sub-centres to a single multi-purpose one, in response to an increase in demand due to the simultaneous opening of the new surgical block. It was necessary to increase efficiency and productivity without altering the quality and safety of the service provided. The main objective was to guarantee 100% of the sterilised material on the same day and available first thing the following day (Just In Time). To archive this, a multidisciplinary team was created with professionals from the surgical area and UCEST, and Lean Management (LM) tools were used: Value Stream Map, adjustment of the production rhythm to respond to demand (Tack Time (TT)), workload balancing, multipurpose matrix and standardisation of processes, among others. The results obtained were an increase from 78% to 100% of sterilised boxes per day, reducing TT by 29% and Lead Time by 26%. The standardisation of new sub-processes increased by 400%, productivity by 46% and efficiency by 21%. We can conclude that LM manages to improve the efficiency, quality and safety of the service, strengthening the leadership of the professionals, creating a culture of continuous improvement. © 2022 by the authors. Licensee AEIPRO, Spain.",Efficiency; Lean Management; Process improvement; Sterile processing; Sterilization,,"Hospital Universitari de Bellvitge, Spain",Spanish,Conference paper,"Cited by: 0; Conference name: 26th International Congress on Project Management and Engineering (Terrassa), CIDIP 2022; Conference sponsors: ; Conference code: 187075; Conference date: 5 July 2022 through 8 July 2022",26955067,,scopus,,sterilizationcentralunitprocessimprovementinatertiaryhospitalwithleanmanagementmethodologymejoradeprocesosenlaunidadcentraldeesterilizaciondeunhospitalterciariomediantemetodologialeanmanagement_2022,excluir
C151,Stock Management Improvement in a Nursing Ward Using Lean Approach and Mathematical Modelling,2022,10.1007/978-3-031-23236-7_49,Communications in Computer and Information Science,"Reducing the costs associated with health care services is on the agenda, if possible, improving their quality. The Lean management approach has proven to provide good results in creating value and reducing waste. This paper is based on an exploratory case study in the logistic operations of a Northern Portuguese hospital, focusing on the delivery plans of products needed between the central warehouse and the internal medicine ward. Using PDCA improvement cycles and other lean tools, this study analyzed the actual delivery system, identified inefficiencies, and proposed and evaluated some solutions. The aim was to address different types of waste, such as the time the ward head nurse spent to launch orders and perform the reception/arrangement of the products or the excess of products leaving the central warehouse. Although a daily delivery with a fixed stock level seems to be a good delivery system for a large group of products, the recorded or possible failures have led us to devise an optimization model to improve the deliveries. The preliminary results suggest that a weekly plan with a daily delivery of products (to be repeated every week) is even more optimal, not only because it relieves the head nurse of logistical tasks but also because it takes into account the units of products per package. Although this model can be generalized to other nursing wards, some limitations are addressed, namely its non (daily) standardization, leading to some complexity in its handling by the logistic central warehouse operators. © 2022, The Author(s), under exclusive license to Springer Nature Switzerland AG.",Delivery plans; Hospital logistics; Lean management; Optimization; Waste,Lean production; Medicine; Nursing; Warehouses; Waste management; Central warehouse; Delivery plan; Delivery systems; Exploratory case studies; Healthcare services; Hospital logistics; Lean management; Optimisations; Reducing waste; Stock management; Hospitals,"School of Science and Technology, University of Trás-os-Montes and Alto Douro, Vila Real, 5000-801, Portugal; CETRAD-Center of Interdisciplinary Development Studies, Vila Real, Portugal; INESC-TEC, UTAD’s Pole, Vila Real, Portugal",English,Conference paper | Proceedings Paper,"Cited by: 0; Conference name: 2nd International Conference on Optimization, Learning Algorithms and Applications, OL2A 2022; Conference sponsors: ; Conference code: 289139; Conference date: 24 October 2022 through 25 October 2022",18650929,Conference Proceedings Citation Index - Science (CPCI-S),scopus+wos,10.1007/978-3-031-23236-7_49,stockmanagementimprovementinanursingwardusingleanapproachandmathematicalmodelling_2022,excluir
C152,A Lean Approach for Reducing Downtimes in Healthcare: A Case Study,2023,10.1007/978-3-031-25741-4_8,IFIP Advances in Information and Communication Technology,"Lean Management is considered one of the most successful management paradigms for enhancing operational performance in the manufacturing environment. However, it has been applied throughout the years to several sectors and organisational areas, such as service, healthcare, and office departments. After the Covid-19 outbreak, increasing attention has been given to potential performance improvements in healthcare organisations by leveraging Lean. This paper intends to add further knowledge to this field by presenting a case study in a hospital. In this paper, a pilot project is presented carried out in a healthcare organisation. Lean methods were used to improve the operating room performance, particularly by reducing the operating room changeover time. The A3 template was used to drive the project and implement a new procedure using the Single Minute Exchange of Die (SMED) method. With the implementation of the new procedure, the changeover time between two different surgeries in the operating room was significantly reduced, together with a more stable and reliable process. © 2023, IFIP International Federation for Information Processing.",A3; Changeover; Healthcare; Lean thinking; SMED,Health care; A3; Case-studies; Change-over time; Changeover; Healthcare; Healthcare organizations; Lean management; Lean thinking; Performance; Single minute exchange of die; Operating rooms,"Politecnico di Milano, Department of Management, Economics and Industrial Engineering, Milano, Italy",English,Conference paper | Proceedings Paper,"Cited by: 2; Conference name: 8th IFIP WG 5.7 European Lean Educator Conference, ELEC 2022; Conference sponsors: ; Conference code: 292239; Conference date: 22 November 2022 through 24 November 2022; All Open Access; Green Open Access",18684238,Conference Proceedings Citation Index - Social Science &amp; Humanities (CPCI-SSH),scopus+wos,10.1007/978-3-031-25741-4_8,aleanapproachforreducingdowntimesinhealthcareacasestudy_2023,excluir
C153,AI & Lean Management Principles Based Pharmaceutical Manufacturing Processes,2023,10.1109/upcon59197.2023.10434834,"2023 10th IEEE Uttar Pradesh Section International Conference on Electrical, Electronics and Computer Engineering, UPCON 2023","Pharmaceutical manufacturing is a critical industry that demands high precision and efficiency while adhering to stringent quality standards. This is where artificial intelligence (AI) integration comes in and lean management principles has emerged as a powerful approach to optimizing pharmaceutical manufacturing processes. One crucial aspect of this integration is predictive maintenance, which aims to prevent equipment failures and downtime, ultimately enhancing productivity and product quality. This abstract presents a novel approach to predictive maintenance in pharmaceutical manufacturing using models based on long-term memory and recurrent neural networks. Lean management principles, known for eliminating waste and maximizing value, are applied to pharmaceutical manufacturing processes to streamline operations and improve resource utilization. AI, particularly RNN and LSTM, is employed to enhance lean principles by predicting when maintenance activities are needed and ensuring that maintenance is performed only when necessary, thus reducing unnecessary downtime and costs. RNN and LSTM models are well-suited for predictive maintenance due to their ability to analyze time-series data effectively. In this approach, data from various sensors and equipment within the manufacturing environment is collected and used as input to the models. The RNN and LSTM models learn patterns and correlations in this data to forecast potential equipment failures or maintenance requirements. By continuously monitoring equipment health and predicting maintenance needs, this system enables pharmaceutical manufacturers to proactively address issues, preventing unexpected breakdowns that can disrupt production and compromise product quality. This AI-driven predictive maintenance approach offers several advantages, including increased equipment reliability, reduced downtime, minimized maintenance costs, and improved product quality. Moreover, it aligns with lean management principles by promoting a culture of continuous improvement and resource optimization. By implementing this system, pharmaceutical manufacturers can enhance their competitiveness, meet regulatory requirements more effectively, and ensure the consistent supply of high-quality medications to patients. In conclusion, the integration of AI and lean management principles into pharmaceutical manufacturing processes, with a focus on predictive maintenance using RNN and LSTM models, offers a transformative solution to optimize operations, reduce costs, and ensure product quality. This approach represents a significant advancement in the pharmaceutical industry, aligning with the industry's commitment to innovation and excellence. © 2023 IEEE.",Artificial Intelligence (AI); etc; Lean Management principles; Pharmaceutical manufacturing; Predictive maintenance,Forecasting; Integration; Lean production; Long short-term memory; Quality control; Waste management; Artificial intelligence; Etc; Intelligence management; Lean management; Lean management principle; Management principles; Pharmaceutical manufacturing; Pharmaceutical manufacturing process; Predictive maintenance; Products quality; Cost reduction,"Yeshwantrao Chavan College of Engineering, Humanities and Management, Maharashtra, Nagpur, India; Datta Meghe Institute of Management Studies Nagpur (Autonomous Institute), Nagpur University, Maharashtra, Nagpur, India; School of Commerce and Management Mohan Babu University, Sree Sainath Nagar, India; Uttaranchal Institute of Pharmaceutical Sciences, Uttaranchal University, Pharmacology, Uttarakhand, Dehradun, India; Shri Jaysukhlal Vadhar Institute of Management Studies, Department of Mba, 361008, India; Saveetha School of Engineering, Simats, Department of Mechanical Engineering, Tamil Nadu, Chennai, 602105, India",English,Conference paper,"Cited by: 21; Conference name: 10th IEEE Uttar Pradesh Section International Conference on Electrical, Electronics and Computer Engineering, UPCON 2023; Conference sponsors: ; Conference code: 197661; Conference date: 1 December 2023 through 3 December 2023",,,scopus,10.1109/upcon59197.2023.10434834,aileanmanagementprinciplesbasedpharmaceuticalmanufacturingprocesses_2023,excluir
C154,Analysis of the Relationship Between Knowledge Management and Lean Tools During Lean Implementation in Hospitals,2023,10.1007/978-3-031-25741-4_7,IFIP Advances in Information and Communication Technology,"During the last two decades, lean healthcare has received increasing attention from both researchers and practitioners because it plays an imperative role in quality and safety clinical process improvement. Although there is much evidence of the positive results of the paradigm implementation at the micro level, only in few cases the methodology is implemented at meso level or improvements are observed at organizational level. Among the main factors leading to the failure of meso implementation is the lack of widespread knowledge of lean tools and concepts within the organization. The lean implementation process at the meso level require high efforts to manage the transfer, sharing, integration, and transformation of lean knowledge within the organization. Thus, many researchers have positively assumed knowledge management (KM) as a critical success factor of lean sustainability and meso implementation. Although, the relationship of KM and lean sustainability have gradually become a hot topic, few scholars have investigated this issue in healthcare sector. Based on literature review focusing on the key characteristics of the lean healthcare implementation process, this article aims to bring out the relationships between lean tools, KM and lean sustainability in hospital setting. Results provide some relevant insights for hospitals applying the lean paradigm namely: KM is a critical success factor in disseminating and sustaining lean methodology and lean knowledge degree is strongly influenced by the use of lean tools. © 2023, IFIP International Federation for Information Processing.",Knowledge management; Lean healthcare; Lean tools,Health care; Hospitals; Sustainable development; Clinical process; Implementation process; Knowledge management tool; Lean healthcare; Lean implementation; Lean tools; Mesolevel; Process Improvement; Quality and safeties; Success factors; Knowledge management,"Department of Management, Finance and Technology, LUM University, Casamassima, Italy; College of Science and Engineering, National University of Ireland, Galway, Ireland",English,Conference paper | Proceedings Paper,"Cited by: 2; Conference name: 8th IFIP WG 5.7 European Lean Educator Conference, ELEC 2022; Conference sponsors: ; Conference code: 292239; Conference date: 22 November 2022 through 24 November 2022; All Open Access; Green Open Access",18684238,Conference Proceedings Citation Index - Social Science &amp; Humanities (CPCI-SSH),scopus+wos,10.1007/978-3-031-25741-4_7,analysisoftherelationshipbetweenknowledgemanagementandleantoolsduringleanimplementationinhospitals_2023,excluir
C155,Customer service management model of a care and occupational clinic using Lean Healthcare and Digital Transformation methodologies to increase customer loyalty; [Modelo de gestión de atención al cliente de una clínica asistencial y ocupacional utilizando las metodologías de Lean Healthcare y Transformación Digital para incrementar la fidelidad de los clientes],2023,10.18687/leird2023.1.1.103,"Proceedings of the LACCEI international Multi-conference for Engineering, Education and Technology","The health sector is considered one of the main sectors worldwide, within this sector are those services related to occupational health, which is of high importance since it ensures well-being, health and conditions. of work of each individual in a company, its main objective being to ensure the highest physical, mental and social well-being of employees, through the establishment and maintenance of a safe and healthy work environment; However, the level of service in healthcare and occupational health centers in Peru has decreased in recent years in many private health centers as they do not have the resources to provide adequate service, a situation that was aggravated during the Covid-19 pandemic which showed like never before the need to strengthen the capacities of health systems. The low levels of customer service have increased dissatisfaction on the part of users, who have chosen to look for different options and prefer government institutions, generating a decrease in income and profitability in private organizations; Among the main problems detected are the lack of clinical information about patients, prolonged care times and low perceived levels of service. Therefore, the purpose of this research is to contribute to the innovation of patient care processes with the aim of increasing user satisfaction and, as a consequence, increasing productivity and profitability through the application of Lean methodologies. Healthcare and Digital Transformation. © 2023 Latin American and Caribbean Consortium of Engineering Institutions. All rights reserved.",clinical and occupational care; customer loyalty; customer service; digital transformation; Lean Healthcare,,"Ingeniería de Gestión Empresarial, Universidad Peruana de Ciencias Aplicadas, Facultad de Ingeniería, Peru; Universidad Europea del Atlántico, Facultad de Ingeniería, Spain",Spanish,Conference paper,"Cited by: 0; Conference name: 3rd LACCEI International Multiconference on Entrepreneurship, Innovation and Regional Development, LEIRD 2023; Conference sponsors: ; Conference code: 197012; Conference date: 4 December 2023 through 6 December 2023; All Open Access; Gold Open Access",24146390,,scopus,10.18687/leird2023.1.1.103,customerservicemanagementmodelofacareandoccupationalclinicusingleanhealthcareanddigitaltransformationmethodologiestoincreasecustomerloyaltymodelodegestiondeatencionalclientedeunaclinicaasistencialyocupacionalutilizandolasmetodologiasdeleanhealthcareytransformaciondigitalparaincrementarlafidelidaddelosclientes_2023,excluir
C156,DEVELOPMENT OF AN APPROACH FOR THE APPLICATION OF LEAN HEALTHCARE IN EMERGENCY UNITS,2023,,"PROCEEDINGS OF THE 5TH INTERNATIONAL CONFERENCE ON PRODUCTION ECONOMICS AND PROJECT EVALUATION, ICOPEV 2022","The work's purpose is to develop an approach for applying lean tools in an emergency unit, focusing on standardizing the applications of LH in such units. After gathering knowledge on lean healthcare, we established an approach with several lean tools to facilitate future lean healthcare applications. The approach divides the application process of lean healthcare into phases, which are supported by the Toyota A3 tool for communication process Implementation. Furthermore, the approach adds to each A3 block typical application process tools from Lean. As a limitation, it is highlighted that the approach focuses heavily on diagnostic phases of the current situation status of a hospital process. Exploring more tools to help managers in projects regarding change and intervention in hospital processes is necessary. The approach can potentially assist managers in the health area to operationalize the Lean Healthcare methodology, going beyond the incorporation of the philosophy of lean thinking.",Lean Healthcare; Value Stream Mapping; Quality Improvement,,"de Barros, LB (Corresponding Author), Univ Estadual Campinas, Tessalia Vieira Camargo St 126, Campinas, Brazil. de Barros, Leticia Bianchini; Gasparino, Renata Cristina, Univ Estadual Campinas, Sch Nursing, Campinas, Brazil. Minatogawa, Vinicius, Pontificia Univ Catolica Valparaiso, Escuela Ingn Construcc & Transporte, Valparaiso, Chile.",English,Proceedings Paper,,2183-3974,Conference Proceedings Citation Index - Science (CPCI-S); Conference Proceedings Citation Index - Social Science &amp; Humanities (CPCI-SSH),wos,,developmentofanapproachfortheapplicationofleanhealthcareinemergencyunits_2023,excluir
C157,"Identifying Construction Waste Using Lean Management in a Delay Project: Case of Emergency Department Building in Pidie Jaya Regency Hospital, Aceh Province, Indonesia",2023,10.1063/5.0157638,AIP Conference Proceedings,"There was a delay in the project schedule of Emergency Department construction in Pidie Jaya Regency Hospital located in Aceh Province, Indonesia, and therefore potential to cause construction waste. Construction project activity is a long process of activity and everything in the project that adds costs is called waste. Theoretically, minimizing waste can be done using the Lean Management method. This study aims to identify the most influential waste on the project by applying Lean Management. Based on the literature review, there is eight waste used in this study: Defect, Overproduction, Waiting, Over-processing, Motion, Inventory, Transportation, and Design. Waste identification data were obtained from interviews with 4 key persons and questionnaires distributed to 16 respondents working on the project. Meanwhile, secondary data was obtained from Working Drawings, a list of core personnel of the contractor company, and an S Curve (Schedule). Through descriptive analysis, this study found that the most influential waste is Waiting and Over-processing. This finding required a follow-up to control the identified waste in order for the project back on schedule. © 2023 American Institute of Physics Inc.. All rights reserved.",,,"Department of Civil Engineering, Faculty of Engineering, Universitas Muhammadiyah Aceh, Banda Aceh, 23123, Indonesia; Faculty of Public Health, Faculty of Engineering, Universitas Muhammadiyah Aceh, Banda Aceh, 23123, Indonesia; Department of Civil Engineering, Faculty of Engineering, Universitas Syiah Kuala, Banda Aceh, 23111, Indonesia; Postgraduate Program, Department of Civil Engineering, Faculty of Engineering, Universitas Syiah Kuala, Banda Aceh, 23111, Indonesia",English,Conference paper,"Cited by: 0; Conference name: 2021 5th International Conference on Engineering and Applied Technology, ICEAT 2021; Conference sponsors: ; Conference code: 194920; Conference date: 27 October 2021",0094243X,,scopus,10.1063/5.0157638,identifyingconstructionwasteusingleanmanagementinadelayprojectcaseofemergencydepartmentbuildinginpidiejayaregencyhospitalacehprovinceindonesia_2023,excluir
C158,Implementation Experiences of Lean Organization in Healthcare for Apulian Hospitals: A Longitudinal Interview In-Depth Study,2023,10.1007/978-3-031-25741-4_5,IFIP Advances in Information and Communication Technology,"The purpose of this study is to explore how representatives of the pilot projects teams and dissemination practitioners, belonging to several hospitals in Apulian hospitals in Italy experienced the implementation of Lean over 3 years. An exploratory and qualitative design was drawn based on data triangulation from semi-structured interviews, documentation analysis relating to Lean implementation and direct observation. The main implementation drivers of the methodology in hospitals were increasing patient value and improving workplace well-being. The panel highlighted three pivotal implementation stages: introduction, spontaneous and informal dissemination, and strategic-level implementation. Critical success and failure factors emerged for each of these stages. During the introduction, expert training and coaching from an external consultant are among the most impactful factors in the success of pilot projects, while time constraints and the adoption of process analysis tools are the main barriers to implementation. However, the absence of managerial expertise to support implementation and organisational constraints, such as departmental organisational structure, do not allow for systemic adoption of the methodology. © 2023, IFIP International Federation for Information Processing.",Critical success and failure factors; Lean adoption phases; Lean healthcare; Longitudinal analysis; Organisational models,Health care; Hospitals; Critical success and failure factor; Failure factors; In-depth study; Lean adoption phase; Lean healthcare; Longitudinal analysis; Organizational models; Pilot programs; Project team; Success factors; Factor analysis,"Department of Management, Finance and Technology, LUM University, Casamassima, Italy; College of Science and Engineering, University of Galway, Galway, Ireland",English,Conference paper | Proceedings Paper,"Cited by: 6; Conference name: 8th IFIP WG 5.7 European Lean Educator Conference, ELEC 2022; Conference sponsors: ; Conference code: 292239; Conference date: 22 November 2022 through 24 November 2022; All Open Access; Green Open Access",18684238,Conference Proceedings Citation Index - Social Science &amp; Humanities (CPCI-SSH),scopus+wos,10.1007/978-3-031-25741-4_5,implementationexperiencesofleanorganizationinhealthcareforapulianhospitalsalongitudinalinterviewindepthstudy_2023,excluir
C159,Improving Utilization of On-Site Physical Examination: An Electronic Factory Study,2023,10.3233/atde230085,Advances in Transdisciplinary Engineering,"Many large organizations have offered annual on-site physical examinations to facilitate their employees and to maintain a consistent daily workforce. Unlike a hospital, this temporary physical examination site raises concerns for a healthcare provider as medical staff and resources must be prepared for an unplanned number of patients in a new environment. This study was carried out on the physical examination of an electronic factory that operates 24 hours a day. Based on the preliminary data, blood sample collection is a critical process as it requires fasting and must be completed before the beginning of each shift, whereas other physical examination procedures can be done during breaks or the following date. As a result, we adopted lean management and proposed operational improvements, such as appointing patients, bypassing stations, and balancing medical staff. Using a discrete-time event simulation, the comparison suggests that a suitable combination of appointing patients daily and bypassing some stations can improve the utilization of stations at the same service levels. © 2023 The authors and IOS Press.",Health Service Case Study; On-Site Physical Examination; Simulation,E-learning; Blood samples; Case-studies; Health care providers; Health service case study; Health services; Large organizations; Lean management; On-site physical examination; Sample collection; Simulation; Human resource management,"Department of Industrial Engineering, Chulalongkorn University, Thailand; Department of Primary Industries and Mines, Ministry of Industry",English,Conference paper,"Cited by: 0; Conference name: 10th International Conference on Industrial Engineering and Applications, ICIEA 2023; Conference sponsors: Chulalongkorn University; Science and Engineering Institute (SCIEI); Conference code: 192096; Conference date: 4 April 2023 through 6 April 2023; All Open Access; Gold Open Access",2352751X,,scopus,10.3233/atde230085,improvingutilizationofonsitephysicalexaminationanelectronicfactorystudy_2023,excluir
C160,Lean Healthcare: A Critical Analysis,2023,10.1007/978-3-031-12914-8_4,Springer Proceedings in Business and Economics,"The current pandemic situation caused by COVID-19, also known as coronavirus, has put the health sector in the spotlight. It has led to the emergence of new plans and strategies that can help society control and stop the spread of COVID-19. These strategies include the Strategic Preparedness and Response Plan, led by the World Health Organization (WHO), which highlights and outlines the public health measures that countries should adopt to prepare for and respond effectively to the spread of the coronavirus. The pandemic is much more than a health crisis. It requires a response, matching the main problems detected in health and emergency centers. Some of them are quick and exponential spread of the disease, a spike in the number of COVID-19 cases, the successive waves, an increase in the number of patients, and insufficient response healthcare capacity. These problems become more important when there is also an economic downturn, which has made it impossible to expand budgeted public spending on healthcare. For this reason, research for alternative methods that can improve the quality of healthcare management, but without generating increases in budgetary costs, is timely. Implementing Lean Methodology in healthcare can enhance the quality of service, process improvement, and improve patient satisfaction. This chapter analyzes the application of lean manufacturing in the healthcare sector: from specific departments of a hospital (emergency, surgery, etc. to the healthcare management of a region. It identifies also the most commonly used lean tools and their benefits in order to achieve sustainable competitive advantages. © 2023, The Author(s), under exclusive license to Springer Nature Switzerland AG.",Healthcare; Lean management; Lean manufacturing,,"Dpto. Organización de Empresas y CIM, U. Valladolid, Valladolid, Spain",English,Conference paper | Proceedings Paper,"Cited by: 1; Conference name: 3rd International Conference on Quality Innovation and Sustainability, ICQIS 2022; Conference sponsors: ; Conference code: 290169; Conference date: 3 May 2022 through 4 May 2022",21987246,Conference Proceedings Citation Index - Science (CPCI-S); Conference Proceedings Citation Index - Social Science &amp; Humanities (CPCI-SSH),scopus+wos,10.1007/978-3-031-12914-8_4,leanhealthcareacriticalanalysis_2023,excluir
C161,Lean Methods to Optimize Operations in Emergency Departments During the Height of the COVID-19 Pandemic,2023,,"ASEE Annual Conference and Exposition, Conference Proceedings","Across the world, hospitals faced a crisis in personnel and supply chain management during the height of the COVID-19 pandemic. While demand for nurses was at an all-time high, hospital staff, especially in emergency departments, were frequently exposed to the virus causing additional shortages due to illness. Personal Protective Equipment (PPE) designed for sterile environments and single use conditions were now limited or completely out-of-stock. At one flagship emergency department in the Midwest, lean techniques were utilized to increase the safety of employees, while mitigating other risks such as personnel fatigue, cross-contamination, supply chain shortages and virus spread. This work demonstrates the effectiveness and speed with which lean techniques can be implemented to support appropriate staffing levels and balancing of workflow, flow of inventory, and facility layout using tools such as 5S, Kanban systems, visual management and resource allocation. This presentation will provide the audience with an overview of the lean methodologies used, as well as a review of the data analysis after implementation. Those who attend the presentation will also be provided with a copy of a case study prepared for classroom use illustrating concepts in lean healthcare, operations management and safe operations in pandemic conditions. © American Society for Engineering Education, 2023.",,Contamination; COVID-19; Emergency rooms; Human resource management; Protective clothing; Viruses; Condition; Cross contamination; Emergency departments; Exposed to; Lean methods; Lean techniques; Out of stock; Personal protective equipment; Single use; Sterile environments; Supply chain management,"University of Southern Indiana, United States",English,Conference paper,"Cited by: 0; Conference name: 2023 ASEE Annual Conference and Exposition - The Harbor of Engineering: Education for 130 Years, ASEE 2023; Conference sponsors: ; Conference code: 191615; Conference date: 25 June 2023 through 28 June 2023",21535965,,scopus,,leanmethodstooptimizeoperationsinemergencydepartmentsduringtheheightofthecovid19pandemic_2023,excluir
C162,Lean and Safety Management in Primary Care Centres: An Italian Case Study,2023,,"Proceedings of the European Conference on Management, Leadership and Governance","The primary care sector is globally recognised as the pillar of an efficient and patient-centred care model. Despite its importance, many countries fail to ensure equitable access and individualised care. This problem significantly impacts the most vulnerable part of the population, such as chronic and elderly patients. In this context, considering the large number of people affected by multiple diseases, multidisciplinary and multi-organisation teamwork has become fundamental to guarantee high levels of quality, increasing patient satisfaction, and continuity of care. Furthermore, working in a multidisciplinary primary care team can improve information exchange between care providers and patients, positively impacting on clinical performance. Despite these opportunities, the primary care workforce is often overloaded in its daily activities and not adequately organised and coordinated to avoid burnout experiences and inefficient skills deployment. In this context, implementing Lean and Safety Management (L&SM) as a process improvement methodology can increase care pathways performance and integration, patient safety and satisfaction through the reduction of wastes and risks. The current study aims to implement L&SM in a primary care centre in Italy, with the final goal of increasing productivity and effectiveness in daily activities performed by primary care physicians. This project is carried out following the DMAIC cycle; a managerial approach that combines qualitative and quantitative techniques to support process improvement. The implementation roadmap will combine HLM and CRM, planning to achieve the main steps listed as follows: mapping the care demand and the available resources to define the focus of the study; identifying the most representative and critical patients; mapping the target care pathway; identifying wastes and risk and their root causes; identifying critical aspects and improvement events; implementing countermeasures; evaluating and monitoring results. The expected results of the forthcoming months consist of measurable improvements within the healthcare pathway, supporting the optimisation of the primary care centre. Moreover, this initiative may represent a pilot case for other similar projects, contributing to spread L&SM culture throughout primary care centres with benefits for both patients and clinical staff. © 2023 Proceedings of the European Conference on Management, Leadership and Governance. All Rights Reserved.",Lean healthcare; Lean management; Primary care centres; Quality management; Risk management,Health care; Lean production; Mapping; Process engineering; Quality management; Safety engineering; Case-studies; Daily activity; Lean healthcare; Lean management; Patient's satisfaction; Primary care; Primary care center; Process Improvement; Risks management; Safety management; Risk management,"Department of Management and Engineering, University of Padova, Vicenza, Italy",English,Conference paper,"Cited by: 0; Conference name: 19th European Conference on Management Leadership and Governance, ECMLG 2023; Conference sponsors: ; Conference code: 195361; Conference date: 23 November 2023 through 24 November 2023",20489021,,scopus,,leanandsafetymanagementinprimarycarecentresanitaliancasestudy_2023,excluir
C163,Lean and Safety Management: A Project to Improve the Continuity of Care for Chronic Patients,2023,,"Proceedings of the European Conference on Management, Leadership and Governance","Enhancing the quality of care for chronic patients means guaranteeing the delivery of integrated care. Integrated health systems help overcome the fragmentation of care processes, by bridging the organisational, managerial, and informational gaps, with the final purpose of improving the access, quality, and continuity of services. Indeed, chronic patients require the assistance of multiple providers, referring to different levels of care (primary, secondary, or tertiary). However, hyper-specialised and fragmented healthcare systems hamper the achievement of these goals, resulting in suboptimal care, higher cost, and poor quality of care. The implementation of lean and safety management (L&SM) within hospitals demonstrated its ability to improve efficiency, effectiveness, and patient satisfaction, through proactive identification and reduction of risks and wastes. The novelty lies in adopting this approach to act on integration and continuity between different levels of care. With this aim, a L&SM project has been developed in a Spanish hospital. The project focuses on improving the discharge process from internal medicine to primary care, essential to prevent further patients' readmissions. In fact, cooperation between the hospital and primary care is crucial to ensure continuity in chronic pathways, providing adequate assistance to patients' healthcare and social needs. The first results show how this approach was instrumental to engage in the project all key actors involved in the pathways, overcoming departmental barriers, and enhancing continuity of care. Moreover, this approach facilitated the convergence of identified inefficiencies with the clinicians' interests, focusing only on the aspects considered of primary importance, such as the communication between the hospital and primary care. The expected outcomes encompass the achievement of a better understanding of the process, the identification of the criticalities in terms of risks and waste, the proposal and implementation of improvement interventions. This project represents an innovative attempt to implement LSM outside of hospital boundaries to improve new performance dimensions, focusing on integration and continuity of care. © 2023 Proceedings of the European Conference on Management, Leadership and Governance. All Rights Reserved.",Care integration; Chronic care pathways; Healthcare management; Lean healthcare,Health care; Integration; Medicine; Care integration; Chronic care; Chronic care pathway; Continuity of cares; Health-care managements; Lean healthcare; Lean management; Primary care; Quality of care; Safety management; Hospitals,"University of Padova, Italy; Hospital, Spain; Universidad Pontificia Comillas, Madrid, Spain",English,Conference paper,"Cited by: 0; Conference name: 19th European Conference on Management Leadership and Governance, ECMLG 2023; Conference sponsors: ; Conference code: 195361; Conference date: 23 November 2023 through 24 November 2023",20489021,,scopus,,leanandsafetymanagementaprojecttoimprovethecontinuityofcareforchronicpatients_2023,excluir
C164,Lean-Agile Education: A Bibliometric Analysis,2023,10.1007/978-3-031-04435-9_38,"Smart Innovation, Systems and Technologies","There are several studies on the application of Lean Thinking, as well as the Agile Mindset, in the literature, including the sectors of healthcare, technology, agriculture, industry, finance, among others. However, few works focus on the joint exploration of both themes, especially in the education field. This article aimed to develop a bibliometric analysis on Lean-Agile Education, mapping the global scientific production on this topic and focusing on the process of education management in the digital age. Therefore, an exploratory and descriptive study was developed with a quantitative approach based on the collection and treatment of secondary data. Between 2000 and 2021, only 34 articles were identified on the Web of Science database, organized into three categories according to management, pedagogical, and curricular content perspectives, mostly found in English and published in the US and Europe, with three publications from the Aalto University (Finland) affiliation. It was observed that this discipline does not follow the main bibliometric laws (Lotka’s Law, Zipt’s Law, and Bradford Law) with only 6 authors with more than one publication, high dispersion of journals responsible for publications, and frequency of words without constant proportion within the field of study, with emphasis on “software”, “lean”, “agile”, and “education”. Therefore, this bibliometric analysis pointed out trends for the area, indicating that Lean-Agile Education is a contemporary topic and still scarce in number and diversity of publications with an opportunity to go beyond new studies. © 2023, The Author(s), under exclusive license to Springer Nature Switzerland AG.",Agile; Education; Lean; Lean-agile education; Management,Agile; Agriculture industries; Bibliometrics analysis; Digital age; Education field; Education management; Healthcare technology; Lean; Lean thinking; Lean-agile education; Publishing,"Graduate Program in Engineering and Innovation Management, Federal University of ABC, Santo Andre, Brazil",English,Conference paper | Proceedings Paper,"Cited by: 4; Conference name: 7th Brazilian Technology Symposium, BTSym 2021; Conference sponsors: ; Conference code: 280749; Conference date: 8 November 2021 through 10 November 2021",21903018,Conference Proceedings Citation Index - Science (CPCI-S),scopus+wos,10.1007/978-3-031-04435-9_38,leanagileeducationabibliometricanalysis_2023,excluir
C165,On the Necessity for Planning and Integration of Manufacturing Tasks to Align with Health Sector Needs and CE Goals: A Systematic Literature Review,2023,10.1007/978-3-031-17629-6_37,Lecture Notes in Mechanical Engineering,"The healthcare supply chain is significantly unsustainable due to the linear resource consumption. Implementing circular economy (CE) principles in the health sector supply chains are in an evolution phase. Manufacturers and service providers need to strengthen the integration for enhancing healthcare supply chains to minimize linear resource consumption. There is an opportunity for improvement, especially from a planning integration perspective, to satisfy circular economy goals and face the volatility of consumer demand, like in pandemic conditions. Lean thinking should be applied in supply chains to achieve waste minimization and improved operational efficiency. A systematic literature review is conducted to develop the strategic framework for aligning the manufacturing and health sector planning and integration. The resulting framework explains strategic, tactical, and operational levels for planning and integration. The framework also illustrates the interaction between internal and external value chains to give a clear flow of integration among stakeholders. © 2023, The Author(s), under exclusive license to Springer Nature Switzerland AG.",Circular economy; Health sector; Lean; Manufacturing; Planning; Supply chain,Conservation; Health care; Integration; Lean production; Circular economy; Condition; Consumer demands; Health sector; Lean; Manufacturing; Manufacturing tasks; Resources consumption; Service provider; Systematic literature review; Supply chains,"School of Business and Management, Institut Teknologi Bandung (ITB), Bandung, Indonesia; Department of Mechanical and Structural Engineering and Materials Science, University of Stavanger, Stavanger, Norway",English,Conference paper | Proceedings Paper,"Cited by: 0; Conference name: 31st International Conference on Flexible Automation and Intelligent Manufacturing, FAIM 2022; Conference sponsors: ; Conference code: 285199; Conference date: 19 June 2022 through 23 June 2022",21954356,Conference Proceedings Citation Index - Science (CPCI-S),scopus+wos,10.1007/978-3-031-17629-6_37,onthenecessityforplanningandintegrationofmanufacturingtaskstoalignwithhealthsectorneedsandcegoalsasystematicliteraturereview_2023,excluir
C166,Reorganisation of the internal storage and distribution logistics in a hospital,2023,10.1016/j.procs.2023.01.421,Procedia Computer Science,"This study involved the analysis and improvement of the internal distribution and storage at Hospital da Senhora da Oliveira - Guimaraes, a 500-beds general hospital in the north of Portugal. The study evolved around an action-research strategy that comprised five sequential and interconnected phases. Initially, the internal supply chain of the hospital was analysed with a special focus on ward warehouses (WW) and data about the logistics processes of the WW were gathered. Following, a prototype WW to test a set of innovative solutions aimed at dealing with the difficulties identified in the previous phase was developed. The proposed improvements were analysed and then implemented in the WW of a health care department, which lead to a new data collection about the performance of the logistics processes. The implementation of the proposed solutions resulted in a reduction of the time spent collecting, debiting and storing materials of 55% to 66%. It was also possible to reduce the error rate in these processes by 93%. When the proposed solutions are expanded to the whole hospital, in a year, it will be possible to save 4,819 hours in WW logistics processes (that can be dedicated to provide care to patients) and to avoid 115,843 errors © 2022 The Authors. Published by ELSEVIER B.V.",Healthcare logistics; Lean healthcare; Material management system; Wrd warehouse,Digital storage; Health care; Hospitals; Supply chains; Distribution logistics; General hospitals; Healthcare logistic; Internal storage; Lean healthcare; Logistics process; Material management systems; Portugal; Reorganisation; Wrd warehouse; Warehouses,"Hospital da Senhora da Oliveira - Guimaraes, Rua dos Cutileiros, Guimaraes, 4835-044, Portugal; Escola de Economia e Gestao, Universidade Do Minho, Campus de Gualtar, Braga, 4710-057, Portugal",English,Conference paper,"Cited by: 4; Conference name: 2022 International Conference on ENTERprise Information Systems, CENTERIS 2022 - International Conference on Project MANagement, ProjMAN 2022 and International Conference on Health and Social Care Information Systems and Technologies, HCist 2022; Conference sponsors: ; Conference code: 189385; Conference date: 9 November 2022 through 11 November 2022; All Open Access; Gold Open Access",18770509,,scopus,10.1016/j.procs.2023.01.421,reorganisationoftheinternalstorageanddistributionlogisticsinahospital_2023,excluir
C167,The Impact of lean supply chain strategy on consumers'purchasing behavior: The case of dental hospitals,2023,10.1051/e3sconf/202337605026,E3S Web of Conferences,"The purpose of this research is to investigate the effects of the lean supply chain strategy on the purchasing behavior of consumers. Demographic questions, lean supply chain strategy scale and consumer purchasing behavior scale were used to collect the data of the research. The main body of the research consists of 30,584 patients hospitalized in private dental hospitals operating in the European side of Istanbul. In this context, the characteristics of the lean supply chain, known as optimizing and simplifying all supply chain processes, reducing waste and focusing on eliminating activities that do not add value, the features that affect the consumers, the effects of the brand on the consumer, the effect of the campaigns on the purchasing decisions of the consumers have been investigated. As a result of the regression analysis, it has been determined that the lean supply chain strategy has a positive effect on consumer purchasing behavior. © The Authors, published by EDP Sciences.",Consumer; Lean Management; Lean Supply Chain; Purchasing Behaviour,,"Istanbul Gelisim University, Cihangir Dist. Sehit Jandarma Komando Er Hakan Oner Str. No:1 Avcilar, Istanbul, 34310, Turkey",English,Conference paper,"Cited by: 2; Conference name: 2023 International Scientific and Practical Conference on Environmental Risks and Safety in Mechanical Engineering, ERSME 2023; Conference sponsors: ; Conference code: 187720; Conference date: 1 March 2023 through 3 March 2023; All Open Access; Gold Open Access; Green Open Access",25550403,,scopus,10.1051/e3sconf/202337605026,theimpactofleansupplychainstrategyonconsumerspurchasingbehaviorthecaseofdentalhospitals_2023,excluir
C168,Utilizing Agent-based Simulation in a Lean Six Sigma Application to Reduce Patient Discharge Cycle Time: A Case Study in the UAE,2023,10.21872/2023iise_3076,IISE Annual Conference and Expo 2023,"Globally rising healthcare inefficiencies have forced the industry to adopt operational excellence methodologies and other approaches to deliver efficient and affordable services while maintaining patient satisfaction. However, there is no application of prominent OPEX methodologies, such as Six Sigma Methodology (SS) and Lean Thinking, nor agent-based simulation in the United Arab Emirates to enhance the quality and efficiency of the patient discharge process. Thus, this study bridges this gap, showing the efficacy of using these methodologies via a case study approach. The study effectively used several tools, including normality tests, capability analysis, fishbone diagram, Pareto chart, and value stream mapping, to validate the root causes and draw robust inferences. The study also simulated the current state of the discharge process to verify and validate the system performance and root causes and assess the efficiency of the proposed solutions. The simulation results illustrate a 56% decrease in the cycle time, a 74% decrease in non-value-added activities, and a 37% reduction in the waiting time of incoming patients through schedule optimization. © IISE and Expo 2023.All rights reserved.",Discharge Process; Healthcare; Lean Thinking; Simulation; Six Sigma Methodology,Health care; Lean production; Process monitoring; Six sigma; Work simplification; Agent based simulation; Cycle time; Discharge process; Healthcare; Lean Six Sigma; Lean thinking; Patient discharge; Root cause; Simulation; Six-Sigma methodology; Efficiency,"Industrial and Systems Engineering, Khalifa University, Abu Dhabi, United Arab Emirates; Masters Student, Industrial and Systems Engineering, Khalifa University, Abu Dhabi, United Arab Emirates; Industrial and Systems Engineering, Khalifa University, Abu Dhabi, United Arab Emirates; Industrial and Systems Engineering, Khalifa University, Abu Dhabi, United Arab Emirates; Industrial and Systems Engineering, Khalifa University, Abu Dhabi, United Arab Emirates",English,Conference paper,Cited by: 1; Conference name: IISE Annual Conference and Expo 2023; Conference sponsors: UCF; Conference code: 192872; Conference date: 21 May 2023 through 23 May 2023,,,scopus,10.21872/2023iise_3076,utilizingagentbasedsimulationinaleansixsigmaapplicationtoreducepatientdischargecycletimeacasestudyintheuae_2023,excluir
C169,Value Measurement in Health Care Delivery Process for a Paediatric Hospital in Guinea-Bissau,2023,10.1007/978-3-031-09360-9_16,Lecture Notes in Mechanical Engineering,"This project is the result of a volunteer program that took place in the Republic Guinea-Bissau (RGB) at the Paediatric Hospital. The Paediatric Hospital was working with the same technologic skills as Portugal in the 70’s years. There was no wired network between departments, no informatic system and all work was handmade. The physicians received incomplete clinical reports and, sometimes, with gross errors. There was no triage neither outpatient short list during the medical urgency period. The outpatients needed to wait for long time to get the analytical report and most time without meal or single bread. On the Clinical Analysis Laboratory, the biologic sample identification and the manual data report were lower changes to be credible and there was no final checklist. This paper describes the improvements made by the authors in the hospital logistical processes and in the development and implementation of an information system that was started in March 2018. These improvements were developed based on lean manufacturing principles, on methods and best practices for some referenced case studies from America, Saudi Arabia, Italy and England. As a result, the hospital reduced outpatient waiting time, improved Hospital, Laboratory and outpatient outcomes, increased confidence work for physicians and laboratory technics. © 2023, The Author(s), under exclusive license to Springer Nature Switzerland AG.",Electronic medical records; Lean healthcare; Lean tools; Sustainability; Volunteer program,Computer aided instruction; Health care; Medical computing; Pediatrics; Delivery process; Electronic medical record; Informatics systems; Lean healthcare; Lean tools; Medical record; Portugal; Value measurements; Volunteer program; Wired networks; Hospitals,"Laboratório de Análises Clínicas, Manuel Pimenta, Lda, Ponte de Lima, 4990-013, Portugal; ALGORITMI Research Centre, Department of Production and Systems, University of Minho, Braga, 4710-057, Portugal; ISEP – School of Engineering, Polytechnic of Porto, Porto, 4200-072, Portugal; INEGI - Institute of Science and Innovation in Mechanical and Industrial Engineering, Rua Dr. Roberto Frias, 400, Porto, 4200-465, Portugal",English,Conference paper,"Cited by: 2; Conference name: 2nd International Conference Innovation in Engineering, ICIE 2022; Conference sponsors: ; Conference code: 279569; Conference date: 28 June 2022 through 30 June 2022",21954356,,scopus,10.1007/978-3-031-09360-9_16,valuemeasurementinhealthcaredeliveryprocessforapaediatrichospitalinguineabissau_2023,excluir
C170,Application of Lean Management Methods in Health Care Sector: Case Study of Tunisian Private Polyclinic,2024,10.1007/978-3-031-57324-8_43,Lecture Notes in Mechanical Engineering,"The main objective of each company is to increase customer satisfaction by providing the product they need, in the required quantity and at the right time. In healthcare, the main goal is to satisfy the patients with the good quality of care and reduce the costs in the healthcare organizations. To achieve this objective, managers are invited to apply methods that contribute to the continuous improvement of service quality, such as the application of lean management activities (Value stream mapping, Six Sigma, 5S, PDCA, visual management, etc.…) which have proven effectiveness through several research works. The main purpose of this paper is to demonstrate the role of lean management system to improve patient satisfaction and reduce time wastage in healthcare. The case of a private Tunisian polyclinic is treated, where the ishikawa diagram is used for the diagnostic of the polyclinic situation and to highlight the existing problems, and a two Lean Management tools are applied: Visual Management and 5S Process. © The Author(s), under exclusive license to Springer Nature Switzerland AG 2024.",health care; Lean management; patients satisfaction; polyclinic; service quality; time wastage,Diagnosis; Lean production; Patient treatment; Process engineering; Quality of service; Six sigma; Case-studies; Customers' satisfaction; Healthcare sectors; Lean management; Management method; Patient's satisfaction; Polyclinic; Service Quality; Time wastage; Visual management; Customer satisfaction,"Faculty of Economics and Management of Sfax (FSEGS), University of Sfax, LA2MP, Airport Road km4, Sfax, 3018, Tunisia; National School of Engineering of Sfax (ENIS), University of Sfax, LA2MP, Sukra Road B.P.1173-3038, Sfax, Tunisia; High Institute of Biotechnology of Sfax (ISBS), University of Sfax, Sukra Road 3038, Sfax, Tunisia",English,Conference paper,"Cited by: 0; Conference name: 4th International Conference on Advanced Materials Mechanics and Manufacturing, A3M2023; Conference sponsors: ; Conference code: 310099; Conference date: 20 March 2023 through 21 March 2023",21954356,,scopus,10.1007/978-3-031-57324-8_43,applicationofleanmanagementmethodsinhealthcaresectorcasestudyoftunisianprivatepolyclinic_2024,excluir
C171,Application of lean thinking in modern hospital architectural design Dharmais Cancer Hospital Jakarta,2024,10.1063/5.0226602,AIP Conference Proceedings,"This paper is an architectural study of modern hospital design. This study aims to apply lean thinking in modern hospital design planning where the patient is the center. The methodology conducted the research with a qualitative approach through observation and case studies from Dharmais Cancer Hospital Jakarta. Lean thinking approach in the design process, making improvements mainly related to elements and space utilization in the hospital, including integration with information systems and medical technology. Hospital design is carried out by identifying and eliminating waste or activities that are not added value through radical continuous improvement by flowing products (materials, work-in-process, output) and information, using a pull system from stakeholders to pursue excellence and perfection. Thus, it is hoped that the design of the hospital building can be effective in its space program. An architectural design change based on lean thinking is expected to add value to patients and better management of key resources in terms of services, both in the form of access and better room layout. © 2024 Author(s).",Architectural Design; Cancer Hospital; Lean Thinking; Modern Hospital Design,,"Universitas Kristen Indonesia, Jakarta, Indonesia",English,Conference paper,"Cited by: 1; Conference name: Science and Technology Research Symposium 2022, SiRes 2022; Conference sponsors: ; Conference code: 202503; Conference date: 18 October 2022",0094243X,,scopus,10.1063/5.0226602,applicationofleanthinkinginmodernhospitalarchitecturaldesigndharmaiscancerhospitaljakarta_2024,excluir
C172,Implementing the Lean Healthcare Model: A Knowledge and Change Management Approach to Reduce Waiting Times in the Healthcare Sector,2024,10.1007/978-981-97-5810-4_4,"Smart Innovation, Systems and Technologies","This study was conducted within a private healthcare facility experiencing challenges in its emergency department, where the efficiency of the process was recorded at approximately 39%. A proposal was made to introduce a Lean Healthcare model, emphasizing the pivotal roles of Change Management and Knowledge Management in its formulation. This comprehensive strategy successfully secured employee support for the envisaged changes, streamlining the knowledge transfer during the implementation of Lean tools. As a result, a substantial maximum reduction of 67.01% in process waiting time was realized, accompanied by an overall efficiency enhancement to 63.87%. © The Author(s), under exclusive license to Springer Nature Singapore Pte Ltd. 2024.",Emergency department (ED); Knowledge Management; Lean Healthcare; Lean tools; Standardized Work; Waiting time (WT),Change management; Emergency department; Emergency departments; Health care modeling; Healthcare sectors; Lean healthcare; Lean tools; Standardized work; Waiting time; Efficiency,"Universidad César Vallejo, Trujillo, Peru; Ricardo Palma University, Lima, Peru; University Private San Juan Bautista, Lima, Peru",English,Conference paper,"Cited by: 0; Conference name: 8th International Conference on Information and Communication Technology for Intelligent Systems, ICTIS 2024; Conference sponsors: ; Conference code: 320469; Conference date: 22 May 2024 through 23 May 2024",21903018,,scopus,10.1007/978-981-97-5810-4_4,implementingtheleanhealthcaremodelaknowledgeandchangemanagementapproachtoreducewaitingtimesinthehealthcaresector_2024,excluir
C173,Improving Early Diagnosis: The Intersection of Lean Healthcare and Computer Vision in Cancer Detection,2024,10.1007/978-3-031-56950-0_34,Lecture Notes in Networks and Systems,"Cancer is a relentless adversary, and late detection only grants it more time to tighten its grip on lives and futures, underscoring the critical importance of early diagnosis. The integration of Lean Healthcare principles and Computer Vision technology is reshaping the landscape of cancer detection and diagnosis. This approach combines Lean’s focus on efficiency and process optimization with Computer Vision’s ability to analyze medical images, leading to more accurate, timely, and patient-centric cancer detection methods. This study embarks on a comprehensive investigation, utilizing the YOLO (You Only Look Once) v7 network for cancer detection and harnessing the PanNuke dataset—an extensive repository featuring 205,343 nuclei spanning 19 distinct tissue types. Concurrently, it delves into the discourse surrounding the integration of Lean Healthcare practices, illuminating a pathway to enhance the efficiency of cancer detection through the collaborative utilization of computer vision models and Lean Healthcare principles. By using the YOLO general-purpose object detection algorithm, potential cancer cases are identified successfully. The model achieves a high detection accuracy of 91.76%, Confirming that computer vision algorithms are a dependable tool for expediting cancer detection with high accuracy. © The Author(s), under exclusive license to Springer Nature Switzerland AG 2024.",Cancer Detection; Computer Vision; Deep Learning; Healthcare 4.0; Lean Healthcare,Deep learning; Diagnosis; Diseases; Efficiency; Medical computing; Medical imaging; Object detection; Optimization; Cancer detection; Cancer detection and diagnosis; Cancer detection methods; Computer vision technology; Deep learning; Early diagnosis; Efficiency optimization; Healthcare 4.0; Lean healthcare; Process optimisation; Computer vision,"The University of Texas at San Antonio, San Antonio, 78249, TX, United States",English,Conference paper | Proceedings Paper,"Cited by: 10; Conference name: 2nd International Conference on Advances in Computing Research, ACR 2024; Conference sponsors: ; Conference code: 310969; Conference date: 3 June 2024 through 5 June 2024",23673370,Conference Proceedings Citation Index - Science (CPCI-S),scopus+wos,10.1007/978-3-031-56950-0_34,improvingearlydiagnosistheintersectionofleanhealthcareandcomputervisionincancerdetection_2024,excluir
C174,Integrating Lean Healthcare and Machine Learning for Cancer Risk Prediction,2024,10.1007/978-3-031-56950-0_31,Lecture Notes in Networks and Systems,"The rising global threat of cancer has gained significant attention within the scientific community. The integration of Lean Healthcare principles with cutting-edge Machine Learning (ML) techniques has emerged as a promising approach to transform healthcare systems and enhance patient care. One of the most critical areas where this integration is making significant strides is in predicting the risk of developing cancer. This article explores the synergy between Lean Healthcare and ML in the context of cancer risk prediction, highlighting its potential to revolutionize early detection and personalized preventive care. Utilizing five distinct Machine Learning models, the analysis leveraged the Cancer Patients dataset, a publicly accessible resource containing 1000 patient profiles with diverse information related to the risk of cancer development in the human body. The study assessed various ML algorithms in cancer detection and also underscored the potential of Industry 4.0 technologies in improving patient outcomes. Assessment using performance metrics like accuracy, sensitivity, and F-score demonstrated AI’s potential in improving detection accuracy. The results have shown that Multilayer Perceptron (MLP), Random Forest (RF) with Principal Component Analysis (PCA), and Logistic Regression (LR) with PCA exhibit significant efficacy in cancer detection. Consequently, the integration of supervised machine learning methods is poised to offer substantial assistance in the early diagnosis and prognosis of cancer. © The Author(s), under exclusive license to Springer Nature Switzerland AG 2024.",Artificial Intelligence; early diagnosis; Industry 4.0; Lean Healthcare; Machine Learning,Diagnosis; Diseases; Forecasting; Health care; Industry 4.0; Principal component analysis; Risk assessment; Supervised learning; Cancer detection; Cancer risk; Cutting edges; Early diagnosis; Global threats; Lean healthcare; Machine-learning; Principal-component analysis; Risk predictions; Scientific community; Integration,"The University of Texas at San Antonio, San Antonio, 78249, TX, United States",English,Conference paper | Proceedings Paper,"Cited by: 2; Conference name: 2nd International Conference on Advances in Computing Research, ACR 2024; Conference sponsors: ; Conference code: 310969; Conference date: 3 June 2024 through 5 June 2024",23673370,Conference Proceedings Citation Index - Science (CPCI-S),scopus+wos,10.1007/978-3-031-56950-0_31,integratingleanhealthcareandmachinelearningforcancerriskprediction_2024,excluir
C175,Lean management in public hospital medicines supply chain: A literature review,2024,10.1109/logistiqua61063.2024.10571492,"2024 IEEE 15th International Colloquium of Logistics and Supply Chain Management, LOGISTIQUA 2024","In recent years, lean management has become a central concept in the supply chain's flow management, given the optimizations it offers. Medicines and drugs are crucial elements in healthcare, and many researchers have focused on how to optimize their management through lean practices. In this context, the following article aims to summarize the research carried out on the lean supply chain for medicines in hospitals. © 2024 IEEE.",drugs; hospital supply chain; lean management; medicines,Lean production; Supply chain management; Supply chains; Drug; Flow management; Hospital supply chain; Lean management; Lean practices; Lean supply chains; Literature reviews; Medicine; Optimisations; Supply chain flows; Hospitals,"Chouaïb Doukkali University, Science Study and Research Laboratory Economics and Management, LERSM ENCGJ, El Jadida, Morocco",English,Conference paper,"Cited by: 2; Conference name: 15th IEEE International Colloquium of Logistics and Supply Chain Management, LOGISTIQUA 2024; Conference sponsors: ; Conference code: 200684; Conference date: 2 May 2024 through 4 May 2024",,,scopus,10.1109/logistiqua61063.2024.10571492,leanmanagementinpublichospitalmedicinessupplychainaliteraturereview_2024,excluir
C176,Modeling Lean Thinking in Hospital Design with Bubble Diagrams: Case Study of Jakarta Dharmais Cancer Hospital,2024,10.1063/5.0226600,AIP Conference Proceedings,"Lean thinking is very important to be applied to hospital design, so it is hoped that it will produce the most efficient design. This study aims to design a hospital based on lean thinking. The case study was conducted on the design of the Jakarta Dharmais Cancer Hospital. This research is a descriptive approach through observation and hospital case studies. It conducted this research for quality improvement by showing the relationship between the subject and the hospital system and building that became the research object, with the final result of an efficient hospital design. The tool used for planning or designing the hospital in this study is the Proximity and Correlation Function Diagram by Bubble Diagrams. The study proposes optimization through planning the space program and improving access from each work unit in the hospital. This design study reveals the optimization of operations by reducing activities that do not add value to patients and managing key resources efficiently through better access and room layout. © 2024 American Institute of Physics Inc.. All rights reserved.",Bubble Diagrams; Cancer Hospital; Dharmais Cancer Hospital; Hospital Design; Lean Thinking,,"Department of Architecture, Universitas Kristen Indonesia, Jakarta, Indonesia",English,Conference paper,"Cited by: 0; Conference name: 2022 Premiere International Seminar on Engineering, Chemical and Biological; Conference sponsors: ; Conference code: 203536; Conference date: 19 December 2022",0094243X,,scopus,10.1063/5.0226600,modelingleanthinkinginhospitaldesignwithbubblediagramscasestudyofjakartadharmaiscancerhospital_2024,excluir
C177,Simulation Model for the Improvement of the Service Times in a Medical Specialty Center,2024,10.1007/978-3-031-70981-4_54,Lecture Notes in Networks and Systems,"In the health sector, offering a quality, fast and uncomplicated service is a necessity for any care center, it is important to take advantage of technological tools that allow monitoring and deciding on the processes. In this research, a simulation of the customer service process was carried out using ARENA software, with the aim of improving the customer service process in compliance with a culture of learning and continuous improvement. The simulation results show a 63.5% reduction in patient waiting time, 24.9% in triage, a 70.6% reduction at check-out, and a 12 to 21% reduction in doctor’s attention. With the results obtained, it would determine that the model is valid, being a viable and economical option to improve the customer care process, limited by software restriction and the model complexity. © The Author(s), under exclusive license to Springer Nature Switzerland AG 2024.",Lean healthcare; Rockwell arena; service times,Digital elevation model; % reductions; Customer-service; Lean healthcare; Medical specialties; Rockwell; Rockwell arena; Service process; Service time; Simulation model; Technological tools; Sales,"Universidad Politécnica Salesiana, Production and Industrial Operations, Quito, 170525, Ecuador; Universidad Politécnica Salesiana, GIIPSI Research Group, Quito, 170525, Ecuador",English,Conference paper,"Cited by: 2; Conference name: International Conference on Computer Science, Electronics and Industrial Engineering, CSEI 2023; Conference sponsors: ; Conference code: 324509; Conference date: 6 November 2023 through 10 November 2023",23673370,,scopus,10.1007/978-3-031-70981-4_54,simulationmodelfortheimprovementoftheservicetimesinamedicalspecialtycenter_2024,excluir
C178,Unveiling Managerial Perspectives on the Essential Role of Lean Implementation in Romanian Healthcare,2024,10.1007/978-3-031-54671-6_11,Lecture Notes in Networks and Systems,"Healthcare is an extremely important sector in our society and lives. Thus, the best management methods and techniques must be applied on a large scale to ensure prosperous conditions for world population and young generations. Lean Management represents a system or methodology which helps to increase efficiency and efficacy by eliminating waste and focusing on the activities which add value for the customer, thus for the patient in healthcare field. By eliminating several types of waste on a sustained, continuous basis, operational excellence is achieved. The interest towards applying lean philosophy in the medical field is growing worldwide, as top hospitals apply Lean as a business strategy to influence and monitor various performance indicators, such us: improving employee satisfaction, increasing service quality level, improve safety at the workplace, reducing costs and so on. The purpose of this article is to present the results of a survey conducted in public and private units of Romanian healthcare with the aim to know the management opinion regarding the need to implement a management system based on the identification and elimination of waste. Out of the big database, which is subject of a wider analysis to be published this year, we selected and analyzed the answers of the top managers, as the top management is a key element of the successful Lean Management application. The paperwork will focus on managers’ perspective on the need to apply Lean Management in their units and in Romanian healthcare. © The Author(s), under exclusive license to Springer Nature Switzerland AG 2024.",Efficiency; Hospital Managers; Hospitals; Lean Instruments; Lean Management; Romanian Healthcare,Health care; Hospitals; Lean production; Waste management; Hospital managers; Large-scales; Lean implementation; Lean instrument; Lean management; Management method; Management techniques; Method and technique; Romanian healthcare; Romanians; Efficiency,"George Emil Palade University of Medicine, Pharmacy, Science, and Technology of Targu Mures, Gh.Marinescu Street 38, Targu Mureș, 540142, Romania; School of Advanced Studies of the Romanian Academy, Calea Victoriei 125, Bucharest, 010071, Romania; Polytechnic University of Bucharest, Splaiul Independenței 313, Bucharest, 060042, Romania; ROHEALTH – The Health and Bioeconomy Cluster, Calea Grivitei Street, Bucharest, 010731, Romania; Frontier Management Consulting, Calea Griviței 6-8, Bucharest, 010731, Romania; Technical University of Cluj-Napoca, Memorandumului 28, Cluj-Napoca, 400114, Romania; Academy of Economic Studies of Moldova, Banulescu-Bodoni Street 61, Chișinau, MD-2005, Moldova",English,Conference paper,"Cited by: 0; Conference name: 17th International Conference on Interdisciplinarity in Engineering, INTER-ENG 2023; Conference sponsors: ; Conference code: 310409; Conference date: 5 October 2023 through 6 October 2023; All Open Access; Gold Open Access",23673370,,scopus,10.1007/978-3-031-54671-6_11,unveilingmanagerialperspectivesontheessentialroleofleanimplementationinromanianhealthcare_2024,excluir
C179,“Implementation of Lean Healthcare to improve customer care in a dental center-Cajamarca 2023”; [“Implementación de Lean Healthcare para mejorar la atención del cliente en un centro odontológico-Cajamarca 2023”],2024,10.18687/laccei2024.1.1.1681,"Proceedings of the LACCEI international Multi-conference for Engineering, Education and Technology","The main objective of this research was to implement the Lean Healthcare methodology to improve customer care in a dental center-Cajamarca 2023.The 5 S Methodology tools, Preventive Maintenance Plan and MRP were used to make facing the problems that the company presented.The population was made up of all the clients of the dental center served in the period from January to July 2023, totaling 840.When implementing this methodology, improvements were observed in customer service time, which influenced satisfaction with the service received.An average customer waiting time of 19 minutes was obtained compared to the 47 minutes that existed before the implementation of the tools and the gap that exists between the average of total perceptions and the average of expectation, the result was 1.3, this being positive for the dental center. © 2024 Latin American and Caribbean Consortium of Engineering Institutions. All rights reserved.",client; dental services; expectation; Lean Healthcare; perception,,"Universidad Privada del Norte, Cajamarca, Peru",Spanish,Conference paper,"Cited by: 0; Conference name: 22nd LACCEI International Multi-Conference for Engineering, Education and Technology, LACCEI 2024; Conference sponsors: ; Conference code: 202044; Conference date: 17 July 2024 through 19 July 2024; All Open Access; Gold Open Access",24146390,,scopus,10.18687/laccei2024.1.1.1681,implementationofleanhealthcaretoimprovecustomercareinadentalcentercajamarca2023implementaciondeleanhealthcareparamejorarlaatenciondelclienteenuncentroodontologicocajamarca2023_2024,excluir
C180,A 'New' Definition of Waste: How to See and UnderstandToyota Production System Main Concept Beyond a List and in Any Kind of Business,2025,10.1109/induscon66435.2025.11241427,"2025 16th IEEE International Conference on Industry Applications, INDUSCON 2025 - Proceedings","A latent difficulty of Lean practitioners is to face the challenge of abstracting the concept of waste when dealing with non-manufacturing contexts, such as office work and services. Terms like production - as in overproduction -, transportation, stock/inventory and defective are commonly regarded and interpreted as manufacturing concepts, and not by its generic meaning and etymology, opening a path for the rising of unnecessary variations and complications of TPS, such as Lean Office, Lean Healthcare, etc. The concept of the 'seven wastes' in the context of manufacturing efficiency is, nowadays, widely known and diffused. However, it is now known that there were several interpretation errors and negligence in translation and transposition of the Japanese concepts by Western researchers and management authors inside the naturally convoluted process of knowledge transfer. Following this path of investigation, I have found that critical to the subject of promoting waste elimination, is the fact that first definitions do not include a list of seven types, nor any list whatsoever. Hence, the purpose of this article is to analyze two of the earliest, pre-Lean, official sources of the concept of waste in the context of TPS. Then, propose its use as a more effective definition, by demonstrating how it simplifies the waste identification and waste elimination processes beyond work or business type borders. The resource view of the concept of waste found in TPS removes the unintended barriers created by its industrial origins, and reinstate the universal management system perspective of Taiichi Ohno. By adopting this perspective, there is no need to transpose or translate terms, nor to create extra confusion that benefits the consulting and training companies only. Resource is a more neutral term, and through the right stimulus, leads to one of the most needed skills for companies that desire to make cost reduction a routine: employees that are critical thinkers and that go beyond boundaries. By the means of this 'new' definition, an office worker can easily understand that a report that contains an error demands a need for surplus working hours for correction (a resource with monetary value and thus, contributing to the overall cost) that otherwise - if the work method could prevent such error - would be avoided. And this is nothing more than the industrial equivalent waste generated by producing defects. © 2025 IEEE.",cost reduction; Lean; Lean Manufacturing; resource management; seven wastes; Toyota production system,Agile manufacturing systems; Information use; Knowledge based systems; Knowledge management; Knowledge transfer; Lean production; Natural resources management; Office buildings; Personnel training; Resource allocation; Waste management; Costs reduction; Lean; Lean office; Manufacturing concepts; Office works; Production system; Resource management; Seven waste; Toyota Production System; Waste eliminations; Cost reduction,"Universidade Estadual Paulista 'Júlio de Mesquita Filho' - UNESP, Department of Production Engineering, Bauru, Brazil",English,Conference paper,"Cited by: 0; Conference name: 16th IEEE International Conference on Industry Applications, INDUSCON 2025; Conference sponsors: ; Conference code: 217410; Conference date: 14 October 2025 through 17 October 2025",,,scopus,10.1109/induscon66435.2025.11241427,anewdefinitionofwastehowtoseeandunderstandtoyotaproductionsystemmainconceptbeyondalistandinanykindofbusiness_2025,excluir
C181,A Framework Proposal for Diagnostic Evaluation of the Impact of Obstacles in the Implementation of Lean Healthcare,2025,10.1007/978-3-031-77723-3_34,Lecture Notes in Production Engineering,"The optimization of healthcare delivery, patient safety, and financial performance is crucial in the healthcare sector, driving the adoption of Lean healthcare methodology. This approach, centered on principles of waste elimination and value addition, has the potential to enhance patient care quality as Lean maturity increases. However, despite successful cases, criticisms have arisen regarding the effectiveness of Lean implementation in hospital environments. It is believed that the existence of underexplored obstacles could explain the slow adoption of the Lean culture in hospital organizations. Thus, it is considered essential to recognize and better understand these factors for a correct and efficient Lean implementation. In this context, this work proposes an evaluative Framework, from the Organizational Interoperability perspective, to enable hospitals to assess their Lean maturity and readiness for successful implementation. The Framework introduces a diagnostic evaluation and decision-making model for guiding Lean implementation based on three multicriteria decision support methods: Analytic Hierarchy Process and Decision Making Trial and Evaluation Laboratory for diagnostic evaluation, and Preference Ranking Organization Method for Enrichment Evaluation for decisional evaluation. Finally, the developed Framework will be applied to an Emergency Care Unit (ECU) undergoing a Lean implementation project. The Framework will enable the assessment of the ECU’s capacity to receive such implementation, the identification of obstacles, and their influence on the Lean action plan. © The Author(s), under exclusive license to Springer Nature Switzerland AG 2025.",Emergency care unit; Framework; Lean healthcare; Multicriteria methods; Organizational interoperability,Analytic hierarchy process; Decision making; Diagnosis; Health care; Hospitals; Interoperability; Lean production; Emergency care; Emergency care unit; Framework; Healthcare delivery; Lean healthcare; Lean implementation; Multi-criteria method; Optimisations; Organizational interoperability; Patient safety; Decision support systems,"University of Gurupi (UNIRG), Gurupi, Brazil; Pontifical Catholic University of Paraná (PUCPR), Curitiba, Brazil; Federal University of Paraná (UFPR), Curitiba, Brazil",English,Book chapter | Proceedings Paper,Cited by: 0,21940525,Conference Proceedings Citation Index - Science (CPCI-S),scopus+wos,10.1007/978-3-031-77723-3_34,aframeworkproposalfordiagnosticevaluationoftheimpactofobstaclesintheimplementationofleanhealthcare_2025,excluir
C182,AI-Enhanced Lean Management in Healthcare Provision Systems: Streamlining the Disposal Process of Hazardous Medical Waste,2025,10.1007/978-3-031-82923-9_27,Lecture Notes in Bioengineering,"Applying AI in parallel with Lean creates a unique method of dealing with the difficulties connected with hazardous medical waste in healthcare facilities. Specifically, this paper examines how the symbiosis of Leading Advanced Intelligent (AI) technologies like IoT and Deep Learning with Lean approaches transforms waste management. Thus, the purpose of this paper is to present an overall assessment of current trends in the application of AI to support Lean waste management in the context of the healthcare industry and its advantages, and future prospects for its development. Based on an analysis of literature review on current practices, case studies of AI and theoretical regression analysis, the study concludes to the need of harmonizing AI with Lean techniques for efficiency, efficacy, and sustainability in the management of hazardous wastes. Furthermore, it presents future developments that might be expected in the near future such as the usage of artificial intelligence for additional increase in the efficiency of waste management and robotics and ethical issues that should be concerned on while implementing it. The knowledge developed in this study will come handy to healthcare administrators, policymakers, and other technology specialists who are interested in advancing the practice of medical hazardous waste management. © The Author(s), under exclusive license to Springer Nature Switzerland AG 2025.",Artificial intelligence (AI); Hazardous medical waste management; Healthcare waste disposal; Lean methodologies; Operational efficiency; Sustainability in healthcare; Waste segregation,,"Department of Plant Breeding and Genetics, Islamia University of Bahawalpur, Bahawalpur, Pakistan; CMH Institute of Medical Sciences Bahawalpur, Bahawalpur, Pakistan; Cancer National Institute, IRCCS, Pascale Foundation, Naples, Italy",English,Conference paper,"Cited by: 0; Conference name: 1st International Conference Logistics and Lean Engineering for Advanced Healthcare Methodologies Modelling, LLEAHMM 2024; Conference sponsors: ; Conference code: 333609; Conference date: 10 October 2024 through 12 October 2024",2195271X,,scopus,10.1007/978-3-031-82923-9_27,aienhancedleanmanagementinhealthcareprovisionsystemsstreamliningthedisposalprocessofhazardousmedicalwaste_2025,excluir
C183,Business Process Modelling to Optimise the Management of Surgeries of Acute Cholecystitis: A Case Study of an Italian Hospital Unit,2025,10.1007/978-3-031-84816-2_29,"ADVANCES IN OPERATIONAL EXCELLENCE IN THE HIGHER EDUCATION SECTOR, ILSSFORHEI 2024","Purpose: This study was conducted and tested in a healthcare facility, but the management of the presentation and symptoms of AC is generalisable to all healthcare facilities worldwide. The paper aims to improve the management and identification of patients with acute cholecystitis (AC) in an Italian hospital unit (HU) in an attempt to reduce long-term complications. Design/Methodology/Approach: A Business Processing Modelling and Notation (BPMN) workflow was used for the study to identify Key Performance Indicators (KPIs) suitable for modelling the patient pathway from triage to the hospital emergency room to possible surgery, analysing all phases of the care process. Findings: The proposed workflow provides data on critical KPIs for the management of patients presenting AC and presents BPMN workflows that model the patient pathway from triage to the hospital emergency room to possible surgery. This model helps to optimise the organisation of the HU and to manage high risk AC cases for possible complications of the patient in the short term. Originality/Value: The study aims to be one of the first of its kind, to the authors' knowledge, to apply BPMN to the management of AC. The knowledge gained can be taken as a reference by healthcare facilities worldwide to improve patient efficiency and manage hospital capacity.",BPMN workflow; KPI; healthcare surgery processes; Lean healthcare; Acute cholecystitis,MORTALITY,"McDermott, O (Corresponding Author), Univ Galway, Coll Sci & Engn, Galway, Ireland. Rosa, Angelo, LUM Univ Giuseppe Degennaro, Dept Management Finance & Technol, Str Statale 100 Km 18, I-70010 Casamassima, BA, Italy. Massaro, Alessandro, LUM Univ Giuseppe Degennaro, Dept Engn, Str Statale 100 Km 18, I-70010 Casamassima, BA, Italy. McDermott, Olivia, Univ Galway, Coll Sci & Engn, Galway, Ireland. Cianci, Valentina; Simone, Michele, Osped Di Venere, Carbonara Di Bari, Italy.",English,Proceedings Paper,,2198-0772,Conference Proceedings Citation Index - Social Science &amp; Humanities (CPCI-SSH),wos,10.1007/978-3-031-84816-2_29,businessprocessmodellingtooptimisethemanagementofsurgeriesofacutecholecystitisacasestudyofanitalianhospitalunit_2025,excluir
C184,Expanded Value Stream Mapping in Healthcare: From Efficiency to Sustainability,2025,10.34190/ecmlg.21.1.4271,"Proceedings of the European Conference on Management, Leadership and Governance","Value Stream Mapping (VSM) is a widely used lean tool that improves efficiency by identifying and eliminating wastes across various processes, including those in healthcare. In recent years, stakeholders have increasingly pressured organisations to integrate sustainability into their operations, underscoring the need to expand lean management practices by incorporating environmental and social considerations, such as the implementation of sustainable VSM. Unlike traditional VSM, which primarily focuses on customer (i.e., patient) value, sustainable VSM addresses the needs of a broader range of stakeholders, including patients, employees (healthcare staff), labour/professional unions, insurers, local communities, and regulatory bodies. This study aims to systematically identify the metrics used in VSM within the healthcare sector and propose an expanded metrics-based VSM that integrates economic, environmental, and social dimensions. A systematic literature review on sustainable VSM was conducted following the Preferred Reporting Items for Systematic Reviews and Meta-Analyses (PRISMA) guidelines. The review indicates that current VSM practices in healthcare focus on metrics related to time, efficiency, capacity, cost, patient safety, and patient satisfaction. However, the healthcare sector also has significant implications for sustainability, including environmental aspects (e.g., resource consumption and healthcare waste management) and social aspects (e.g., occupational health and safety, and stakeholder satisfaction). To address these broader considerations, this study expands the existing application of VSM in healthcare by adapting multidimensional metrics commonly used in sustainable VSM in the manufacturing sector. This approach aims to achieve comprehensive outcomes by enhancing the quality of patient-centred care, while minimising resource consumption (materials, energy, and water), ensuring effective healthcare waste management, promoting health and safety, and improving the satisfaction of patients and other stakeholders. This study establishes a theoretical foundation for future research on integrating lean practices and sustainability. Additionally, it offers actionable insights for healthcare organisations seeking to implement a comprehensive approach to VSM that improves efficiency, care quality, and sustainability. © 2025 ECMLG. All Rights Reserved.",Healthcare; Indicators; Lean management; Metrics; Sustainability; Value stream mapping,Environmental management; Human resource management; Industrial hygiene; Industrial relations; Lean production; Mapping; Occupational risks; Social aspects; Healthcare; Healthcare sectors; Healthcare waste management; Integrate sustainability; Lean management; Lean tools; Metric; Resources consumption; Sustainable values; Value stream mapping; Health care; Sustainable development,"Department of Management and Engineering, University of Padova, Vicenza, Italy",English,Conference paper,"Cited by: 0; Conference name: 21st European Conference on Management, Leadership and Governance, ECMLG 2025; Conference sponsors: ; Conference code: 217561; Conference date: 13 November 2025 through 14 November 2025",20489021,,scopus,10.34190/ecmlg.21.1.4271,expandedvaluestreammappinginhealthcarefromefficiencytosustainability_2025,excluir
C185,"From Lean Management to Hospital Supply Chain Performance: Thematic Dynamics and Lessons from CHU Hassan II, Fez, Morocco",2025,10.1109/icat2i69744.2025.11472741,"Proceedings - 2025 International Conference on Advanced Technologies and Interdisciplinary Innovation, ICAT2I 2025","Hospitals confront twin imperatives: sustain quality and contain costs. Fragmented physical, information, and administrative flows erode availability, extend lead times, and reduce logistics reliability. This article argues that Lean management mediates the link between these flows and perceived logistics performance. We conducted 18 semi-structured interviews at CHU Hassan II in Fez. We transcribed each interview in full and coded it systematically. We then condensed the outputs into a matrix and integrated them into five meta-themes. The study delivers three core contributions. First, an information pivot: coordination and clear communication cut uncertainty and align actors. Second, a human pivot: participation and engagement drivers shape the magnitude and durability of gains. Third, a mechanistic pathway: Lean translates heterogeneous flows into problem-solving routines and living standards that stabilize supply. Relative weights underscore Lean's central mediating role and specify how each flow contributes to performance. © 2025 IEEE.",hospital supply chain; Lean management; logistics performance; mediation mechanisms; thematic analysis,Chains; Logistics; Problem solving; Supply chain management; Supply chains; Sustainable development; Hospital supply chain; Leadtime; Lean management; Logistic performance; matrix; Mediation mechanism; Physical information; Semi structured interviews; Supply chain performance; Thematic analysis; Hospitals; Lean production,"Higher School of Technology, Sidi Mohamed Ben Abdellah University, Research Laboratory in Management, Marketing, International Logistics and Finance, Fez, Morocco",English,Conference paper,"Cited by: 0; Conference name: 2025 International Conference on Advanced Technologies and Interdisciplinary Innovation, ICAT2I 2025; Conference sponsors: ; Conference code: 222350; Conference date: 25 December 2025 through 26 December 2025",,,scopus,10.1109/icat2i69744.2025.11472741,fromleanmanagementtohospitalsupplychainperformancethematicdynamicsandlessonsfromchuhassaniifezmorocco_2025,excluir
C186,From Lean to Smart Lean Healthcare: A Cross Sectoral and Comparative Analysis,2025,10.1109/idaacs68557.2025.11322299,"Proceedings of the IEEE International Conference on Intelligent Data Acquisition and Advanced Computing Systems: Technology and Applications, IDAACS","This article explores the integration of IoT and AI as smart technologies in Lean Healthcare, and how Lean Management has inspired Lean Healthcare to achieve and carry out its core objective: reducing waste and maximizing outcomes. With the advent of Industry 4.0, IoT and AI offer a big opportunity to enhance lean practices through developed decision-making and real-time data collection, enabling better patient monitoring, improved risk prediction, and increased quality of medical services. Thus, the main goal of Lean Healthcare becomes creating a system that is efficient, effective, and patient-centered and ensuring that resources are used optimally to provide the best possible care. While technological tools are crucial, successful implementation also depends on human collaboration, proper training, and maintaining a patient-centered focus. © 2025 IEEE.",IA; IoT; Lean Healthcare; Lean Management; Medical processes,Big data; Health care; Information systems; Lean production; Patient monitoring; Comparative analyzes; IA; IoT; Lean healthcare; Lean management; Lean practices; Medical process; Reducing waste; Sectoral analysis; Smart technology; Decision making,"Faculty of Sciences and Technologies, Sidi Mohamed Ben Abdellah, B.P. 2202 - Route d'Imouzzer, Fez, Morocco; National School of Mines of Rabat, Bp 753, Agdal, Rabat-Salé-Zemmour-Zaer, Rabat, Morocco",English,Conference paper | Proceedings Paper,"Cited by: 0; Conference name: 13th IEEE International Conference on Intelligent Data Acquisition and Advanced Computing Systems: Technology and Applications, IDAACS 2025; Conference sponsors: Charity Fund IDAACS; et al.; IEEE; IEEE Region 8; Research University; Silesian University of Technology; Conference code: 219061; Conference date: 4 September 2025 through 6 September 2025",27704262,Conference Proceedings Citation Index - Science (CPCI-S),scopus+wos,10.1109/idaacs68557.2025.11322299,fromleantosmartleanhealthcareacrosssectoralandcomparativeanalysis_2025,excluir
C187,"Governance, Lean Healthcare, and Digital Transformation in Outpatient Management: An Integrative Review for Data-Driven Health System",2025,10.15439/2025f2505,Annals of Computer Science and Information Systems,"This study presents an integrative literature review exploring the intersection between governance, Lean Healthcare, and digital transformation in the management of specialized outpatient clinics. The increasing complexity of healthcare demands strategies that improve operational efficiency, ensure regulatory compliance, and support sustainable service delivery. The review analyzes data-driven models, digital technologies, and lean methodologies applied to optimize resource allocation, reduce waiting times, and improve patient experience. Findings highlight the relevance of predictive analytics, artificial intelligence, and interoperable health information systems as enablers of smarter healthcare services. Key challenges include system fragmentation, resistance to organizational change, and technological infrastructure gaps. The study proposes a framework that combines organizational governance, continuous improvement, and digital integration to enhance performance in outpatient settings. It contributes to the advancement of interdisciplinary research and supports ev-idence-based decision-making in health service management. © PTI 2024.",Data-Driven Health Systems; Digital Transformation; Governance; Lean Healthcare; Outpatient Management,Decision making; Health care; Information management; Information systems; Information use; Interoperability; Lean production; Medical computing; Metadata; Predictive analytics; Data driven; Data-driven health system; Digital transformation; Governance; Health systems; Lean healthcare; Literature reviews; Operational efficiencies; Outpatient clinic; Outpatient management; Regulatory compliance,"Ceuma University and FUMEC University, PDMA, Brazil; FUMEC University PDMA, Brazil; Cooperative State University Saxony, Brazil",English,Conference paper,"Cited by: 0; Conference name: 20th Conference on Computer Science and Intelligence Systems, FedCSIS 2025; Conference sponsors: ; Conference code: 352729; Conference date: 14 September 2025 through 17 September 2025; All Open Access; Gold Open Access; Green Open Access",23005963,,scopus,10.15439/2025f2505,governanceleanhealthcareanddigitaltransformationinoutpatientmanagementanintegrativereviewfordatadrivenhealthsystem_2025,excluir
C188,Healthcare Lean Readiness Assessment in a Territorial Outpatient System,2025,10.34190/ecmlg.21.1.4235,"Proceedings of the European Conference on Management, Leadership and Governance","Healthcare organisations are increasingly compelled to adopt innovative managerial approaches to meet the high standards of care quality demanded by demographic changes, particularly the ageing population and the rising diffusion of chronic diseases. In this context, strengthening territorial care is essential to guarantee universal healthcare coverage. Providing care in outpatient and primary care settings enables more effective responses to population health needs, supports the prevention of chronic disease progression, and helps to reduce costly hospital admissions and clinical risks. However, implementing managerial innovation in territorial settings presents significant challenges due to the involvement of multiple care providers who must effectively coordinate and communicate to ensure continuity and integration of care. In this context, Healthcare Lean Management (HLM) emerges as a managerial approach that can reduce wastes while enhancing process performance and care quality. Nonetheless, many HLM initiatives fail due to insufficient organisational readiness to implement such a complex approach. To overcome this challenge, HLM readiness assessments are essential for identifying all those managerial, organisational, and cultural factors that must be strengthened before launching an HLM initiative. To this purpose, the current study aims to conduct an HLM readiness assessment within an outpatient territorial healthcare system in Italy, to identify critical areas for improvement and support the organisation in preparing for future HLM implementation. The evaluation was conducted using a previously developed model. A questionnaire was administered to employees and managers within the targeted setting, enabling the mapping of the readiness level and the identification of the weakest factors to be improved. Preliminary findings indicate key weaknesses in the diffusion of a culture that promote change acceptance and continuous improvement. In fact, despite strong support from top and middle management, there is a limited presence of HLM experts and leaders responsible for guiding and facilitating HLM and quality improvement projects. Results will be shared with participants to identify root causes and discuss possible countermeasures. This study represents an initial example of HLM readiness assessment in a non-hospital setting, providing valuable insights for initiating sustainable and effective improvement processes in this underexplored context. It advances knowledge in this field by proposing a model applicable in a territorial healthcare setting, without requiring prior expertise in HLM, and by integrating data analysis results with health staff insights. The contribution, both academic and managerial, also supports social sustainability and promotes patient well-being. © 2025 ECMLG. All Rights Reserved.",Healthcare lean management; Outpatient; Readiness; Sustainability; Territorial healthcare,Diseases; Health care; Health risks; Hospitals; Human resource management; Population statistics; Chronic disease; Healthcare lean management; Healthcare organizations; High standards; Lean management; Outpatient; Readiness; Readiness assessment; Standard of cares; Territorial healthcare; Sustainable development,"Department of Management and Engineering, University of Padova, Vicenza, Italy; Azienda Ulss 2 Marca Trevigiana, Treviso, Italy",English,Conference paper,"Cited by: 0; Conference name: 21st European Conference on Management, Leadership and Governance, ECMLG 2025; Conference sponsors: ; Conference code: 217561; Conference date: 13 November 2025 through 14 November 2025",20489021,,scopus,10.34190/ecmlg.21.1.4235,healthcareleanreadinessassessmentinaterritorialoutpatientsystem_2025,excluir
C189,Impact of Radiology Services in Hospital Profitability,2025,10.1007/978-981-96-5604-2_29,Lecture Notes in Networks and Systems,"Radiology, being a vital part of every advanced health care, goes to play an extremely key role in diagnosing as well as treating any patient. The review essay discusses here about the influence of radiology services upon the revenue generated by any hospital under its roof. It majorly deals with both ways in which the revenues are generated straight, and then there is indirect generation, which promotes the efficiency in the execution of processes and enhances outcome with respect to patients. Similarly, the income generated from revenues contributed by the radiology department is also quite hefty and constitutes approximately 20–30% of the total number of revenues earned in almost every emergency ward. In addition, the application of lean management practices and advanced technologies, including digital imaging and AI, has resulted in significant cost-effectiveness and service delivery improvements, leading to reduced patient length of stay and enhanced diagnostic accuracy. There is one of the relatively lucrative healthcare industries-one for which meaningful diagnostic information indeed enhances both patient results and productivity of procedures—that is radiology. Results of these studies discussed in the current paper generate big themes around income generated by imaging procedure, an impact of the technological advances effect the quality of service the services of good radiologists brings to an overall success for a given hospital. It emphasizes how in-house operations reduce the expenditure of upgrading the quality of care, the volumes of patients and market forces concerning the sustainability of such finance. In addition, it analyzes the limitation of insurance reimbursement variability and geographic disparity to impact profitability. Therefore, it concludes that better radiology services attract greater patients and assist in smooth running of the operations toward improving the financial viability of the hospitals. © The Author(s), under exclusive license to Springer Nature Singapore Pte Ltd. 2025.",Hospital performance; Profitability; Quality imaging; Radiology; Revenue,Cost effectiveness; Diagnosis; Health care; Hospitals; Image processing; Lean production; Sales; Advanced technology; Diagnostic accuracy; Digital imaging; Hospital performance; Lean management; Length of stay; Management practises; Quality imaging; Radiology departments; Service delivery; Profitability; Radiology,"Faculty of Commerce and Management, Datta Meghe Institute of Higher Education and Research, Wardha, India",English,Conference paper,"Cited by: 0; Conference name: 9th International Conference on Information and Communication Technology for Competitive Strategies, ICTCS 2024; Conference sponsors: ; Conference code: 336449; Conference date: 19 December 2024 through 21 December 2024",23673370,,scopus,10.1007/978-981-96-5604-2_29,impactofradiologyservicesinhospitalprofitability_2025,excluir
C190,Implementation of Lean Healthcare Approaches in a Hospital's Surgical Block,2025,10.34190/ecmlg.21.1.4053,"Proceedings of the European Conference on Management, Leadership and Governance","Over the last decades, there has been a growing demand for healthcare services, driven by increased life expectancy, population ageing and the prevalence of chronic diseases. In this context, there is an increasing need to make hospital systems more robust and efficient. To achieve this, hospital managers have increasingly adopted Lean methodologies, focusing primarily on identifying and eliminating waste, making operations and processes more efficient. The application of these methodologies in the healthcare sector is known as Lean Healthcare. Research in this area has gained growing interest since the late 20th century, resulting in a clear enhancement of hospital system sustainability and service quality. However, a significant gap has been identified regarding the observation of processes and the implementation of concrete tools in hospital units, which could directly contribute to the improvement of the healthcare network. This research aimed to diagnose and analyse the current state of the processes and activities associated with the operating room of a hospital unit. It also explored the application of Lean Healthcare tools. The project followed the Action Research methodology, applying a practical and collaborative approach to analyse, identify, suggest and implement process improvements, promoting interdisciplinarity between engineering and hospital operations management. This proximity to a real-world context strengthens scientific knowledge in the field of process standardisation, highlighting Action Research as a valid scientific methodology capable of adding value both to institutions and, simultaneously, to the scientific community. Through the data analysis and in loco observation of more than 60 surgeries, it was possible to model preoperative, intraoperative and postoperative processes. This enabled the diagnosis of improvement opportunities. The results revealed that surgeries were frequently delayed due to issues related to medical resource availability. Additionally, operating rooms exhibited low occupancy rates. In response, the research team proposed revised scheduling strategies, implemented 5S audits, process standardization, control checklists and Single-Minute Exchange of Die (SMED) practices. These interventions led to a reduction in non-conformities and errors, including a decrease of over 40 percentage points in non-conformities related to the availability of medical devices. Although there is still a long way to go in Lean Healthcare research, this investigation contributes to a more efficient and robust healthcare network, implementing Lean Healthcare in the surgery department to deliver safer and higher-quality services with the patient at the centre of continuous improvement efforts. © 2025 ECMLG. All Rights Reserved.",Continuous improvement; Hospital operations management; Lean healthcare; Operating room; Process mapping,Diseases; Lean production; Medical computing; Operations research; Standardization; Surgery; Action research; Continuous improvements; Growing demand; Healthcare services; Hospital operation management; Hospital operations; Lean healthcare; Operation management; Process mapping; Process standardizations; Operating rooms,"Algoritmi Research Centre/LASI, Department of Production and Systems, School of Engineering, University of Minho, Guimarães, Portugal; Department of Economics, Management, Industrial Engineering and Tourism, University of Aveiro, Portugal",English,Conference paper,"Cited by: 0; Conference name: 21st European Conference on Management, Leadership and Governance, ECMLG 2025; Conference sponsors: ; Conference code: 217561; Conference date: 13 November 2025 through 14 November 2025",20489021,,scopus,10.34190/ecmlg.21.1.4053,implementationofleanhealthcareapproachesinahospitalssurgicalblock_2025,excluir
C191,Implementing AI for Dynamic Demand Forecasting in Lean Healthcare Logistics: A Case Study Approach,2025,10.1007/978-3-031-82923-9_26,Lecture Notes in Bioengineering,"This research aims at establishing the contribution of AI in improving dynamic demand forecasting in lean healthcare logistics. Using a case study approach, the paper explores the effectiveness of adopting the AI-based advanced models such as LSTM in forecasting the demand for health care and distinguishing it from other models such as ARIMA. The results of the work indicate that compared to other methods, application of AI-based models radically improves the accuracy of the forecasts with predetermined variables, while LSTM shows a nuance RMSE value which is 31% less than ARIMA. Also, the study links intended AI-based forecasting to lean concepts, as well as the elimination of current waste and timely replenishment of stock based on real-time demand changes. However, this study also reveals barriers concerning data quality, the issues of recalibration, and the issue of integrating such systems with the traditional models of working healthcare logistics systems. H2 is that this paper elucidates the practical solutions for using AI in the healthcare logistics and provides the healthcare organizations with the strategic directions of AI application in demand forecasting for sustainable improvement in the organization’s performance. Thus, the results have outlined the applicability of AI in enhancing the logistics of the healthcare sector, but at the same time have highlighted the continuous process of change and development to meet the changes in the healthcare sector. © The Author(s), under exclusive license to Springer Nature Switzerland AG 2025.",Artificial intelligence (AI); Dynamic demand forecasting; Healthcare resource allocation; Inventory management supply chain management; Lean healthcare logistics; Series analysis,,"Department of Plant Breeding and Genetics, Islamia University of Bahawalpur, Bahawalpur, Pakistan; CMH Institute of Medical Sciences Bahawalpur, Bahawalpur, Pakistan; Department of Chemical, Materials and Industrial Production Engineering, University of Naples Federico II, Naples, Italy",English,Conference paper,"Cited by: 1; Conference name: 1st International Conference Logistics and Lean Engineering for Advanced Healthcare Methodologies Modelling, LLEAHMM 2024; Conference sponsors: ; Conference code: 333609; Conference date: 10 October 2024 through 12 October 2024",2195271X,,scopus,10.1007/978-3-031-82923-9_26,implementingaifordynamicdemandforecastinginleanhealthcarelogisticsacasestudyapproach_2025,excluir
C192,Lean Healthcare Management Through Kaizen in a Public Brazilian Hospital,2025,10.1007/978-3-031-80785-5_17,Springer Proceedings in Mathematics and Statistics,"Healthcare networks are struggling to deliver proper care with low cost and high efficiency. Success experiences with Lean healthcare (LH) arouse the interest of a public Brazilian hospital that decided to start a LH implementation project. The strategy went through Kaizen. 91 opportunities were identified, and 66 Kaizen implemented in a three-month project. The opportunities are related to Organization of the environment, Process standardization, People, Structure, Communication, Bed turnover, Healthcare network, Layout, Information systems and Others with low frequency. Results show there is alignment between opportunities and improvements made. The implemented Kaizen were mostly type I, individual-oriented. Although, main issues are more complex themes that need to be addressed in with a dedication to investigation in a time frame greater that three month. © The Author(s), under exclusive license to Springer Nature Switzerland AG 2025.","Best Practices; Hospital management,; Kaizen; Lean healthcare; Operations management; Public services","Best practices; Health-care managements; Hospital management; Hospital management,; Kaizen; Lean healthcare; Low-costs; Low-high; Operation management; Public services; Lean production","Federal Fluminense University, Rio de Janeiro, Niteroi, Brazil; Federal Fluminense University, Rio de Janeiro, Rio das Ostras, Brazil; Nursing Department, Salgado Filho Municipal Hospital, Rio de Janeiro, Brazil",English,Conference paper | Proceedings Paper,"Cited by: 1; Conference name: 30th International Joint Conference on Industrial Engineering and Operations Management, IJCIEOM 2024; Conference sponsors: ; Conference code: 328769; Conference date: 26 June 2024 through 28 June 2024",21941009,Conference Proceedings Citation Index - Science (CPCI-S); Conference Proceedings Citation Index - Social Science &amp; Humanities (CPCI-SSH),scopus+wos,10.1007/978-3-031-80785-5_17,leanhealthcaremanagementthroughkaizeninapublicbrazilianhospital_2025,excluir
C193,Lean Healthcare for Home Healthcare Operations: Multi-Case Study in Colombia,2025,10.1007/978-3-031-77723-3_32,Lecture Notes in Production Engineering,"This research aims to apply Lean Healthcare principles to home healthcare. The objective is to identify the wastes (muda in Japanese) in the delivery of home healthcare services. A multi-case study with a series of focus groups with healthcare staff and administrative personnel from three different healthcare institutions in Bogotá and Cali was performed. Nurses, physicians, therapists and administrative staff participated in the study. The eight types of muda are characterized in the operation: waiting times, transportation, inventory, movements, overprocessing activities, defects, non-value-added activities, and underutilization of staff. The most frequent muda are associated to the planning of routes for the operation and scheduling the visits, the body postures required to examine patients in a home setting, and the difficulties to transport medium and large equipment. Participant struggled the most with identifying muda associated with underutilization of staff. These results allow to provide insights for better home healthcare services. © The Author(s), under exclusive license to Springer Nature Switzerland AG 2025.",Health systems; Home healthcare; Human factors engineering; Lean healthcare; Lean operations,Human computer interaction; Human engineering; Lean production; Transportation personnel; Case-studies; Colombia; Focus groups; Health care operations; Health systems; Healthcare services; Home healthcare; Human factor engineerings; Lean healthcare; Lean operations; Home health care,"School of Engineering, Universidad de La Sabana, Chia, Colombia; Faculty of Management, Universidad de Los Andes, Bogota, Colombia; Faculty of Engineering, Pontificia Universidad Javeriana, Bogota, Colombia; Fundación Santa Fe de Bogotá, Bogotá, Colombia",English,Book chapter | Proceedings Paper,Cited by: 0,21940525,Conference Proceedings Citation Index - Science (CPCI-S),scopus+wos,10.1007/978-3-031-77723-3_32,leanhealthcareforhomehealthcareoperationsmulticasestudyincolombia_2025,excluir
C194,Lean Leadership: A Study on Lean Leadership Attributes,2025,10.34190/ecmlg.21.1.3585,"Proceedings of the European Conference on Management, Leadership and Governance","This study aims to investigate the key attributes of lean leadership that can mitigate barriers faced during the implementation of continuous improvement in the healthcare sector, with a focus on hospitals and clinics. The research is guided by the following question: How can lean leadership attributes contribute to overcoming barriers in lean implementation for problem-solving? To address this question, a systematic literature review was conducted following the PRISMA methodology, covering 54 articles published between 2016 and 2023 in the Science Direct, Emerald, and Scopus databases. The analysis identified 16 lean leadership attributes: persuasion, communication, analytical thinking, adaptability, strategic and goal-oriented vision, continuous improvement culture, training (coaching role), organizational climate oversight, resource management, accountability and commitment, leadership model grounded in self-confidence and self-awareness, resilience, customer focus, leadership model grounded in empathy, ethics/credibility, and delegation and empowerment. Concurrently, 10 major barriers were mapped: resistance to change, organizational culture, limited resources, ineffective communication, process complexity, impatience with delayed results, lack of employee/stakeholder involvement, lack of knowledge and training, lack of planning/conflicting priorities, and lack of top management support/commitment. The attributes were organized into three categories: communication skills, behavioral skills, and decision-making skills. The barriers were grouped into behavioral, structural, and capability-related types. The relationship between these groups resulted in three key premises: (i) Behavioral barriers can be mitigated by communication and decision-making skills; (ii) Structural barriers can be addressed by behavioral and decision-making skills; and (iii) Capability-related barriers can be overcome by communication and behavioral skills. The findings emphasize that developing specific lean leadership competencies is essential to creating an organizational environment conducive to cultural change, team engagement, and the sustainability of lean practices. Ultimately, the study contributes to bridging the gap between lean theory and practice by offering actionable insights for training healthcare managers capable of leading effective transformations. © 2025 ECMLG. All Rights Reserved.",Leadership attributes; Lean barriers; lean healthcare; Lean leadership,Behavioral research; Decision making; Health care; Human resource management; Lean production; Problem solving; Sustainable development; Continuous improvements; Decisions makings; Healthcare sectors; Key attributes; Leadership attribute; Leadership model; Lean barrier; Lean healthcare; Lean implementation; Lean leadership; Personnel training,"Universidade Federal de Ouro Preto, João Monlevade, Brazil",English,Conference paper,"Cited by: 0; Conference name: 21st European Conference on Management, Leadership and Governance, ECMLG 2025; Conference sponsors: ; Conference code: 217561; Conference date: 13 November 2025 through 14 November 2025; All Open Access; Gold Open Access",20489021,,scopus,10.34190/ecmlg.21.1.3585,leanleadershipastudyonleanleadershipattributes_2025,excluir
C195,Lean Methodology to Manage Hereditary Angioedema Patients,2025,10.1007/978-3-031-82923-9_2,Lecture Notes in Bioengineering,"Hereditary angioedema (HAE) is a rare genetic disorder characterized by the occurrence of recurrent and transient subcutaneous and/or submucosal edema, which is responsible for peripheral localized swelling, abdominal discomfort and/or laryngeal edema that may lead to asphyxiation and death. The clinical onset generally occurs during childhood or adolescence. The aim of this work was to analyze the entire process for managing the HAE patient and identify corrective actions to be implemented. This study proposed implementing lean thinking to enhance the care experience of HAE patients at an Italian hospital, using the A3 reporting method. This approach aims to streamline processes, improve efficiency, and ensure high-quality patient care by providing a clear, organized overview of problems and solutions. The final result was the drafting of a Diagnostic-Therapeutic-Assistance Pathway (DTAP) for HAE in Apulia Region in Italy. This DTAP solved many problems that affected the management of this rare disease, such as the lack of knowledge of the disease on the part of emergency medical personnel, the slow communication between specialized hospital centers and local health services, and the difficulty of interaction between doctor and patient. This study brings to light a problem concerning the management of the rare disease HAE especially in the hospital setting. it is desirable that other Italian hospitals also formulate a DTAP to help the care experience of these patients. The main limitation of this study is the absence of data since the hospital has not yet been accredited as a regional referral center. There are no other studies in the literature that have used the lean methodology with the A3 report to implement new DTAPs. This work may be useful for future studies that could also cover other pathologies. © The Author(s), under exclusive license to Springer Nature Switzerland AG 2025.",Hereditary angioedema; Lean thinking; Report A3,,"Department of Management, Finance and Technology, LUM “Giuseppe Degennaro” University, Casamassima, Italy; Division of Nephrology, Regional General Hospital “F. Miulli”, Acquaviva Delle Fonti, Bari, Italy; Section of Allergy and Clinical Immunology, Regional General Hospital “F. Miulli”, Acquaviva Delle Fonti, Bari, Italy; Service of Oncology and Rare Diseases, Regional General Hospital “F. Miulli”, Acquaviva Delle Fonti, Bari, Italy; Division of Nephrology and Rare Diseases, Polyclinic, University “Aldo Moro”, Bari, Italy; Service of Pharmacy, Regional General Hospital “F. Miulli”, Acquaviva Delle Fonti, Bari, Italy; Regional General Hospital “F. Miulli”, Acquaviva Delle Fonti, Bari, Italy; University Hospital “G. Rodolico”, Catania, Italy; Department of Public Health, University of Naples “Federico II”, Naples, Italy",English,Conference paper,"Cited by: 0; Conference name: 1st International Conference Logistics and Lean Engineering for Advanced Healthcare Methodologies Modelling, LLEAHMM 2024; Conference sponsors: ; Conference code: 333609; Conference date: 10 October 2024 through 12 October 2024",2195271X,,scopus,10.1007/978-3-031-82923-9_2,leanmethodologytomanagehereditaryangioedemapatients_2025,excluir
C196,Leveraging AI for Lean Management Implementation in the Medicines Supply Chain: A Critical Thinking Approach Using the Plymouth Model,2025,10.1109/logistiqua66323.2025.11122833,"International Conference on Logistics, LOGISTIQUA","Integrating Artificial Intelligence (AI) into lean management practices transforms the public hospital's medicines supply chain by enhancing efficiency, reducing waste, and ensuring more effective resource allocation. This study critically examines AI's role in implementing lean management within healthcare logistics using the Plymouth model for structured analysis. A meta-synthesis research design, guided by the PRISMA framework and CRAAP test, synthesizes insights from literature to evaluate AI-driven digital solutions in the end-To-end medicines supply chain. The findings highlight AI's potential to optimize lean management by improving responsiveness, reducing inefficiencies, and enabling data-driven decision-making. However, technological infrastructure limitations, data security concerns, and financial constraints in public hospitals remain significant barriers. This study comprehensively evaluates AI-enhanced lean practices, offering strategic recommendations for policymakers and healthcare administrators to achieve a more resilient and adaptive medicines supply chain. © 2025 IEEE.",Artificial Intelligence; Lean management; medicines supply chain; public hospitals; Smart supply chain,Decision making; Health care; Hospitals; Information management; Lean production; Medicine; Supply chain management; Supply chains; Sustainable development; Critical thinking; Lean management; Management practises; Medicine supply chain; Plymouth; Public hospital; Reducing waste; Resources allocation; Smart supply chain; Structured analysis; Artificial intelligence,"LERSEM National School of Commerce and Management (ENCG), Chouaïb Doukkali University (UCD), Science Study and Research Laboratory in Economics and Management, El Jadida, Morocco",English,Conference paper | Proceedings Paper,"Cited by: 2; Conference name: 16th IEEE International Colloquium of Logistics and Supply Chain Management, LOGISTIQUA 2025; Conference sponsors: ; Conference code: 211624; Conference date: 28 May 2025 through 30 May 2025",21667349,Conference Proceedings Citation Index - Science (CPCI-S); Conference Proceedings Citation Index - Social Science &amp; Humanities (CPCI-SSH),scopus+wos,10.1109/logistiqua66323.2025.11122833,leveragingaiforleanmanagementimplementationinthemedicinessupplychainacriticalthinkingapproachusingtheplymouthmodel_2025,excluir
C197,"Lexical Insight into Lean Management in Hospitals: Evidence from CHU Hassan II, Fez, Morocco",2025,10.1109/atscm67505.2025.11473683,"2025 IEEE International Conference on Advanced Technologies in Supply Chain Management, ATSCM 2025","Advancing hospital effectiveness and quality of care makes supply chain rationalization a core strategic focus. This study examines perceptions of Lean Management at the (Hassan II University Hospital Center in Fez, Morocco), through a lexical analysis using (NVivo 15). Based on eighteen semi-structured interviews with diverse professionals, the analysis applied word clouds, targeted queries (Lean, supply, continuous improvement, motivation), and coding hierarchies. The results identify four central concepts: Lean, procurement, continuous improvement, and motivation. They show that Lean adoption remains partial due to centralization, weak formalization, and organizational resistance. The study confirms the value of software-assisted approaches for objectifying professional representations. It also underlines that motivation, including recognition, autonomy, and training, is central to sustaining continuous improvement. Despite limitations related to sample size, single-center scope, and interpretive subjectivity, the research opens perspectives for broader mixed-method studies and provides operational recommendations. © 2025 IEEE",hospital supply chain; lean management; lexical analysis; process optimization,Computer programming; Hospitals; Lean production; Personnel training; Supply chain management; Supply chains; Continuous improvements; Hospital supply chain; Lean management; Lean supply; Lexical analysis; Process optimisation; Quality of care; Rationalisation; Semi structured interviews; Word clouds; Optimization,"Research Laboratory in Management, Marketing, International Logistics, and Finance, Higher School of Technology, Sidi Mohamed Ben Abdellah University, Fez, Morocco",English,Conference paper,"Cited by: 0; Conference name: 2025 IEEE International Conference on Advanced Technologies in Supply Chain Management, ATSCM 2025; Conference sponsors: ; Conference code: 222250; Conference date: 21 November 2025 through 22 November 2025",,,scopus,10.1109/atscm67505.2025.11473683,lexicalinsightintoleanmanagementinhospitalsevidencefromchuhassaniifezmorocco_2025,excluir
C198,Patient Safety and the Lean Healthcare Methodology: An Integrative Review,2025,10.1109/induscon66435.2025.11241308,"2025 16th IEEE International Conference on Industry Applications, INDUSCON 2025 - Proceedings","Objective: To identify and analyse studies on the application of Lean Healthcare to patient safety in healthcare services in Brazil. Methods: An integrative literature review was conducted using the PubMed, Web of Science, BVS, Embase, and SciELO databases. Results: Of the 178 articles identified, 11 met the inclusion criteria. The most frequently reported patient safety approaches involved initiatives focused on effective communication among healthcare professionals and the implementation of safe surgical practices. Other initiatives targeted medication safety - including prescription, administration, and usage - reduction of healthcare-associated infections, and correct patient identification. Conclusion: The most commonly used Lean techniques/tools were Value Stream Mapping (VSM), 5S, and Kaizen. The international patient safety goals most frequently addressed, as established by the World Health Organization, were Goals 2, 3, 4, 5, and 1, respectively. © 2025 IEEE.",Brazil; Health services; Lean healthcare; Patient safety; Total Quality Management,Lean production; Brazil; Effective communication; Health care professionals; Health services; Healthcare services; Lean healthcare; Literature reviews; Medication safety; Patient safety; Web of Science; Health care,"Federal Fluminense University, Production Eng. Department, RJ, Niterói, Brazil; Federal University of the State of Rio de Janeiro, Centre for Biomedical Sciences, RJ, Niterói, Brazil",English,Conference paper,"Cited by: 0; Conference name: 16th IEEE International Conference on Industry Applications, INDUSCON 2025; Conference sponsors: ; Conference code: 217410; Conference date: 14 October 2025 through 17 October 2025",,,scopus,10.1109/induscon66435.2025.11241308,patientsafetyandtheleanhealthcaremethodologyanintegrativereview_2025,excluir
C199,Process Analysis and Optimization of Emergency Surgical Services Using Value Stream Mapping,2025,10.1109/icahs66950.2025.11552990,"2025 IEEE International Conference on Advanced Healthcare Systems: Architecture, Engineering and Management, ICAHS 2025","This study presents the application of Value Stream Mapping (VSM) to analyze and improve patient flow within the surgical emergency service of a Tunisian Hospital. By systematically mapping the patient pathway and identifying operational inefficiencies, we propose targeted interventions aimed at reducing delays and enhancing resource utilization. The findings highlight key bottlenecks and offer actionable strategies to optimize surgical service performance. © 2025 IEEE.",Emergency Surgery; Lean Healthcare; Patient Flow; Process Optimization; Value Stream Mapping,Emergency services; Optimization; Process control; Transplantation (surgical); Emergency surgeries; Lean healthcare; Patient flow; Process analysis; Process optimisation; Resources utilizations; Service performance; Value stream mapping; Mapping,"University of Tunis El Manar, National Engineering School of Tunis, LR-OASIS, Department of Industrial Engineering, Tunis, Tunisia; University of Carthage, National Engineering School of Bizerte, Department of Industrial Engineering, Tunis, Tunisia; Université Toulouse, Imt Mines Albi, Centre Génie Industriel, Albi, France; University of Carthage, National Engineering School of Carthage, Department of Industrial Engineering, Tunis, Tunisia",English,Conference paper,"Cited by: 0; Conference name: 2025 IEEE International Conference on Advanced Healthcare Systems, ICAHS 2025; Conference sponsors: ; Conference code: 226701; Conference date: 5 December 2025 through 6 December 2025",,,scopus,10.1109/icahs66950.2025.11552990,processanalysisandoptimizationofemergencysurgicalservicesusingvaluestreammapping_2025,excluir
C200,Rural Critical Access Hospital Scheduling Prediction Challenges in Isolated Frontier Areas with Large Seasonality Factors: A Case Study,2025,10.21872/2025iise_6558,"IISE Annual Conference and Expo 2025, Conference Proceedings","Critical Access Hospitals (CAHs) provide essential emergency, inpatient, outpatient, and transport services to rural U.S. communities, often serving as few as six persons per square mile. However, many CAHs face persistent challenges with staffing, schedule prediction, and seasonal fluctuations linked to tourism and agriculture. Montana's ~50 CAHs, covering 147,040 square miles, also contend with extreme weather, difficult terrain, and limited communication infrastructure. A two-week Kaizen rapid improvement project was conducted at a Montana CAH to identify root causes of scheduling inefficiencies, recruitment and retention challenges, financial impacts of staffing models, and the effects of extreme seasonal shifts. The study evaluated scheduling practices, historical staffing data, financial trends, and staff survey responses. Findings demonstrate how CAHs can integrate patient volume, finance, and staff input data into predictive scheduling models to improve operational efficiency and workforce sustainability. © 2025 IISE Annual Conference and Expo 2025, Conference Proceedings. All rights reserved.",Critical Access Hospital; Demand Prediction; Lean Healthcare; Seasonality; Staff Forecasting,Agriculture; Extreme weather; Finance; Hospitals; Personnel selection; Rural areas; Case-studies; Critical access hospital; Demand prediction; Inpatient services; Lean healthcare; Montana; Schedule predictions; Seasonality; Staff forecasting; Transport services; Forecasting,"Norm Asbjornson College of Engineering, Mechanical & Industrial Engineering, Montana State University, Bozeman, MT, United States; BioReD Hub, Montana State University, Bozeman, MT, United States; Deer Lodge Medical Center, Deer Lodge, MT, United States",English,Conference paper,Cited by: 0; Conference name: IISE Annual Conference and Expo 2025; Conference sponsors: UCF; Conference code: 213373; Conference date: 31 May 2025 through 3 June 2025,,,scopus,10.21872/2025iise_6558,ruralcriticalaccesshospitalschedulingpredictionchallengesinisolatedfrontierareaswithlargeseasonalityfactorsacasestudy_2025,excluir
C201,Smart Lean Regulation: An Integrated Approach to Efficiently Managing Medical Equipment for Healthcare Companies,2025,10.1007/978-3-031-94921-0_54,IFMBE Proceedings,"Inappropriate storage of medical equipment, without considering regulatory aspects, compromises the integrity and functionality of these devices. The absence of agile and efficient traceability of medical equipment results in delays in maintenance and calibration procedures, consequently reducing the availability of equipment for surgical procedures. Additionally, hospitals face challenges in establishing long-term management methods. The objective of this paper is to propose an integrated approach for managing medical equipment in a healthcare environment, termed Smart Lean Regulation by the authors. Three foundational pillars were identified to underpin this proposal. First, the structuring of the physical storage area is guided by active regulations established by the National Health Surveillance Agency (ANVISA) and quality standards. Second, the Lean Healthcare philosophy was chosen to establish long-term equipment management practices. Third, radio frequency identification technology (RFID) was selected to monitor and track the movement of medical equipment within the healthcare organization. © Brazilian Society of Biomedical Eng 2025.",Hospital Management; Kaizen; Lean Healthcare; Regulatory compliance; RFID,Embedded systems; Environmental regulations; Hospitals; Lean production; Surgery; Surgical equipment; Calibration procedure; Healthcare companies; Hospital management; Integrated approach; Kaizen; Lean healthcare; Maintenance procedures; Radio frequency identification technology; Regulatory aspects; Surgical procedures; Regulatory compliance,"Competence Development Center, Institute SENAI of Technology, Rua Capitão Salomão, 1813 - Campos Elísios, SP, Ribeirão Preto, 14085-430, Brazil; Technical Department, IS Metrologia Ltda., SP, Ribeirão Preto, Brazil; Technology College (Fatec), SP, Ribeirão Preto, Brazil; Federal University of São Carlos (UFSCar), SP, São Carlos, Brazil",English,Conference paper,"Cited by: 0; Conference name: 29th Brazilian Congress of Biomedical Engineering, CBEB 2024; Conference sponsors: SBEB: Sociedade Brasileira de Engenharia Biomédica#IFMBE: International Federation of Medical and Biological Engineering#USP: Universidade de São Paulo#FFLCH-USP: Faculdade de Filosofia, Letras e Ciências Humanas da Universidade de São Paulo; Conference code: 337179; Conference date: 2 September 2024 through 6 September 2024",16800737,,scopus,10.1007/978-3-031-94921-0_54,smartleanregulationanintegratedapproachtoefficientlymanagingmedicalequipmentforhealthcarecompanies_2025,excluir
C202,The Relationship Between Logistics and Pharmacy Operating Activities to Optimize Healthcare Management in Hospital,2025,10.1007/978-3-031-82923-9_36,Lecture Notes in Bioengineering,"In recent decades, advancements in science and technology, along with rising healthcare costs and the integration of industrial logistics models, have transformed healthcare delivery. The logistics function has increasingly become a strategic element in hospital management. Hospital administrators have introduced various lean management tools and methods, which have enabled a continuous improvement approach. By reviewing the various logistics models in hospitals across different countries and their impact on pharmacy operating activities, this study discuss how these institutions have enhanced their logistics and pharmacy operations to improve patient outcomes and health care management. This study discusses the potential role of various logistics strategies such as Just-in-Time (JIT), Just-in-Case (JIC), Direct Dispensing (DD), and centralized supply chain management (SCM), in hospitals for better inventory management, errors reduction, quality improvement, and other pharmacy activities. The study also highlights the key role of logistics in ensuring that medical supplies and medications are available when needed, especially during crises like the COVID-19 pandemic. Lastly, this study indicates the need for healthcare systems to adopt more flexible and innovative logistics approaches that involve computerized logistics systems, Supply Chain Risk Management (SCRMs) and pharmacists directly in logistics processes to create a strong healthcare system capable of responding effectively and timely to both routine operations and emergencies. © The Author(s), under exclusive license to Springer Nature Switzerland AG 2025.",Automated systems; Centralization; Inventory management; Logistics models; Patient care; Pharmacy operations; Supply chain management,,"Department of Pharmacy, Faculty of Biological Sciences, University of Malakand, KP, Chakdara, Pakistan; Department of Chemical, Materials and Industrial Production Engineering, University of Naples Federico II, Naples, Italy",English,Conference paper,"Cited by: 0; Conference name: 1st International Conference Logistics and Lean Engineering for Advanced Healthcare Methodologies Modelling, LLEAHMM 2024; Conference sponsors: ; Conference code: 333609; Conference date: 10 October 2024 through 12 October 2024",2195271X,,scopus,10.1007/978-3-031-82923-9_36,therelationshipbetweenlogisticsandpharmacyoperatingactivitiestooptimizehealthcaremanagementinhospital_2025,excluir
C203,"Towards Synergistic Process Improvement in Healthcare: Comparative Insights from Lean, TQM, and Discrete Event Simulation",2025,10.1109/icahs66950.2025.11553126,"2025 IEEE International Conference on Advanced Healthcare Systems: Architecture, Engineering and Management, ICAHS 2025","Healthcare systems, particularly public and university hospitals, are increasingly challenged by rising patient demand, limited resources, and persistent inefficiencies that affect service quality and patient satisfaction. Within these complex environments, process improvement has become a strategic priority. Among the most widely adopted frameworks are Total Quality Management (TQM), Lean Management (LM), and Discrete Event Simulation (DES), each contributing distinct yet complementary perspectives on operational excellence. This paper presents a comparative literature review that analyzes how these three approaches have been applied to enhance healthcare performance, with a particular emphasis on clinical and diagnostic laboratories. The review reveals that TQM fosters a culture of continuous quality improvement and stakeholder engagement, Lean emphasizes waste reduction and process flow optimization, and DES provides a quantitative, risk-free environment for evaluating alternative process designs. Through critical comparison, this study highlights the strengths, limitations, and potential synergies among the three approaches. Finally, it proposes a conceptual pathway for integrating Lean, TQM, and Simulation to support data-driven decision making and deliver sustainable improvements in efficiency, reliability, and patient-centered care. © 2025 IEEE.",Continuous Improvement; Discrete Event Simulation (DES); Healthcare Systems; Lean Management; Process Optimization; Total Quality Management (TQM),Health care; Process control; Process design; Sustainable development; Continuous improvements; Discrete event simulation; Discrete-event simulations; Healthcare systems; Lean management; Patient's satisfaction; Process Improvement; Process optimisation; Service Quality; Total quality management; Decision making; Lean production,"University of Tunis El Manar, LR-OASIS, National Engineering School of Tunis, Tunis, Tunisia; University of Tunis, National Higher Engineering School of Tunis, Tunis, Tunisia; University of Carthage, National Engineering School of Carthage, Tunis, Tunisia",English,Conference paper,"Cited by: 0; Conference name: 2025 IEEE International Conference on Advanced Healthcare Systems, ICAHS 2025; Conference sponsors: ; Conference code: 226701; Conference date: 5 December 2025 through 6 December 2025",,,scopus,10.1109/icahs66950.2025.11553126,towardssynergisticprocessimprovementinhealthcarecomparativeinsightsfromleantqmanddiscreteeventsimulation_2025,excluir
C204,Utilizing Modern Management Methods in Pathology Services: A Case Study,2025,10.1007/978-3-031-81685-7_15,Lecture Notes in Networks and Systems,"Healthcare facilities, while unique due to their human-centric operations, can be likened to open, self-regulating systems where contemporary management methods, such as Lean Management, can significantly enhance patient value and improve operational efficiency, as well as service quality. This case study explores the application of management methodologies, typically used in market economies, within a pathology service. The study draws on research conducted between 2019 to 2023, which focused on reducing the managerial risks, as well as on a successful project implementation of Lean Management tools in the pathology processes. Modern management applications, including principles from General Systems Theory, decision optimization procedures, and Lean Management tools were applied with the aim to reduce risks and sample processing time. Key modern management methods applied in the study include: 5S method, Lean Manufacturing principles, the “5 Whys” technique, and DMAIC (Define, Measure, Analyze, Improve, Control) methodology from Lean Six Sigma. The application of these methods in the pathology service of SCJ Mureș (Mureș County Clinical Hospital) resulted in improved workflow efficiency, better resource utilization, and increased staff and patient satisfaction. The application of the listed methods in CSJ Mureș lead to enhanced workplace organization and reduced waste, as well as a 34% reduction in the average sectioning time for paraffin blocks within the first six months of project implementation, which was maintained thereafter. The study underscores the necessity of adopting intelligent work methods and modern management techniques to achieve higher performance and sustainability in healthcare services. © The Author(s), under exclusive license to Springer Nature Switzerland AG 2025.",5S Method; General Systems Theory; Healthcare Management; Lean Manufacturing; Lean Six Sigma; Pathology Service,Agile manufacturing systems; Artificial intelligence; Decision theory; Lean production; Project management; Quality of service; Risk management; Six sigma; Systems analysis; Waste management; 5s method; Case-studies; General systems theory; Health-care managements; Lean management; Lean Six Sigma; Management method; Modern management; Pathology service; Project implementation; Efficiency,"Doctoral School of I.O.S.U.D., Technical University of Cluj-Napoca, Memorandumului 28, Cluj-Napoca, 400114, Romania; George Emil Palade University of Medicine, Pharmacy, Science, and Technology of Targu Mures, Gh. Marinescu Street 38, Targu Mureș, 540142, Romania; School of I.O.S.U.D., George Emil Palade University of Medicine, Pharmacy, Science, and Technology of Targu Mures, Gh. Marinescu Street 38, Targu Mureș, 540142, Romania",English,Conference paper,"Cited by: 0; Conference name: 18th International Conference on Interdisciplinarity in Engineering, INTER-ENG 2024; Conference sponsors: ; Conference code: 327979; Conference date: 3 October 2024 through 4 October 2024",23673370,,scopus,10.1007/978-3-031-81685-7_15,utilizingmodernmanagementmethodsinpathologyservicesacasestudy_2025,excluir
C205,Value Stream Mapping for Smart Pharmaceutical Management in a Thai Hospital,2025,10.1016/j.procs.2025.01.111,Procedia Computer Science,"The evolution of healthcare systems worldwide necessitates continual improvement in hospital management practices, particularly pharmaceutical management. This paper explores transforming traditional pharmaceutical management systems in large and medium-sized hospitals in Thailand into smart systems using Value Stream Mapping (VSM) as a guiding tool. Traditional systems often face challenges such as inefficiencies and medication errors. VSM, rooted in lean management principles, offers a structured approach to visualize and optimize processes. Additionally, smart technologies like automated inventory systems and electronic health records enhance pharmaceutical management effectiveness. Through a comprehensive research methodology encompassing case studies, data collection, and VSM analysis, this study identifies inefficiencies and proposes evidence-based strategies for improvement. Results from a case study highlight the benefits of VSM implementation in enhancing pharmacy operations, emphasizing improved patient care and operational efficiency. The implementation of a smart medication dispensing system shows promising results in reducing workload and accommodating increased patient arrivals. Continued evaluation and refinement are crucial for maximizing benefits and addressing emerging challenges effectively. © 2025 Elsevier B.V.. All rights reserved.",lean management; smart medication dispensing; smart pharmaceutical; smart technologies; Value Stream Mapping,Case-studies; Healthcare systems; Hospital management; Lean management; Management practises; Management systems; Smart medication dispensing; Smart pharmaceutical; Smart technology; Value stream mapping; Electronic health record,"Graduate School of Management and Innovation, King Mongkut's University of Technology, Thonburi, Thailand; Electronic and Telecommunication Engineering, King Mongkut's University of Technology, Thonburi, Thailand; Hospital Automation Research Center, Institute of Field Robotics, King Mongkut's University of Technology, Thonburi, Thailand; National Electronics and Computer Technology Center, National Science and Technology Development Agency, Thailand; Faculty of Agro-Industry, Chiang Mai University, Thailand; Department of Agricultural Economy and Developement, Faculty of Agriculture, Chiang Mai University, Thailand",English,Conference paper,"Cited by: 2; Conference name: 6th International Conference on Industry 4.0 and Smart Manufacturing, ISM 2024; Conference sponsors: ; Conference code: 207096; Conference date: 13 November 2024 through 15 November 2024; All Open Access; Gold Open Access",18770509,,scopus,10.1016/j.procs.2025.01.111,valuestreammappingforsmartpharmaceuticalmanagementinathaihospital_2025,excluir
C206,“Implementation of Lean Healthcare Tools to Increase User Satisfaction in the Emergency Department of a Level II-E Hospital in Cajamarca 2024”; [“Implementación de Herramientas Lean Healthcare para aumentar la satisfacción del usuario del área de Emergencias de un Hospital II-E en Cajamarca 2024”],2025,10.18687/laccei2025.1.1.1497,"Proceedings of the LACCEI international Multi-conference for Engineering, Education and Technology","The main objective of this research was to implement Lean Healthcare tools in the Emergency department of a Level II-E Hospital in Cajamarca to increase user satisfaction in 2024. This research is applied in nature and follows a quantitative approach. The study design is quasi-experimental, applied to a sample of 324 patients who received health care in the hospital’s emergency department. Tools such as questionnaires and process flow diagrams were used to identify wastes in inventory management and unnecessary movements. Just in Time (JIT) helped identify and eliminate non-value-adding activities. The 5S method was implemented to reduce clutter and maintain a clean and efficient workspace, while Kanban and Just in Time methods were applied to organize the medication inventory. As a result, patient satisfaction increased from 10% to 60%, and waiting times and unnecessary movements were significantly reduced. Finally, an economic indicator analysis was conducted, showing a positive Net Present Value (NPV) and an Internal Rate of Return (IRR) of 13% per month. © 2025 Latin American and Caribbean Consortium of Engineering Institutions. All rights reserved.",Emergency Department; Lean HealthCare; Users Satisfaction,,"Universidad Privada del Norte, Cajamarca, Peru",Spanish,Conference paper,"Cited by: 0; Conference name: 23rd LACCEI International Multi-Conference for Engineering, Education and Technology, LACCEI 2025; Conference sponsors: ; Conference code: 213183; Conference date: 16 July 2025 through 18 July 2025",24146390,,scopus,10.18687/laccei2025.1.1.1497,implementationofleanhealthcaretoolstoincreaseusersatisfactionintheemergencydepartmentofaleveliiehospitalincajamarca2024implementaciondeherramientasleanhealthcareparaaumentarlasatisfacciondelusuariodelareadeemergenciasdeunhospitaliieencajamarca2024_2025,excluir
C207,Integrating Lean Healthcare Practices with Discrete-Event Simulation to Reduce Patient Waiting Time in Outpatient Clinics at a Sri Lankan Public Hospital,2026,10.1109/scse70081.2026.11525387,"Proceedings - IEEE International Research Conference on Smart Computing and Systems Engineering, SCSE 2026","Excessive patient waiting time is a persistent operational challenge in outpatient departments (OPDs) of public hospitals, particularly in high-volume and resourceconstrained healthcare systems. This study aims to analyze and reduce patient waiting time in the OPD of a major Sri Lankan public hospital by integrating Lean management practices with discrete-event simulation (DES). Lean tools were applied to map the current-state process and identify non-value-added activities, capacity imbalance, and workflow bottlenecks. Primary data were collected through time studies conducted over three consecutive working days, capturing patient arrivals, service times, and waiting durations at registration, consultation, and pharmacy stages. A DES model was developed using Arena Simulation Software to evaluate multiple Leanbased improvement scenarios, including partial appointmentbased demand leveling, layout optimization, consultation capacity balancing during peak hours, and digital queue management at the pharmacy. Simulation experiments were conducted for both peak-demand and reduced-capacity periods. Results reveal that doctor consultation is the primary bottleneck driving excessive waiting, with pharmacy services acting as a secondary bottleneck. While isolated Lean interventions yielded limited improvements, integrated Lean scenarios achieved substantial reductions in waiting time and lead time, together with notable increases in patient throughput, without infrastructure expansion. The findings demonstrate the effectiveness of simulation-supported Lean integration as a practical decision-support approach for improving OPD efficiency in public healthcare settings. © 2026 IEEE.",DES; Lean Methodology; OPD; Patient Waiting Time,Computational methods; Computer software; Decision support systems; Hospitals; Information systems; Information use; Lean production; Medicine; Patient treatment; Discrete-event simulations; Healthcare systems; High volumes; Lean management; Lean methodology; Management practises; Operational challenges; Outpatient clinic; Outpatient departments; Patient waiting time; Discrete event simulation,"University of Kelaniya, Department of Industrial Management, Kelaniya, Sri Lanka; Deakin University, Department of Information Systems and Business Analytics, Burwood, Australia",English,Conference paper,"Cited by: 0; Conference name: 2026 IEEE International Research Conference on Smart Computing and Systems Engineering, SCSE 2026; Conference sponsors: ; Conference code: 223931; Conference date: 26 March 2026; All Open Access; Green Open Access",,,scopus,10.1109/scse70081.2026.11525387,integratingleanhealthcarepracticeswithdiscreteeventsimulationtoreducepatientwaitingtimeinoutpatientclinicsatasrilankanpublichospital_2026,excluir
C208,Pre-admission in Emergency Departments: Algorithms for Triage Classification,2026,10.1007/978-3-032-19656-9_49,Lecture Notes in Production Engineering,"Emergency departments (EDs) worldwide face persistent crowding and long waiting times, which are strongly associated with adverse clinical outcomes and reduced patient satisfaction. This study proposes a pre-admission decision-support system that classifies patients at the moment of registration using readily available demographic, symptomatic, and vital-sign data, before formal triage is performed. The approach leverages an interpretable decision-tree classifier designed to emphasise sensitivity, thereby reducing the risk of under-triage, while still maintaining competitive precision and balanced F1 scores. The model was trained on a dataset of 1,267 adult visits labelled under the Korean Triage and Acuity Scale (KTAS), and achieved high recall with acceptable overall accuracy. A conservative “lives saved” proxy demonstrates the model’s capacity to meaningfully prioritise urgent cases within the test cohort. Feature-importance analysis revealed that injury status, arrival mode, heart rate, respiratory rate, systolic blood pressure, age, body temperature, and pain score were the most influential predictors, aligning well with clinical expectations. The findings suggest that interpretable machine-learning tools can complement traditional triage processes, supporting operational efficiency while safeguarding clinical reasoning. This framework is also consistent with continuous-improvement initiatives in emergency care, including Lean healthcare and tele-emergency strategies. © The Author(s), under exclusive license to Springer Nature Switzerland AG 2026.",decision trees; ED crowding; emergency services; pre-admission; Triage,Classification (of information); Decision support systems; Emergency rooms; Forestry; Learning systems; Machine learning; Medical computing; Population statistics; Admission decision; Clinical outcome; Decision supports; Emergency department crowding; Emergency departments; Patient's satisfaction; Pre-admission; Support systems; Triage; Waiting time; Decision trees; Emergency services,"Universidad Autónoma de Bucaramanga, Bucaramanga, Colombia",English,Book chapter | Proceedings Paper,Cited by: 0,21940525,Conference Proceedings Citation Index - Science (CPCI-S),scopus+wos,10.1007/978-3-032-19656-9_49,preadmissioninemergencydepartmentsalgorithmsfortriageclassification_2026,excluir
C209,Reduction of Episiotomies in the Birth Pathway: Application of the M.A.S.T.E.R. Methodology at the Evangelical Betania Hospital,2026,10.1145/3789938.3789964,ICCBB 2025 - 2025 9th International Conference on Computational Biology and Bioinformatics,"This study aimed to assess and improve the appropriateness of episiotomy at Ospedale Evangelico Betania by combining national benchmarking (PNE data) with hospital-level microdata and applying the M.A.S.T.E.R. framework. A retrospective analysis of PNE data (2019-2023) and hospital records (2022-2024) was conducted, with improvement actions guided by Lean tools, Control Plans, and multivariate regression. Episiotomy rates decreased from 4.53% in 2019 to 2.28% in 2023, consistently remaining below national averages. Predictors of episiotomy were primiparity, operative vaginal delivery, and macrosomia. Hospital microdata (n=118) showed a mean maternal age of 30.1 years, mean length of stay of 3.9 days, and a complication rate of 6.8% (all DRG 372). Implementation of a structured perineal care bundle lowered episiotomy rates by 2 percentage points without increasing the incidence of obstetric anal sphincter injuries (OASI, ∼1.5%). These findings demonstrate that integrating benchmarking, microdata, and structured improvement methods can enable a safe and sustainable reduction in episiotomy rates, offering a replicable model for quality improvement in obstetric care. © 2025 Copyright held by the owner/author(s).",DMAIC; Episiotomy; Lean Healthcare; M.A.S.T.E.R. methodology; Maternal Safety; Obstetric Care; PDCA; Quality Improvement,Benchmarking; Electronic health record; Lean production; Obstetrics; Regression analysis; % reductions; DMAIC; Episiotomy; Lean healthcare; MASTER methodology; Maternal safety; Microdata; Obstetric care; PDCA; Quality improvement; Hospitals,"Ospedale Evangelico Betania, Naples, Italy; Department of Public Health, University of Naples Federico II, Naples, Italy",English,Conference paper,"Cited by: 1; Conference name: 2025 9th International Conference on Computational Biology and Bioinformatics, ICCBB 2025; Conference sponsors: ; Conference code: 223353; Conference date: 21 December 2025 through 23 December 2025; All Open Access; Gold Open Access",,,scopus,10.1145/3789938.3789964,reductionofepisiotomiesinthebirthpathwayapplicationofthemastermethodologyattheevangelicalbetaniahospital_2026,excluir
C210,Towards Intelligent Compliance: Progressing in Matters of Regulatory Compliance Through Intelligent Systems,2026,10.1007/978-3-032-23124-6_39,Springer Proceedings in Business and Economics,"The continues advancements in regulatory environments and requirements for environmental responsibility present challenges to effectively and flexibly managing information systems. Therefore, this paper outlines the integration of Predictive Maintenance (PdM), Green IT policies, and compliance with the expert systems within the Lean House framework. The framework focuses on modularity and scalability as a response to the changing nature of regulation and variation of requirements for industries including but not limited to healthcare, aeronautics, and global IT. This research highlights various lacks including the implementation of predictive maintenance methodologies on IT services, the integrated compliance management tools, and the consistent approaches to sustainability, operation efficiency, and dynamic compliance. Building on the Lean Management approach, this research analyses Green IT, predictive maintenance, and compliance systems as mutually supporting strategic enablers of organisational effectiveness and sustainability. From the analysis of relevant literature, exploring the case studies from the relevant industries, this work offers the foundation for intelligent, self-aware systems that can achieve high availability and security and are compliant with regulatory requirements at a much lower carbon cost. This research generates insights into overcoming existing gaps between theory and practice that can enhance the design of scalable solutions to support organisations in addressing emerging compliance challenges and improving organisational performance and sustainability objectives. © The Author(s), under exclusive license to Springer Nature Switzerland AG 2026.",green IT; intelligence compliance; intelligent systems; lean; predictive maintenance,,"CNRS ICUBE, Université de Strasbourg, Strasbourg, 67000, France; ACESI, Entzheim, 67960, France; CNRS BETA, Université de Strasbourg, Strasbourg, 67000, France",English,Conference paper,"Cited by: 0; Conference name: 34th International Association for the Management of Technology Conference, IAMOT 2025; Conference sponsors: ; Conference code: 358559; Conference date: 16 June 2025 through 19 June 2025",21987246,,scopus,10.1007/978-3-032-23124-6_39,towardsintelligentcomplianceprogressinginmattersofregulatorycompliancethroughintelligentsystems_2026,excluir
