autor,publicacoes,coautores,forca,intermediacao
"ANTONY, J",27,74,121,0.00316
"TORTORELLA, GL",17,46,66,0.00175
"TEELING, SP",16,46,67,6e-05
"MCDERMOTT, O",13,36,59,0.00128
"LEWIS, NL",3,32,39,2e-05
"ZHANG, X",4,30,30,0.00024
"BHAT, S",12,28,54,0.00029
"HUMM, JL",2,28,28,2e-05
"ROTTER, T",8,27,45,8e-05
"SHORTELL, SM",11,26,57,6e-05
"HUNG, DY",7,26,35,7e-05
"JAYARAMAN, R",6,24,34,0.0005
"WARD, ME",6,24,33,1e-05
"PATEL, D",2,24,24,1e-05
"MCNAMARA, M",10,23,39,1e-05
"REPONEN, E",9,23,50,4e-05
"SONY, M",5,23,29,0.00011
"ZHANG, L",5,23,27,0.00024
"JASSIL, FC",2,23,30,0.0
"CARNEMOLLA, A",2,23,30,0.0
"KINGETT, H",2,23,30,0.0
"DOYLE, J",2,23,30,0.0
"KIRK, A",2,23,30,0.0
"CHAIYASOOT, K",2,23,30,0.0
"BATTERHAM, RL",2,23,30,0.0
"GUERCINI, J",6,22,32,1e-05
"KUMAR, S",5,22,26,0.00061
"KOLLIPARA, U",2,22,22,1e-05
"LIMA, RM",10,21,37,0.00049
"IMPROTA, G",6,21,35,1e-05
"AGUILAR, M",2,21,21,1e-05
"TRIASSI, M",5,20,30,1e-05
"WANG, Y",4,20,22,0.00019
"CHANG, TP",2,20,21,0.0
"MOORE-CLINGENPEEL, M",2,20,21,0.0
"JOO, KW",2,20,20,3e-05
"PAPAGEORGIOU, M",1,19,19,0.0
"MACKAY, E",1,19,19,0.0
"MONTAGUT, G",1,19,19,0.0
"MARVASTI, P",1,19,19,0.0
"BROWN, A",1,19,19,0.0
"ZAKERI, R",1,19,19,0.0
"MOK, J",1,19,19,0.0
"WINGROVE, J",1,19,19,0.0
"COLLET, TH",1,19,19,0.0
"DEVALIA, K",1,19,19,0.0
"PARMAR, C",1,19,19,0.0
"MAKARONIDIS, J",1,19,19,0.0
"SELLOUM, M",1,19,19,0.0
"SILVA-BUTTKUS, P",1,19,19,0.0
"RIET, F",1,19,19,0.0
"DRAGANO, NRV",1,19,19,0.0
"GARRETT, L",1,19,19,0.0
"JACOBS, H",1,19,19,0.0
"HOLTER, SM",1,19,19,0.0
"TORQUET, N",1,19,19,0.0
"RATHKOLB, B",1,19,19,0.0
"LINDNER, L",1,19,19,0.0
"GAILUS-DURNER, V",1,19,19,0.0
"PAVLOVIC, G",1,19,19,0.0
"CHAN, L",1,19,19,0.0
"BECKERS, J",1,19,19,0.0
"DEMOULIERE, BP",1,19,19,0.0
"FUCHS, H",1,19,19,0.0
"EY, E",1,19,19,0.0
"SORG, T",1,19,19,0.0
"ANGELIS, MH",1,19,19,0.0
"HERAULT, Y",1,19,19,0.0
"SINGIER, A",1,19,19,0.0
"FADEL, M",1,19,19,0.0
"GILBERT, F",1,19,19,0.0
"CAROLY, S",1,19,19,0.0
"KVASKOFF, M",1,19,19,0.0
"GUENEL, P",1,19,19,0.0
"PITRON, V",1,19,19,0.0
"AIRAGNES, G",1,19,19,0.0
"LEMOGNE, C",1,19,19,0.0
"JEAN, K",1,19,19,0.0
"HALIMA, MB",1,19,19,0.0
"DAB, W",1,19,19,0.0
"GOLDBERG, M",1,19,19,0.0
"LECLERC, A",1,19,19,0.0
"SWIERCZYNSKI, G",1,19,19,0.0
"POIROUX, L",1,19,19,0.0
"ROQUELAURE, Y",1,19,19,0.0
"TEMIME, L",1,19,19,0.0
"DESCATHA, A",1,19,19,0.0
"ZINS, M",1,19,19,0.0
"TAREQ, S",1,19,19,0.0
"EWIDA, HA",1,19,19,0.0
"ZOUBI, S",1,19,19,0.0
"BENSON, H",1,19,19,0.0
"DIAB, H",1,19,19,0.0
"PATRA, S",1,19,19,0.0
"REDROVAN, D",1,19,19,0.0
"NOZOHOURI, E",1,19,19,0.0
"BASSANI, TB",1,19,19,0.0
"CARDOSO, AC",1,19,19,0.0
"FRIMPONG-MANSON, K",1,19,19,0.0
"KHODAVIRDILOU, L",1,19,19,0.0
"AZIZ, MT",1,19,19,0.0
"WILKERSON, JL",1,19,19,0.0
"THOMPSON, J",1,19,19,0.0
"BICKEL, U",1,19,19,0.0
"CHELIKANI, PK",1,19,19,0.0
"FARAG, A",1,19,19,0.0
"AHMED, MS",1,19,19,0.0
"GONCALVES, GT",1,19,19,0.0
"DE MELLO SANTOS, LM",1,19,19,0.0
"FIGUEIREDO, PHS",1,19,19,0.0
"DE PAULA CHAVES FREITAS, J",1,19,19,0.0
"SANTOS, JM",1,19,19,0.0
"SANTOS, JNV",1,19,19,0.0
"DA SILVA JUNIOR, FA",1,19,19,0.0
"ALVES, FL",1,19,19,0.0
"BRANDAO, VG",1,19,19,0.0
"MACIEL, EHB",1,19,19,0.0
"PRATES, MCSM",1,19,19,0.0
"SANUDO, B",1,19,19,0.0
"TAIAR, R",1,19,19,0.0
"BERNARDO-FILHO, M",1,19,19,0.0
"DE SA-CAPUTO, DC",1,19,19,0.0
"LIMA, VP",1,19,19,0.0
"SILVEIRA, H",1,19,19,0.0
"GRIPP, VL",1,19,19,0.0
"MENDONCA, VA",1,19,19,0.0
"LACERDA, ACR",1,19,19,0.0
"KRAMER, GM",1,19,19,0.0
"YAQUB, M",1,19,19,0.0
"VARGAS, HA",1,19,19,0.0
"SCHUIT, RC",1,19,19,0.0
"WINDHORST, AD",1,19,19,0.0
"VAN DEN EERTWEGH, AJM",1,19,19,0.0
"VAN DER VELDT, AAM",1,19,19,0.0
"BERGMAN, AM",1,19,19,0.0
"BURNAZI, EM",1,19,19,0.0
"LEWIS, JS",1,19,19,0.0
"CHUA, S",1,19,19,0.0
"STATON, KD",1,19,19,0.0
"BEATTIE, BJ",1,19,19,0.0
"DAVIS, ID",1,19,19,0.0
"WEICKHARDT, AJ",1,19,19,0.0
"SCOTT, AM",1,19,19,0.0
"MORRIS, MJ",1,19,19,0.0
"HOEKSTRA, OS",1,19,19,0.0
"LAMMERTSMA, AA",1,19,19,0.0
"BURKE, LK",1,19,19,0.0
"DOSLIKOVA, B",1,19,19,0.0
"D'AGOSTINO, G",1,19,19,0.0
"GREENWALD-YARNELL, M",1,19,19,0.0
"GEORGESCU, T",1,19,19,0.0
"CHIANESE, R",1,19,19,0.0
"MARTINEZ DE MORENTIN, PB",1,19,19,0.0
"OGUNNOWO-BADA, E",1,19,19,0.0
"CANSELL, C",1,19,19,0.0
"VALENCIA-TORRES, L",1,19,19,0.0
"GARFIELD, AS",1,19,19,0.0
"APERGIS-SCHOUTE, J",1,19,19,0.0
"LAM, DD",1,19,19,0.0
"SPEAKMAN, JR",1,19,19,0.0
"RUBINSTEIN, M",1,19,19,0.0
"LOW, MJ",1,19,19,0.0
"ROCHFORD, JJ",1,19,19,0.0
"MYERS, MG",1,19,19,0.0
"EVANS, ML",1,19,19,0.0
"HEISLER, LK",1,19,19,0.0
"RUNDALL, TG",9,18,47,1e-05
"LI, J",4,18,18,0.00011
"GONG, JX",2,18,18,0.0001
"RUBIERA, M",1,18,18,0.0
"GARCIA-TORNEL, A",1,18,18,0.0
"MUCHADA, M",1,18,18,0.0
"PURROY, F",1,18,18,0.0
"SARGENTO-FREITAS, J",1,18,18,0.0
"USTRELL, X",1,18,18,0.0
"BUSTAMANTE, A",1,18,18,0.0
"SILVA, Y",1,18,18,0.0
"ALSINA, MD",1,18,18,0.0
"GIRAO, C",1,18,18,0.0
"MAURI, G",1,18,18,0.0
"BERNARDO-CASTRO, S",1,18,18,0.0
"CANELA, N",1,18,18,0.0
"DOLZ, E",1,18,18,0.0
"ORTIZ, E",1,18,18,0.0
"COLANGELO, G",1,18,18,0.0
"CANO, D",1,18,18,0.0
"RIBO, M",1,18,18,0.0
"MOLINA, CA",1,18,18,0.0
"BONAMIGO, A",6,17,19,0.00074
"FOGLIATTO, FS",4,17,20,5e-05
"OLIVER, BJ",3,17,19,1e-05
"RAHIM, MA",2,17,17,1e-05
"TANG, Y",2,17,17,0.00017
"PATRONE, C",2,17,17,1e-05
"LEE, JH",2,17,17,3e-05
"BAEZ-LOPEZ, YA",5,16,29,1e-05
"TLAPA, D",5,16,29,1e-05
"LIU, X",2,16,16,0.00014
"NGUYEN, K",2,16,16,0.0
"KIM, H",2,16,16,2e-05
"HIRVONEN, J",2,16,16,1e-05
"LANDI, F",2,16,16,0.0
"ITO, K",2,16,16,1e-05
"GONCALVES, BSF",7,15,29,0.0
"GIJO, V",6,15,24,7e-05
"GARZA-REYES, JA",5,15,20,0.00015
"RAHMAN, MK",4,15,20,0.0003
"SULTAN, MT",2,15,15,1e-05
"KAZMI, M",2,15,15,1e-05
"JOHNSON, EA",2,15,15,0.0
"BRIAND, M",2,15,17,0.0
"ABELLAN VAN KAN, G",2,15,17,0.0
"ROLLAND, Y",2,15,17,0.0
"VERKHOVSKY, S",2,15,16,0.0
"HUANG, WL",2,15,15,1e-05
"CHEN, CY",2,15,15,1e-05
"VEIGL, C",1,15,15,0.0
"SCHNAUBELT, B",1,15,15,0.0
"HEIDER, S",1,15,15,0.0
"KORNFEHL, A",1,15,15,0.0
"ORLOB, S",1,15,15,0.0
"BALDI, E",1,15,15,0.0
"SNIJDERS, E",1,15,15,0.0
"ANDERSON, NE",1,15,15,0.0
"NABECKER, S",1,15,15,0.0
"SCHLIEBER, J",1,15,15,0.0
"AL-HILALI, Z",1,15,15,0.0
"TAGELDIN MUSTAFA, M",1,15,15,0.0
"KRAMMEL, M",1,15,15,0.0
"SEMERARO, F",1,15,15,0.0
"GREIF, R",1,15,15,0.0
"SCHNAUBELT, S",1,15,15,0.0
"YELIN, I",1,15,15,0.0
"AHARONY, N",1,15,15,0.0
"TAMAR, ES",1,15,15,0.0
"ARGOETTI, A",1,15,15,0.0
"MESSER, E",1,15,15,0.0
"BERENBAUM, D",1,15,15,0.0
"SHAFRAN, E",1,15,15,0.0
"KUZLI, A",1,15,15,0.0
"GANDALI, N",1,15,15,0.0
"SHKEDI, O",1,15,15,0.0
"HASHIMSHONY, T",1,15,15,0.0
"MANDEL-GUTFREUND, Y",1,15,15,0.0
"HALBERTHAL, M",1,15,15,0.0
"GEFFEN, Y",1,15,15,0.0
"SZWARCWORT-COHEN, M",1,15,15,0.0
"KISHONY, R",1,15,15,0.0
"FERNANDEZ, LP",1,15,15,0.0
"DELEYTO-SELDAS, N",1,15,15,0.0
"COLMENAREJO, G",1,15,15,0.0
"SANZ, A",1,15,15,0.0
"WAGNER, S",1,15,15,0.0
"PLATA-GOMEZ, AB",1,15,15,0.0
"GOMEZ-PATINO, M",1,15,15,0.0
"MOLINA, S",1,15,15,0.0
"ESPINOSA-SALINAS, I",1,15,15,0.0
"AGUILAR-AGUILAR, E",1,15,15,0.0
"ORTEGA, S",1,15,15,0.0
"GRANA-CASTRO, O",1,15,15,0.0
"LORIA-KOHEN, V",1,15,15,0.0
"FERNANDEZ-MARCOS, PJ",1,15,15,0.0
"EFEYAN, A",1,15,15,0.0
"RAMIREZ DE MOLINA, A",1,15,15,0.0
"ROSA, A",7,14,30,5e-05
"FOURNIER, PL",7,14,20,4e-05
"WANG, J",4,14,19,4e-05
"ROEMELING, OP",4,14,15,1e-05
"CESARELLI, M",4,14,21,0.0
"BRENNAN, AM",3,14,17,0.00018
"HARRISON, EL",3,14,21,0.0
"ALAYANDE, BT",2,14,14,0.0
"IGOE, A",2,14,15,0.0
"MEHTA, A",2,14,14,0.0
"NEOGI, S",2,14,14,0.0
"LOCKETT, G",1,14,14,0.0
"KECHAGIAS, KS",1,14,14,0.0
"THOMSON, A",1,14,14,0.0
"VELJI, Z",1,14,14,0.0
"COOPER, N",1,14,14,0.0
"BARCROFT, J",1,14,14,0.0
"JONES, BP",1,14,14,0.0
"STEPHENS, JR",1,14,14,0.0
"SONI, S",1,14,14,0.0
"DOOLEY, M",1,14,14,0.0
"EVANS, G",1,14,14,0.0
"POLLOCK, N",1,14,14,0.0
"MUNRO, K",1,14,14,0.0
"AL-MEMAR, M",1,14,14,0.0
"SASO, S",1,14,14,0.0
"PACHECO, ALG",1,14,14,0.0
"BOCANEGRA, WM",1,14,14,0.0
"FERREIRA, EKL",1,14,14,0.0
"DOS SANTOS, RT",1,14,14,0.0
"SIMOES, PM",1,14,14,0.0
"MALINGA, E",1,14,14,0.0
"GUILICHE, EC",1,14,14,0.0
"ISAIAS, AFJ",1,14,14,0.0
"NOBRE, IG",1,14,14,0.0
"SILVA, JHC",1,14,14,0.0
"SILVA, WTF",1,14,14,0.0
"PADRON-HERNANDEZ, E",1,14,14,0.0
"PIROLA, L",1,14,14,0.0
"HENRIQUE, RS",1,14,14,0.0
"LEANDRO, CG",1,14,14,0.0
"BENJAMIN, KL",1,14,14,0.0
"MEYER, BC",1,14,14,0.0
"PAN, J",1,14,14,0.0
"GUIDI, SR",1,14,14,0.0
"CARRENO, S",1,14,14,0.0
"HOFFLICH, H",1,14,14,0.0
"TIMMERMAN, NC",1,14,14,0.0
"ECKENRODT, C",1,14,14,0.0
"LOPEZ, L",1,14,14,0.0
"ALBRIGHT, MG",1,14,14,0.0
"SATRE, MP",1,14,14,0.0
"HALEY, EM",1,14,14,0.0
"AGNIHOTRI, P",1,14,14,0.0
"REINDERS, I",1,14,14,0.0
"WIJNHOVEN, HAH",1,14,14,0.0
"JYVAKORPI, SK",1,14,14,0.0
"SUOMINEN, MH",1,14,14,0.0
"NISKANEN, R",1,14,14,0.0
"BOSMANS, J",1,14,14,0.0
"BROUWER, IA",1,14,14,0.0
"FLUITMAN, KS",1,14,14,0.0
"KLEIN, MCA",1,14,14,0.0
"KUIJPER, LD",1,14,14,0.0
"VAN DER LUBBE, LM",1,14,14,0.0
"OLTHOF, MR",1,14,14,0.0
"PITKALA, KH",1,14,14,0.0
"VIJLBRIEF, R",1,14,14,0.0
"VISSER, M",1,14,14,0.0
"RATHI, R",7,13,23,6e-05
"TORKKI, P",5,13,29,0.0
"CALADO, RD",5,13,15,0.00016
"CUDNEY, EA",4,13,17,2e-05
"FURTERER, SL",3,13,15,1e-05
"LIU, Y",2,13,13,1e-05
"LI, B",2,13,13,0.00013
"ZOTTI, N",2,13,16,0.0
"BAGGIANI, A",2,13,16,0.0
"DI SERAFINO, F",2,13,16,0.0
"TAN, C",2,13,13,0.0
"HOLDEN, RJ",2,13,13,1e-05
"TAYLOR, R",2,13,13,1e-05
"KHIEM, HG",1,13,13,0.0
"HUONG, HL",1,13,13,0.0
"PHUC, NT",1,13,13,0.0
"KHOA, TD",1,13,13,0.0
"KHANH, HV",1,13,13,0.0
"QUY, LT",1,13,13,0.0
"NGAN, NTK",1,13,13,0.0
"TRIET, NM",1,13,13,0.0
"KHA, NH",1,13,13,0.0
"ANH, NT",1,13,13,0.0
"TYONG, VCP",1,13,13,0.0
"BANG, LK",1,13,13,0.0
"HIEU, DM",1,13,13,0.0
"BAO, TQ",1,13,13,0.0
"LONDRAL, A",1,13,13,0.0
"AZEVEDO, S",1,13,13,0.0
"DIAS, P",1,13,13,0.0
"RAMOS, C",1,13,13,0.0
"SANTOS, J",1,13,13,0.0
"MARTINS, F",1,13,13,0.0
"SILVA, R",1,13,13,0.0
"SEMEDO, H",1,13,13,0.0
"VITAL, C",1,13,13,0.0
"GUALDINO, A",1,13,13,0.0
"FALCAO, J",1,13,13,0.0
"LAPAO, LV",1,13,13,0.0
"COELHO, P",1,13,13,0.0
"FRAGATA, JG",1,13,13,0.0
"PARK, S",1,13,13,0.0
"KIM, SG",1,13,13,0.0
"LEE, S",1,13,13,0.0
"KIM, Y",1,13,13,0.0
"CHO, S",1,13,13,0.0
"KIM, K",1,13,13,0.0
"KIM, YC",1,13,13,0.0
"HAN, SS",1,13,13,0.0
"LEE, H",1,13,13,0.0
"LEE, JP",1,13,13,0.0
"LIM, CS",1,13,13,0.0
"KIM, YS",1,13,13,0.0
"KIM, DK",1,13,13,0.0
"VARNER, M",1,13,13,0.0
"LOGAN, J",1,13,13,0.0
"BJORKLUND, T",1,13,13,0.0
"WHITFIELD, J",1,13,13,0.0
"REED, P",1,13,13,0.0
"LESHER, L",1,13,13,0.0
"SIKALIS, A",1,13,13,0.0
"BROWN, B",1,13,13,0.0
"DROLLINGER, S",1,13,13,0.0
"LARRABEE, K",1,13,13,0.0
"THOMPSON, K",1,13,13,0.0
"CLARK, E",1,13,13,0.0
"WORKMAN, M",1,13,13,0.0
"BOI, L",1,13,13,0.0
"BLODGETT, JC",6,12,32,0.0
"SINGH, M",6,12,18,6e-05
"FLYNN, R",6,12,28,0.0
"AHMED, S",5,12,19,5e-05
"LOPES, ET",5,12,22,0.0
"GUPTA, S",5,12,13,0.00019
"CROSS, J",4,12,17,6e-05
"REIJULA, J",4,12,15,1e-05
"SARANTOPOULOS, A",3,12,13,0.0
"SINGH, H",3,12,12,0.0
"SA, JC",3,12,12,0.0009
"ADAMS, VJ",3,12,16,1e-05
"LAUX, CM",3,12,13,5e-05
"SOHAL, A",3,12,14,0.0
"DE VASS, T",3,12,14,0.0
"SCHRETLEN, S",3,12,15,1e-05
"HOEFSMIT, PC",3,12,15,1e-05
"HIND, K",3,12,12,1e-05
"RICCIARDI, C",3,12,17,0.0
"FIANDER, M",3,12,20,0.0
"SILVA, FF",2,12,12,0.0
"ALI, S",2,12,12,1e-05
"RICCIARDI, W",2,12,13,0.0
"DE BELVIS, AG",2,12,13,0.0
"VILARINO-GARCIA, T",1,12,12,0.0
"POLONIO-GONZALEZ, ML",1,12,12,0.0
"PEREZ-PEREZ, A",1,12,12,0.0
"RIBALTA, J",1,12,12,0.0
"ARRIETA, F",1,12,12,0.0
"OBAYA, JC",1,12,12,0.0
"GIMENO-ORNA, JA",1,12,12,0.0
"IGLESIAS, P",1,12,12,0.0
"NAVARRO, J",1,12,12,0.0
"DURAN, S",1,12,12,0.0
"PEDRO-BOTET, J",1,12,12,0.0
"SANCHEZ-MARGALET, V",1,12,12,0.0
"CHAPARRO-MIRETE, M",1,12,12,0.0
"CALLEJAS, CG",1,12,12,0.0
"GARCIA-MARTINEZ, MLA",1,12,12,0.0
"RAMOS-SANFIEL, J",1,12,12,0.0
"ZURITA-SAAVEDRA, MS",1,12,12,0.0
"DE CASTRO-MONEDERO, P",1,12,12,0.0
"GOMEZ-SANCHEZ, J",1,12,12,0.0
"ARGOTE-CAMACHO, A",1,12,12,0.0
"UBINA-MARTINEZ, A",1,12,12,0.0
"GONZALEZ-PUGA, C",1,12,12,0.0
"GARDE-LECUMBERRI, C",1,12,12,0.0
"NESTARES, T",1,12,12,0.0
"MIRON-POZO, B",1,12,12,0.0
"MANGUM, CD",1,12,12,0.0
"ANDAM-MEJIA, RL",1,12,12,0.0
"HALE, LR",1,12,12,0.0
"MANANQUIL, A",1,12,12,0.0
"FULCHER, KR",1,12,12,0.0
"HALL, JL",1,12,12,0.0
"MCDONALD, LAC",1,12,12,0.0
"SJOGREN, KN",1,12,12,0.0
"VILLALON, FD",1,12,12,0.0
"SHOMAKER, K",1,12,12,0.0
"GODAMBE, SA",1,12,12,0.0
"CHILOIRO, G",1,12,12,0.0
"ROMANO, A",1,12,12,0.0
"D’AVIERO, A",1,12,12,0.0
"DINAPOLI, L",1,12,12,0.0
"ZANE, E",1,12,12,0.0
"TENORE, A",1,12,12,0.0
"BOLDRINI, L",1,12,12,0.0
"BALDUCCI, M",1,12,12,0.0
"GAMBACORTA, MA",1,12,12,0.0
"MATTIUCCI, GC",1,12,12,0.0
"MALAVASI, P",1,12,12,0.0
"CESARIO, A",1,12,12,0.0
"VALENTINI, V",1,12,12,0.0
"EFFAH, K",1,12,12,0.0
"WORMENOR, CM",1,12,12,0.0
"TEKPOR, E",1,12,12,0.0
"AMUAH, JE",1,12,12,0.0
"ESSEL, NOM",1,12,12,0.0
"GEDZAH, I",1,12,12,0.0
"KEMAWOR, S",1,12,12,0.0
"HANSEN, BT",1,12,12,0.0
"ATUGUBA, BH",1,12,12,0.0
"KLUTSEY, GB",1,12,12,0.0
"SESENU, E",1,12,12,0.0
"DANYO, S",1,12,12,0.0
"AKAKPO, PK",1,12,12,0.0
"TANG, M",1,12,12,0.0
"YE, Z",1,12,12,0.0
"FENG, L",1,12,12,0.0
"YANG, Y",1,12,12,0.0
"HOU, Z",1,12,12,0.0
"BAI, F",1,12,12,0.0
"LIN, X",1,12,12,0.0
"YANG, H",1,12,12,0.0
"HU, S",1,12,12,0.0
"SONG, P",1,12,12,0.0
"HE, J",1,12,12,0.0
"MCNALLY, S",1,12,12,0.0
"PHIZACKLEA, EC",1,12,12,0.0
"GIBBS, VN",1,12,12,0.0
"BROWN, R",1,12,12,0.0
"WILCOCKS, KV",1,12,12,0.0
"O'BRIEN, S",1,12,12,0.0
"BURTON, HK",1,12,12,0.0
"EVANS, S",1,12,12,0.0
"VELLA-BALDACCHINO, M",1,12,12,0.0
"KHADER, A",1,12,12,0.0
"AFZAL, I",1,12,12,0.0
"MEHDIAN, R",1,12,12,0.0
"POWER, KM",1,12,12,0.0
"KHATTAB, M",1,12,12,0.0
"FRISELL, K",1,12,12,0.0
"MACKINNON, R",1,12,12,0.0
"RAYMOND, T",1,12,12,0.0
"LOFTON, L",1,12,12,0.0
"TOFIL, N",1,12,12,0.0
"FORRESTER, K",1,12,12,0.0
"GOHEL, C",1,12,12,0.0
"AITKEN, D",1,12,12,0.0
"SCALZO, A",1,12,12,0.0
"AUERBACH, M",1,12,12,0.0
"GORGEY, AS",1,12,12,0.0
"KHALIL, R",1,12,12,0.0
"ALRUBAYE, M",1,12,12,0.0
"GILL, R",1,12,12,0.0
"RIVERS, J",1,12,12,0.0
"GOETZ, LL",1,12,12,0.0
"CIFU, DX",1,12,12,0.0
"CASTILLO, T",1,12,12,0.0
"CARUSO, D",1,12,12,0.0
"LAVIS, TD",1,12,12,0.0
"LESNEFSKY, EJ",1,12,12,0.0
"CARDOZO, CC",1,12,12,0.0
"ADLER, RA",1,12,12,0.0
"LEE, P",1,12,12,0.0
"PHAM, L",1,12,12,0.0
"OAKLEY, S",1,12,12,0.0
"ENG, K",1,12,12,0.0
"FREYDIN, E",1,12,12,0.0
"ROSE, T",1,12,12,0.0
"RUIZ, A",1,12,12,0.0
"REEN, J",1,12,12,0.0
"SULEYMAN, D",1,12,12,0.0
"ALTMAN, V",1,12,12,0.0
"KEATING BENCH, K",1,12,12,0.0
"LEE, A",1,12,12,0.0
"MAHANIAH, K",1,12,12,0.0
"SWARNAKAR, V",6,11,18,0.0001
"CAPOLUPO, N",5,11,16,7e-05
"MARCZAK, M",4,11,19,1e-05
"KOZŁOWSKI, R",4,11,19,1e-05
"AIJ, KH",4,11,12,0.0
"LIMON-ROMERO, J",4,11,22,0.0
"TRAKULSUNTI, Y",4,11,16,1e-05
"PEIMBERT-GARCIA, R",4,11,13,1e-05
"JAEGER, C",4,11,11,0.0
"BAMBER, GJ",3,11,15,0.0
"BARTRAM, T",3,11,15,0.0
"STANTON, P",3,11,15,0.0
"DALY, A",3,11,13,1e-05
"HERMANOWSKI, T",3,11,12,1e-05
"BRZOZOWSKI, SA",3,11,12,1e-05
"ZAILANI, S",3,11,11,0.00058
"SUNDER M, V",3,11,11,0.00014
"KINSMAN, L",3,11,18,0.0
"NEAL, C",2,11,11,0.0
"HOTEIT, M",2,11,11,0.0
"WANG, Q",2,11,11,7e-05
"KOBO-GREENHUT, A",2,11,11,0.0
"SCALA, A",2,11,11,1e-05
"CARMINA, D",1,11,11,0.0
"BENFENATI, V",1,11,11,0.0
"SIMONELLI, C",1,11,11,0.0
"ROTOLO, A",1,11,11,0.0
"CARDANO, P",1,11,11,0.0
"GROVALE, N",1,11,11,0.0
"MANGONI DI S. STEFANO, L",1,11,11,0.0
"DE SANTO, T",1,11,11,0.0
"ZAMBONI, R",1,11,11,0.0
"PALERMO, V",1,11,11,0.0
"MUCCINI, M",1,11,11,0.0
"DE SETA, F",1,11,11,0.0
"RAFFIN, J",1,11,11,0.0
"GONZALEZ-BAUTISTA, E",1,11,11,0.0
"RITZ, P",1,11,11,0.0
"PILLARD, F",1,11,11,0.0
"FARUCH-BILFELD, M",1,11,11,0.0
"GUYONNET, S",1,11,11,0.0
"DRAY, C",1,11,11,0.0
"VELLAS, B",1,11,11,0.0
"DE SOUTO BARRETO, P",1,11,11,0.0
"NGUTETE MUKUNDWA, P",1,11,11,0.0
"OJOMO, O",1,11,11,0.0
"GARCIA FUENTES, MJ",1,11,11,0.0
"GEMECHU, NB",1,11,11,0.0
"OLATUNJI, BT",1,11,11,0.0
"KABBA, MS",1,11,11,0.0
"SHAIBU, IE",1,11,11,0.0
"HYMAN, GY",1,11,11,0.0
"ROY, N",1,11,11,0.0
"PARK, KB",1,11,11,0.0
"NTIHUMBYA, JB",1,11,11,0.0
"ERDMANN, MA",1,11,11,0.0
"PARAMEL, IS",1,11,11,0.0
"MARSHALL, C",1,11,11,0.0
"LEHEW, K",1,11,11,0.0
"KEE, A",1,11,11,0.0
"SOLIMAN, S",1,11,11,0.0
"VUONG, M",1,11,11,0.0
"SPILLANE, S",1,11,11,0.0
"BAER, J",1,11,11,0.0
"DO, S",1,11,11,0.0
"JONES, T",1,11,11,0.0
"MCGUIRE, D",1,11,11,0.0
"CHERNOV, PV",1,11,11,0.0
"IVANOV, VN",1,11,11,0.0
"DMITRIEV, NA",1,11,11,0.0
"GUSEV, A",1,11,11,0.0
"KOVCHINA, VI",1,11,11,0.0
"GONGADZE, IS",1,11,11,0.0
"KHOLSTOV, AV",1,11,11,0.0
"POPOVA, MV",1,11,11,0.0
"KUDLAY, DA",1,11,11,0.0
"KRYUCHKO, DS",1,11,11,0.0
"KOFIADI, IA",1,11,11,0.0
"KHAITOV, MR",1,11,11,0.0
"LOBO-PRAT, D",1,11,11,0.0
"SAINZ, L",1,11,11,0.0
"LAIZ, A",1,11,11,0.0
"DE DIOS, A",1,11,11,0.0
"FONTCUBERTA, L",1,11,11,0.0
"FERNANDEZ, S",1,11,11,0.0
"MASIP, M",1,11,11,0.0
"RIERA, P",1,11,11,0.0
"PAGES-PUIGDEMONT, N",1,11,11,0.0
"ROS, S",1,11,11,0.0
"GOMIS-PASTOR, M",1,11,11,0.0
"COROMINAS, H",1,11,11,0.0
"GRASSI, MO",1,11,11,0.0
"FURINO, C",1,11,11,0.0
"RECCHIMURZO, N",1,11,11,0.0
"DE VITIS, F",1,11,11,0.0
"SBORGIA, G",1,11,11,0.0
"SBORGIA, L",1,11,11,0.0
"MELELEO, A",1,11,11,0.0
"MOLFETTA, T",1,11,11,0.0
"PIEPOLI, M",1,11,11,0.0
"LOCATELLI, P",1,11,11,0.0
"BOSCIA, F",1,11,11,0.0
"ALESSIO, G",1,11,11,0.0
"PATON, B",1,11,11,0.0
"O'KEEFFE, AG",1,11,11,0.0
"MORRIS, S",1,11,11,0.0
"PUCCI, A",1,11,11,0.0
"XU, D",1,11,11,0.0
"XIAO, S",1,11,11,0.0
"HE, H",1,11,11,0.0
"CAINE, ED",1,11,11,0.0
"GLOYD, S",1,11,11,0.0
"SIMONI, J",1,11,11,0.0
"HUGHES, JP",1,11,11,0.0
"NIE, J",1,11,11,0.0
"LIN, M",1,11,11,0.0
"HE, W",1,11,11,0.0
"YUAN, Y",1,11,11,0.0
"GONG, W",1,11,11,0.0
"GURUMURTHY, A",8,10,17,0.00013
"LV, H",3,10,13,5e-05
"REN, W",3,10,15,0.0
"ALEMSAN, N",3,10,12,0.00023
"ZEPEDA-LUGO, CA",3,10,14,5e-05
"KUMAR, M",3,10,11,0.0003
"ELLAHHAM, S",2,10,10,5e-05
"DEMIRLI, K",2,10,10,5e-05
"XIAO, W",2,10,10,0.00012
"WANG, X",2,10,10,0.0
"LI, Y",2,10,10,0.00011
"CHEN, Y",2,10,10,2e-05
"KORZENOWSKI, AL",2,10,10,0.0
"CAMPANELLA, D",2,10,10,0.0
"KIM, D",2,10,10,1e-05
"KUMAR, D",2,10,10,0.0
"CHARNS, MP",2,10,10,0.0
"LYONS, M",2,10,10,1e-05
"BLACKMORE, C",2,10,10,0.0
"GOODRIDGE, D",2,10,11,0.0
"MANZOOR, HMI",1,10,10,0.0
"HAMEED, A",1,10,10,0.0
"NOMAN, AM",1,10,10,0.0
"KHALID, M",1,10,10,0.0
"SOHAIL, A",1,10,10,0.0
"RAMADAN, MF",1,10,10,0.0
"ZONGO, E",1,10,10,0.0
"AL-ASMARI, F",1,10,10,0.0
"HASCHKA, J",1,10,10,0.0
"BEHANOVA, M",1,10,10,0.0
"HANS, D",1,10,10,0.0
"ARENS, A",1,10,10,0.0
"MUSCHITZ, C",1,10,10,0.0
"DZIRLO, L",1,10,10,0.0
"BINDER, J",1,10,10,0.0
"KAPIOTIS, S",1,10,10,0.0
"ZWERINA, J",1,10,10,0.0
"RESCH, H",1,10,10,0.0
"KOCIJAN, R",1,10,10,0.0
"CARROLL, M",1,10,10,0.0
"KOSELKE, E",1,10,10,0.0
"HOWELL, J",1,10,10,0.0
"CHO, J",1,10,10,0.0
"ROMAN, A",1,10,10,0.0
"KEISLER, M",1,10,10,0.0
"PATEL, T",1,10,10,0.0
"PATEL, V",1,10,10,0.0
"MITCHEM, T",1,10,10,0.0
"YARBRO, L",1,10,10,0.0
"HOUGH, S",1,10,10,0.0
"PAWŁOWSKA-HULBOJ, A",1,10,10,0.0
"GRUCZA, B",1,10,10,0.0
"KOZIEŁ, M",1,10,10,0.0
"KANIUK, A",1,10,10,0.0
"JAKUBOWSKA, A",1,10,10,0.0
"POPIOŁEK, W",1,10,10,0.0
"PANKOWSKI, I",1,10,10,0.0
"RIBERA, J",1,10,10,0.0
"BATKO, J",1,10,10,0.0
"KOWALEWSKI, M",1,10,10,0.0
"ORZEŁ, W",1,10,10,0.0
"SHEARER, G",1,10,10,0.0
"NICOLE, S",1,10,10,0.0
"BOWLING, B",1,10,10,0.0
"SALEEM, J",1,10,10,0.0
"ZREIK, N",1,10,10,0.0
"HUBBARD, C",1,10,10,0.0
"TENNENT, D",1,10,10,0.0
"HINDLE, L",1,10,10,0.0
"PHULL, M",1,10,10,0.0
"BRIGGS, TWR",1,10,10,0.0
"GRAY, WK",1,10,10,0.0
"VERMA, M",1,10,10,0.0
"KAPOOR, N",1,10,10,0.0
"SENAPATI, S",1,10,10,0.0
"SINGH, O",1,10,10,0.0
"BHADORIA, AS",1,10,10,0.0
"KHETARPAL, P",1,10,10,0.0
"BANSAL, K",1,10,10,0.0
"RANJAN, R",1,10,10,0.0
"KAKKAR, R",1,10,10,0.0
"KALRA, S",1,10,10,0.0
"MONTEMURRO, N",1,10,10,0.0
"DE CAROLIS, G",1,10,10,0.0
"LEONI, C",1,10,10,0.0
"MAROTTA, R",1,10,10,0.0
"TOMEI, R",1,10,10,0.0
"PAOLICCHI, A",1,10,10,0.0
"LAZZINI, S",1,10,10,0.0
"GEARY, L",1,10,10,0.0
"NIELSEN, ID",1,10,10,0.0
"CHARRON, F",1,10,10,0.0
"CARTER, JJ",1,10,10,0.0
"MARTINSSON, L",1,10,10,0.0
"ROWE, E",1,10,10,0.0
"GOESE, A",1,10,10,0.0
"CHATURVEDI, A",1,10,10,0.0
"GIDH-JAIN, M",1,10,10,0.0
"HREHA-PHILLIPS, S",1,10,10,0.0
"APRIL, J",1,10,10,0.0
"BUCLIN, CP",1,10,10,0.0
"BURGISSER, N",1,10,10,0.0
"MONGIN, D",1,10,10,0.0
"LE MAUGUEN, A",1,10,10,0.0
"FARHOUMAND, PD",1,10,10,0.0
"BERNER, A",1,10,10,0.0
"DAVERIO, J",1,10,10,0.0
"BARRIOS, J",1,10,10,0.0
"RENY, JL",1,10,10,0.0
"COURVOISIER, DS",1,10,10,0.0
"AGORITSAS, T",1,10,10,0.0
"NGUYEN, VH",1,10,10,0.0
"HA, A",1,10,10,0.0
"ROUILLARD, NA",1,10,10,0.0
"LE, RH",1,10,10,0.0
"FONG, A",1,10,10,0.0
"GUDAPATI, S",1,10,10,0.0
"PARK, JE",1,10,10,0.0
"MAEDA, M",1,10,10,0.0
"BARNETT, S",1,10,10,0.0
"CHEUNG, R",1,10,10,0.0
"NGUYEN, MH",1,10,10,0.0
"LOW, NY",1,10,10,0.0
"CHAN, CY",1,10,10,0.0
"SUBRAMANIAM, S",1,10,10,0.0
"CHIN, KY",1,10,10,0.0
"IMA NIRWANA, S",1,10,10,0.0
"MUHAMMAD, N",1,10,10,0.0
"FAIRUS, A",1,10,10,0.0
"NG, PY",1,10,10,0.0
"JAMIL, NA",1,10,10,0.0
"ABD AZIZ, N",1,10,10,0.0
"MOHAMED, N",1,10,10,0.0
"ABE, A",1,10,10,0.0
"YUASA, M",1,10,10,0.0
"IMAI, Y",1,10,10,0.0
"KAGAWA, T",1,10,10,0.0
"MINEDA, A",1,10,10,0.0
"NISHIMURA, M",1,10,10,0.0
"TONOISO, C",1,10,10,0.0
"KUBO, A",1,10,10,0.0
"KAWANAKA, T",1,10,10,0.0
"IKUSHIMA, H",1,10,10,0.0
"IWASA, T",1,10,10,0.0
"PUKLIN, LS",1,10,10,0.0
"HARRIGAN, M",1,10,10,0.0
"CARTMEL, B",1,10,10,0.0
"SANFT, T",1,10,10,0.0
"GOTTLIEB, L",1,10,10,0.0
"ZHOU, B",1,10,10,0.0
"FERRUCCI, LM",1,10,10,0.0
"LI, FY",1,10,10,0.0
"SPIEGELMAN, D",1,10,10,0.0
"SHARIFI, M",1,10,10,0.0
"IRWIN, ML",1,10,10,0.0
"WONG, JJM",1,10,10,0.0
"ONG, JSM",1,10,10,0.0
"ONG, C",1,10,10,0.0
"ALLEN, JC",1,10,10,0.0
"GANDHI, M",1,10,10,0.0
"FAN, L",1,10,10,0.0
"LIM, JKB",1,10,10,0.0
"POH, PF",1,10,10,0.0
"CHIOU, FK",1,10,10,0.0
"GUO, B",1,10,10,0.0
"HU, L",1,10,10,0.0
"CAI, Q",1,10,10,0.0
"CHENG, Y",1,10,10,0.0
"SHANG, J",1,10,10,0.0
"LING, X",1,10,10,0.0
"LIANG, SH",1,10,10,0.0
"WANG, L",1,10,10,0.0
"XU, H",1,10,10,0.0
"CALVANI, R",1,10,10,0.0
"CESARI, M",1,10,10,0.0
"TOSATO, M",1,10,10,0.0
"MARTONE, AM",1,10,10,0.0
"ORTOLANI, E",1,10,10,0.0
"SAVERA, G",1,10,10,0.0
"SALINI, S",1,10,10,0.0
"SISTO, A",1,10,10,0.0
"PICCA, A",1,10,10,0.0
"MARZETTI, E",1,10,10,0.0
"PRADOS, LF",1,10,10,0.0
"ZANETTI, D",1,10,10,0.0
"AMARAL, PM",1,10,10,0.0
"MARIZ, LDS",1,10,10,0.0
"SATHLER, DFT",1,10,10,0.0
"VALADARES FILHO, SC",1,10,10,0.0
"SILVA, BC",1,10,10,0.0
"PACHECO, MC",1,10,10,0.0
"ALHADAS, HM",1,10,10,0.0
"CHIZZOTTI, ML",1,10,10,0.0
"SAURIN, TA",7,9,13,0.0
"MAROLLA, G",4,9,19,2e-05
"FILHO, MG",3,9,11,0.0001
"JOKELA, R",3,9,21,0.0
"MAKIJARVI, M",3,9,21,0.0
"ROMEO, E",3,9,12,3e-05
"VERES, C",3,9,9,0.0
"LOPES, DC",2,9,12,0.0
"MAMUN, AA",2,9,9,0.0001
"LEWIS, S",2,9,9,0.0
"PERRY, JJ",2,9,10,0.0
"LI, X",2,9,9,1e-05
"ZHANG, Y",2,9,9,4e-05
"HE, Q",2,9,9,8e-05
"LEGA, F",2,9,9,0.0
"HARRIS, JW",2,9,9,0.0
"MARODIN, GA",2,9,9,0.00025
"ZANDBERGEN, R",2,9,11,0.0
"SETHI, RK",2,9,9,0.0
"MARTINEZ, F",2,9,9,0.00015
"FRANCIS, P",2,9,9,1e-05
"BALHARITH, RS",1,9,9,0.0
"ALYAMI, MS",1,9,9,0.0
"ALHASSAN, HSO",1,9,9,0.0
"ALASLOOM, FMA",1,9,9,0.0
"ALSHARIEF, NM",1,9,9,0.0
"ALMANSOUR, ANM",1,9,9,0.0
"ALSHAHI, RS",1,9,9,0.0
"ALQIRAD, AMH",1,9,9,0.0
"ALQSHANIN, BS",1,9,9,0.0
"AL DOSHAN, HMHAZ",1,9,9,0.0
"CHADHA, U",1,9,9,0.0
"KUSHNIRENKO, A",1,9,9,0.0
"FERNANDES, DC",1,9,9,0.0
"PATEL, KB",1,9,9,0.0
"CROTHERS, NJ",1,9,9,0.0
"ISIKSALAN, M",1,9,9,0.0
"NASIR, I",1,9,9,0.0
"ARMSTRONG, S",1,9,9,0.0
"BEHDINAN, K",1,9,9,0.0
"KARUNAKARAN, AP",1,9,9,0.0
"SUTOOVA, A",1,9,9,0.0
"KAUL, A",1,9,9,0.0
"ROY GHATAK, R",1,9,9,0.0
"DEMIR, S",1,9,9,0.0
"ISLAM, D",1,9,9,0.0
"CILIBERTO, C",1,9,9,0.0
"LUCKE, LA",1,9,9,0.0
"ROCHOW, N",1,9,9,0.0
"KNAB, K",1,9,9,0.0
"SCHAFER, S",1,9,9,0.0
"ZIMMERMANN, JL",1,9,9,0.0
"MEIS, A",1,9,9,0.0
"LOHMULLER-WEISS, S",1,9,9,0.0
"SZAKACS-FUSCH, A",1,9,9,0.0
"FELDERHOFF-MUSER, U",1,9,9,0.0
"FUSCH, C",1,9,9,0.0
"DEALBERTI, D",1,9,9,0.0
"BOSONI, D",1,9,9,0.0
"GHIROTTO, V",1,9,9,0.0
"PISANI, C",1,9,9,0.0
"SANJINEZ, JOSP",1,9,9,0.0
"FADDA, B",1,9,9,0.0
"ROBERTI, E",1,9,9,0.0
"TESTA, M",1,9,9,0.0
"STABILE, G",1,9,9,0.0
"DACQUINO, MT",1,9,9,0.0
"ALOBAID, SK",1,9,9,0.0
"ALZAHRANI, AMM",1,9,9,0.0
"ALSHARIF, FS",1,9,9,0.0
"ALOMAR, AEH",1,9,9,0.0
"ALMUSTANYIR, HMS",1,9,9,0.0
"SAGR, AA",1,9,9,0.0
"ALSOMALI, SAY",1,9,9,0.0
"ALKHATIB, MI",1,9,9,0.0
"TURKISTANI, NA",1,9,9,0.0
"ALAWI, AA",1,9,9,0.0
"DILLEHAY, RT",1,9,9,0.0
"BOHM, A",1,9,9,0.0
"FRIEDMAN, H",1,9,9,0.0
"WELSHMAN, D",1,9,9,0.0
"MORONG, A",1,9,9,0.0
"KARTHIKEYAN, V",1,9,9,0.0
"DAMPIER, J",1,9,9,0.0
"RACINE, A",1,9,9,0.0
"DRAPKIN, OM",1,9,9,0.0
"FISENKO, VS",1,9,9,0.0
"SHEPEL, RN",1,9,9,0.0
"SVISCHEVA, AA",1,9,9,0.0
"YALYOMOVA, VV",1,9,9,0.0
"ZHAMALOV, LM",1,9,9,0.0
"GOMOVA, TA",1,9,9,0.0
"KUNYAEVA, TA",1,9,9,0.0
"LIVZAN, MA",1,9,9,0.0
"CHESNIKOVA, AI",1,9,9,0.0
"NARAYAN, AK",1,9,9,0.0
"FOSTER, N",1,9,9,0.0
"KADOM, N",1,9,9,0.0
"SCOTT, JA",1,9,9,0.0
"FLORES, EJ",1,9,9,0.0
"BRODER, JC",1,9,9,0.0
"YONG-HING, CJ",1,9,9,0.0
"DAYE, D",1,9,9,0.0
"KAGETSU, NJ",1,9,9,0.0
"BURSTIN, H",1,9,9,0.0
"AGRAHARI, G",1,9,9,0.0
"BIST, K",1,9,9,0.0
"PANDEY, M",1,9,9,0.0
"KAPITA, J",1,9,9,0.0
"JAMES, Z",1,9,9,0.0
"KNOX, J",1,9,9,0.0
"HEYMSFIELD, SB",1,9,9,0.0
"RAMIREZ, S",1,9,9,0.0
"WOLENSKI, P",1,9,9,0.0
"DRENSKA, N",1,9,9,0.0
"SZABO-REED, AN",1,9,9,0.0
"WATTS, A",1,9,9,0.0
"VIDONI, ED",1,9,9,0.0
"MAHNKEN, J",1,9,9,0.0
"VAN SCIVER, A",1,9,9,0.0
"FINLEY, K",1,9,9,0.0
"CLUTTON, J",1,9,9,0.0
"KEY, MN",1,9,9,0.0
"BURNS, JM",1,9,9,0.0
"KLONIS, N",1,9,9,0.0
"DUREMDES NAVA, ML",1,9,9,0.0
"VIOLA, V",1,9,9,0.0
"DAVILA, V",1,9,9,0.0
"TEO, S",1,9,9,0.0
"BRYANT, MS",1,9,9,0.0
"ARMAMENTO-VILLAREAL, R",1,9,9,0.0
"QUALLS, C",1,9,9,0.0
"VILLAREAL, DT",1,9,9,0.0
"KHALFI, S",1,9,9,0.0
"TOUTI, R",1,9,9,0.0
"UAKKAS, A",1,9,9,0.0
"AMSSAYEF, K",1,9,9,0.0
"SADIKI, EM",1,9,9,0.0
"AGHLALLOU, Y",1,9,9,0.0
"FARHANE, FZ",1,9,9,0.0
"ALAMI, Z",1,9,9,0.0
"ASSALE, M",1,9,9,0.0
"BOUHAFA, T",1,9,9,0.0
"DANPANICHKUL, P",1,9,9,0.0
"PANG, Y",1,9,9,0.0
"PLEITEZ, HG",1,9,9,0.0
"PAYNE, JD",1,9,9,0.0
"DAS, K",1,9,9,0.0
"WIJARNPREECHA, K",1,9,9,0.0
"SINGAL, A",1,9,9,0.0
"YANG, JD",1,9,9,0.0
"ALDUWAYS, KHA",1,9,9,0.0
"AL RUKHAMI, NM",1,9,9,0.0
"ALDUWAYS, HSH",1,9,9,0.0
"AL SHAHI, SMM",1,9,9,0.0
"ALDUWAYS, IM",1,9,9,0.0
"AI MANSOUR, AHH",1,9,9,0.0
"BELHARITH, AS",1,9,9,0.0
"DUWAYS, KMHA",1,9,9,0.0
"MASOUD, NH",1,9,9,0.0
"ALAGIL, IH",1,9,9,0.0
"MCFEELY, O",1,9,9,0.0
"MCGUIRK, M",1,9,9,0.0
"MANNING, S",1,9,9,0.0
"KELLY, V",1,9,9,0.0
"COETZEE, H",1,9,9,0.0
"CUNNINGHAM, U",1,9,9,0.0
"CONNOLLY, K",1,9,9,0.0
"LENANE, P",1,9,9,0.0
"ROBINSON, LA",1,9,9,0.0
"LENNON, S",1,9,9,0.0
"PEGEL, AR",1,9,9,0.0
"STRICKLAND, KP",1,9,9,0.0
"FEELEY, CA",1,9,9,0.0
"WATTS, SO",1,9,9,0.0
"J. VAN DER POL, W",1,9,9,0.0
"ROBERTS, MD",1,9,9,0.0
"GREENE, MW",1,9,9,0.0
"FRUGE, AD",1,9,9,0.0
"LYNCH, DH",1,9,9,0.0
"SPANGLER, HB",1,9,9,0.0
"FRANZ, JR",1,9,9,0.0
"KRUPENEVICH, RL",1,9,9,0.0
"NISSMAN, D",1,9,9,0.0
"ZHANG, J",1,9,9,0.0
"LI, YY",1,9,9,0.0
"SUMNER, S",1,9,9,0.0
"BATSIS, JA",1,9,9,0.0
"LUBRECHT, J",1,9,9,0.0
"ARAYESS, L",1,9,9,0.0
"REIJNDERS, D",1,9,9,0.0
"HESSELINK, ML",1,9,9,0.0
"VELDE, GT",1,9,9,0.0
"JANSE, A",1,9,9,0.0
"VON ROSENSTIEL, I",1,9,9,0.0
"VAN MIL, EGAH",1,9,9,0.0
"VERWEIJ, M",1,9,9,0.0
"VREUGDENHIL, AC",1,9,9,0.0
"TANAKA, A",1,9,9,0.0
"SEKINE, T",1,9,9,0.0
"TER VOERT, EGW",1,9,9,0.0
"ZEIMPEKIS, KG",1,9,9,0.0
"DELSO, G",1,9,9,0.0
"DE GALIZA BARBOSA, F",1,9,9,0.0
"WARNOCK, G",1,9,9,0.0
"KUMITA, SI",1,9,9,0.0
"VEIT HAIBACH, P",1,9,9,0.0
"HUELLNER, M",1,9,9,0.0
"BROWN, TN",1,9,9,0.0
"JUSTICE, L",1,9,9,0.0
"MALIK, F",1,9,9,0.0
"LEHENBAUER, D",1,9,9,0.0
"O'DONNELL, A",1,9,9,0.0
"BROWN, JM",1,9,9,0.0
"POWERS, T",1,9,9,0.0
"COOPER, DS",1,9,9,0.0
"MAH, K",1,9,9,0.0
"KAM, AW",1,9,9,0.0
"COLLINS, S",1,9,9,0.0
"PARK, T",1,9,9,0.0
"MIHAIL, M",1,9,9,0.0
"STANAWAY, FF",1,9,9,0.0
"POLYA, D",1,9,9,0.0
"FRASER-BELL, S",1,9,9,0.0
"ROBERTS, TV",1,9,9,0.0
"SMITH, JH",1,9,9,0.0
"GUPTE, M",1,9,9,0.0
"TUMULURU, S",1,9,9,0.0
"SUI, JY",1,9,9,0.0
"SINGH, AP",1,9,9,0.0
"UMBARKAR, P",1,9,9,0.0
"PARIKH, SS",1,9,9,0.0
"AHMAD, F",1,9,9,0.0
"ZHANG, Q",1,9,9,0.0
"FORCE, T",1,9,9,0.0
"LAL, H",1,9,9,0.0
"KESSLER, DO",1,9,9,0.0
"LEMKE, DS",1,9,9,0.0
"JANI, P",1,9,9,0.0
"DEWAN, ML",1,9,9,0.0
"PIRIE, J",1,9,9,0.0
"LOVETT, M",1,9,9,0.0
"HARWAYNE-GIDANSKY, I",1,9,9,0.0
"WOLFE, HA",1,9,9,0.0
"SABATINO, A",1,9,9,0.0
"REGOLISTI, G",1,9,9,0.0
"KARUPAIAH, T",1,9,9,0.0
"SAHATHEVAN, S",1,9,9,0.0
"SADU SINGH, BK",1,9,9,0.0
"KHOR, BH",1,9,9,0.0
"SALHAB, N",1,9,9,0.0
"KARAVETIAN, M",1,9,9,0.0
"CUPISTI, A",1,9,9,0.0
"FIACCADORI, ",1,9,9,0.0
"KOZLOVA, MM",1,9,9,0.0
"BRENTA, M",1,9,9,0.0
"FILAURO, F",1,9,9,0.0
"RIBATTI, A",1,9,9,0.0
"SCUDERI, E",1,9,9,0.0
"MARINI, T",1,9,9,0.0
"GALLI, G",1,9,9,0.0
"REVETRIA, R",1,9,9,0.0
"EKINS, S",1,9,9,0.0
"MIETCHEN, D",1,9,9,0.0
"COFFEE, M",1,9,9,0.0
"STRATTON, TP",1,9,9,0.0
"FREUNDLICH, JS",1,9,9,0.0
"FREITAS-JUNIOR, L",1,9,9,0.0
"MURATOV, E",1,9,9,0.0
"SIQUEIRA-NETO, J",1,9,9,0.0
"WILLIAMS, AJ",1,9,9,0.0
"ANDRADE, C",1,9,9,0.0
"KARLSSON, HK",1,9,9,0.0
"TUULARI, JJ",1,9,9,0.0
"TUOMINEN, L",1,9,9,0.0
"HONKA, H",1,9,9,0.0
"PARKKOLA, R",1,9,9,0.0
"HELIN, S",1,9,9,0.0
"SALMINEN, P",1,9,9,0.0
"NUUTILA, P",1,9,9,0.0
"NUMMENMAA, L",1,9,9,0.0
"TENG, R",1,9,9,0.0
"SCHODER, H",1,9,9,0.0
"NI, A",1,9,9,0.0
"MICHAUD, L",1,9,9,0.0
"NAKAJIMA, R",1,9,9,0.0
"YAMASHITA, R",1,9,9,0.0
"WOLCHOK, JD",1,9,9,0.0
"WEBER, WA",1,9,9,0.0
"SANTOS, GN",3,8,9,0.00018
"PISARRA, M",3,8,10,3e-05
"KASWAN, MS",3,8,14,0.0
"PARIDA, R",3,8,17,0.0
"ZDEBA-MOZOŁA, A",3,8,15,0.0
"CZAPLA, T",3,8,15,0.0
"BIANCIARDI, C",3,8,14,0.0
"MEZZATESTA, V",3,8,14,0.0
"JOHNSON, K",3,8,12,0.0
"CHEN, M",2,8,8,2e-05
"IVCOVICI, A",2,8,8,0.0
"KRISHNAN, M",2,8,8,0.0
"JOHNSTON, A",2,8,8,0.0
"ADNAN, AN",2,8,8,0.0
"NAWANIR, G",2,8,8,0.0
"SPAGNOL, GS",2,8,9,0.0
"MARCON, E",2,8,8,0.0
"DEMPSEY, M",2,8,11,0.0
"VAN MERODE, GG",2,8,8,1e-05
"NI, M",2,8,10,0.0
"BUCKLE, P",2,8,10,0.0
"HANNA, GB",2,8,10,0.0
"LIBASIN, Z",2,8,8,0.0
"AHMAD, RW",2,8,8,0.00064
"VAN DEN HEUVEL, J",2,8,8,0.0
"VAROL, U",2,8,11,0.0
"SANCHEZ-JIMENEZ, E",2,8,11,0.0
"NAVARRO-SANTANA, MJ",2,8,11,0.0
"VALERA-CALERO, JA",2,8,11,0.0
"PLISHKA, CT",2,8,14,0.0
"CHAN, JG",2,8,14,0.0
"PONCUMHAK, P",2,8,9,0.0
"AMATACHAYA, S",2,8,9,0.0
"ANZANELLO, MJ",2,8,9,4e-05
"ALKAABI, M",1,8,8,0.0
"SIMSEKLER, MCE",1,8,8,0.0
"KAF, AA",1,8,8,0.0
"GHALIB, H",1,8,8,0.0
"QURAINI, D",1,8,8,0.0
"TUZCU, M",1,8,8,0.0
"NUUTINEN, M",1,8,8,0.0
"SKANTS, N",1,8,8,0.0
"VANKAYALAPATI, A",1,8,8,0.0
"COLEMAN, M",1,8,8,0.0
"GERMANN, JN",1,8,8,0.0
"TATE, MA",1,8,8,0.0
"TUTTLE, T",1,8,8,0.0
"MACK, L",1,8,8,0.0
"BENSCOTER, D",1,8,8,0.0
"HART, CK",1,8,8,0.0
"SMITH, MM",1,8,8,0.0
"MILLER, M",1,8,8,0.0
"ALMOMANI, Y",1,8,8,0.0
"HOPWOOD, P",1,8,8,0.0
"HAGHIGHI, P",1,8,8,0.0
"DAVIS, A",1,8,8,0.0
"LITTLER, E",1,8,8,0.0
"DALY, TJ",1,8,8,0.0
"FOEBEL, AD",1,8,8,0.0
"MACEACHEN, E",1,8,8,0.0
"ATTA-OSEI, G",1,8,8,0.0
"ACHEAMPONG, E",1,8,8,0.0
"GYAASE, D",1,8,8,0.0
"TAWIAH, R",1,8,8,0.0
"GYAASE, TI",1,8,8,0.0
"ADADE, R",1,8,8,0.0
"FOFIE, D",1,8,8,0.0
"OWUSU, I",1,8,8,0.0
"MPRAH, WK",1,8,8,0.0
"DARTEY, AF",1,8,8,0.0
"JOHNSON, BB",1,8,8,0.0
"KLUTSEY, EE",1,8,8,0.0
"TSIBU, EY",1,8,8,0.0
"AKALIMAGA, MA",1,8,8,0.0
"ASAFO, DK",1,8,8,0.0
"ABORGE, R",1,8,8,0.0
"AMPIAH, JA",1,8,8,0.0
"WISDOM, AK",1,8,8,0.0
"RICKEY, LM",1,8,8,0.0
"NAGLE, K",1,8,8,0.0
"PERKINS, J",1,8,8,0.0
"KOHLER, C",1,8,8,0.0
"ETHIER, B",1,8,8,0.0
"FONTAINE, K",1,8,8,0.0
"MATHERSON, S",1,8,8,0.0
"STACK, AM",1,8,8,0.0
"MCSWEENEY, M",1,8,8,0.0
"TERADA, BD",1,8,8,0.0
"GONCALVES, FG",1,8,8,0.0
"PORTO, BC",1,8,8,0.0
"DUARTE SILVA, B",1,8,8,0.0
"PASSEROTTI, CC",1,8,8,0.0
"SANDERBERG, RA",1,8,8,0.0
"ARTIFON, EL",1,8,8,0.0
"OTOCH, JP",1,8,8,0.0
"DA CRUZ, JA",1,8,8,0.0
"JOAQUIM, A",1,8,8,0.0
"VIEIRA, C",1,8,8,0.0
"RIBEIRO, L",1,8,8,0.0
"BARROS, A",1,8,8,0.0
"LEAO, I",1,8,8,0.0
"ALVIM, C",1,8,8,0.0
"PINHEIRO, S",1,8,8,0.0
"NOGUEIRA, M",1,8,8,0.0
"MORAIS, C",1,8,8,0.0
"DANIEL, RF",1,8,8,0.0
"KANNAN, SK",1,8,8,0.0
"DAROCH, N",1,8,8,0.0
"GANESAN, S",1,8,8,0.0
"MOZAFFER, F",1,8,8,0.0
"SRIKANTAIAH, V",1,8,8,0.0
"SHASHIDHARA, LS",1,8,8,0.0
"MISHRA, R",1,8,8,0.0
"ISHTIAQ, F",1,8,8,0.0
"SRIJITHESH, PR",1,8,8,0.0
"RAJA, P",1,8,8,0.0
"MYTHIRAYEE, S",1,8,8,0.0
"TAALLAPALLI, AVR",1,8,8,0.0
"KULKARNI, GB",1,8,8,0.0
"SIANI, J",1,8,8,0.0
"ARAVINDA, HR",1,8,8,0.0
"ZHANG, XL",1,8,8,0.0
"ZHOU, Y",1,8,8,0.0
"JI, YT",1,8,8,0.0
"ZHAO, L",1,8,8,0.0
"SHEN, L",1,8,8,0.0
"CAI, SZ",1,8,8,0.0
"FOO, C",1,8,8,0.0
"WOON, TH",1,8,8,0.0
"CHIA, HX",1,8,8,0.0
"YAP, JCH",1,8,8,0.0
"LEE, WS",1,8,8,0.0
"LEE, CE",1,8,8,0.0
"VALDERAS, JM",1,8,8,0.0
"TEO, KW",1,8,8,0.0
"PANE, M",1,8,8,0.0
"BERTINI, ES",1,8,8,0.0
"RUSSO, E",1,8,8,0.0
"GATTO, F",1,8,8,0.0
"VIRGILIO, R",1,8,8,0.0
"SPANDONARO, F",1,8,8,0.0
"D’ANGELA, D",1,8,8,0.0
"POLISTENA, B",1,8,8,0.0
"D’ERRICO, M",1,8,8,0.0
"COOPER, ID",1,8,8,0.0
"PETAGINE, L",1,8,8,0.0
"SOTO-MOTA, A",1,8,8,0.0
"DURAJ, T",1,8,8,0.0
"SCARBOROUGH, A",1,8,8,0.0
"NORWITZ, NG",1,8,8,0.0
"SEYFRIED, TN",1,8,8,0.0
"FURONI, MA",1,8,8,0.0
"KYRIAKIDOU, Y",1,8,8,0.0
"ESTEE, MM",1,8,8,0.0
"HERITIER, S",1,8,8,0.0
"URQUHART, DM",1,8,8,0.0
"CICUTTINI, FM",1,8,8,0.0
"KOTOWICZ, MA",1,8,8,0.0
"BRENNAN-OLSEN, SL",1,8,8,0.0
"PASCO, JA",1,8,8,0.0
"WLUKA, A",1,8,8,0.0
"PEDROZO, G",1,8,8,0.0
"ALVES, IO",1,8,8,0.0
"KAFER, GA",1,8,8,0.0
"MEDEIROS, PHS",1,8,8,0.0
"FERNANDES, SES",1,8,8,0.0
"HSU, CY",1,8,8,0.0
"CHUNG, WP",1,8,8,0.0
"SUN, HY",1,8,8,0.0
"KAO, TC",1,8,8,0.0
"CHEN, TY",1,8,8,0.0
"LI, XM",1,8,8,0.0
"YOUNG, KC",1,8,8,0.0
"XU, W",1,8,8,0.0
"CAI, J",1,8,8,0.0
"LI, L",1,8,8,0.0
"YE, X",1,8,8,0.0
"WANG, P",1,8,8,0.0
"LU, J",1,8,8,0.0
"AKKAIF, MA",1,8,8,0.0
"ZHANG, M",1,8,8,0.0
"KIM, YJ",1,8,8,0.0
"IHRIE, VM",1,8,8,0.0
"SHI, P",1,8,8,0.0
"IHRIE, MD",1,8,8,0.0
"WOMBLE, JT",1,8,8,0.0
"MEARES, AH",1,8,8,0.0
"GRANEK, JA",1,8,8,0.0
"GUNSCH, CK",1,8,8,0.0
"INGRAM, JL",1,8,8,0.0
"LE, DX",1,8,8,0.0
"DO, HT",1,8,8,0.0
"BUI, KT",1,8,8,0.0
"HOANG, TQ",1,8,8,0.0
"NGUYEN, GH",1,8,8,0.0
"NGUYEN, AV",1,8,8,0.0
"NGUYEN, QT",1,8,8,0.0
"GORGUI-NAGUIB, H",1,8,8,0.0
"NAGUIB, RNG",1,8,8,0.0
"DUNCAN, R",1,8,8,0.0
"SZABO, B",1,8,8,0.0
"JACKSON, QL",1,8,8,0.0
"CRAIN, M",1,8,8,0.0
"LETT, C",1,8,8,0.0
"MASTERS, C",1,8,8,0.0
"SPINKS, R",1,8,8,0.0
"UHRIG, LK",1,8,8,0.0
"GULLATTE, MM",1,8,8,0.0
"SARTINI, M",1,8,8,0.0
"SPAGNOLO, AM",1,8,8,0.0
"SCHINCA, E",1,8,8,0.0
"OTTRIA, G",1,8,8,0.0
"DUPONT, C",1,8,8,0.0
"ALESSIO-MAZZOLA, M",1,8,8,0.0
"BRAGAZZI, NL",1,8,8,0.0
"CRISTINA, ML",1,8,8,0.0
"UNERTL, KM",1,8,8,0.0
"NOVAK, LL",1,8,8,0.0
"VAN HOUTEN, C",1,8,8,0.0
"BROOKS, J",1,8,8,0.0
"SMITH, AO",1,8,8,0.0
"AVERY, T",1,8,8,0.0
"SIMPSON, C",1,8,8,0.0
"LORENZI, NM",1,8,8,0.0
"YIP, TCF",1,8,8,0.0
"VILAR-GOMEZ, E",1,8,8,0.0
"PETTA, S",1,8,8,0.0
"YILMAZ, Y",1,8,8,0.0
"WONG, GLH",1,8,8,0.0
"ADAMS, LA",1,8,8,0.0
"DE LEDINGHEN, V",1,8,8,0.0
"SOOKOIAN, S",1,8,8,0.0
"WONG, VWS",1,8,8,0.0
"YAKOVCHENKO, V",1,8,8,0.0
"DESOTTO, K",1,8,8,0.0
"DRAINONI, ML",1,8,8,0.0
"LUKESH, W",1,8,8,0.0
"MILLER, DR",1,8,8,0.0
"PARK, A",1,8,8,0.0
"SHAO, Q",1,8,8,0.0
"THORNTON, DJ",1,8,8,0.0
"GIFFORD, AL",1,8,8,0.0
"ZHU, L",1,8,8,0.0
"GU, S",1,8,8,0.0
"ZHOU, X",1,8,8,0.0
"WANG, S",1,8,8,0.0
"FU, C",1,8,8,0.0
"YANG, W",1,8,8,0.0
"WETZL, J",1,8,8,0.0
"YAN, F",1,8,8,0.0
"ALDIBA, MA",1,8,8,0.0
"JAMALI, EM",1,8,8,0.0
"DIGHRIRI, A",1,8,8,0.0
"ABDULHAQ, AM",1,8,8,0.0
"ALI, MR",1,8,8,0.0
"OTAIF, AM",1,8,8,0.0
"SAFHI, BY",1,8,8,0.0
"AL-FAGEEH, A",1,8,8,0.0
"AL-SHARIF, A",1,8,8,0.0
"KUENZLI, AB",1,8,8,0.0
"BURRI, S",1,8,8,0.0
"CASANOVA, C",1,8,8,0.0
"SOMMERSTEIN, R",1,8,8,0.0
"BUETTI, N",1,8,8,0.0
"SETH-SMITH, HMB",1,8,8,0.0
"BODMER, T",1,8,8,0.0
"EGLI, A",1,8,8,0.0
"MARSCHALL, J",1,8,8,0.0
"SKODA, R",1,8,8,0.0
"FULOP, G",1,8,8,0.0
"CSULAK, E",1,8,8,0.0
"DANICS, K",1,8,8,0.0
"TORO, K",1,8,8,0.0
"BOKOR, L",1,8,8,0.0
"BARCZI, G",1,8,8,0.0
"MERKELY, B",1,8,8,0.0
"BECKER, D",1,8,8,0.0
"SWEE, ML",1,8,8,0.0
"SANDERS, ML",1,8,8,0.0
"PHISITKUL, K",1,8,8,0.0
"BAILEY, G",1,8,8,0.0
"THUMANN, A",1,8,8,0.0
"NEUZIL, N",1,8,8,0.0
"KUMAR, B",1,8,8,0.0
"O'SHEA, AMJ",1,8,8,0.0
"DIXON, BS",1,8,8,0.0
"VARGHESE, S",1,8,8,0.0
"MUTZ, J",1,8,8,0.0
"PUTRA, J",1,8,8,0.0
"BAJAJ, P",1,8,8,0.0
"MIRFAKHRAEE, S",1,8,8,0.0
"TESSNOW, A",1,8,8,0.0
"FISH, J",1,8,8,0.0
"HANNA, DJ",1,8,8,0.0
"JAMIESON, ST",1,8,8,0.0
"LEE, CS",1,8,8,0.0
"PLUSKOTA, CA",1,8,8,0.0
"BRESSLER, NJ",1,8,8,0.0
"BENOTTI, PN",1,8,8,0.0
"KHURANA, S",1,8,8,0.0
"ROLSTON, DDK",1,8,8,0.0
"STILL, CD",1,8,8,0.0
"FAGUNDES, U",1,8,8,0.0
"VANCINI, RL",1,8,8,0.0
"SEFFRIN, A",1,8,8,0.0
"DE ALMEIDA, AA",1,8,8,0.0
"NIKOLAIDIS, PT",1,8,8,0.0
"ROSEMANN, T",1,8,8,0.0
"KNECHTLE, B",1,8,8,0.0
"ANDRADE, MS",1,8,8,0.0
"DE LIRA, CAB",1,8,8,0.0
"DEVI, BI",1,8,8,0.0
"SHUKLA, DP",1,8,8,0.0
"BHAT, DI",1,8,8,0.0
"TRIPATHI, M",1,8,8,0.0
"WARREN, A",1,8,8,0.0
"SHANBHAG, NC",1,8,8,0.0
"KONAR, SK",1,8,8,0.0
"STAKE, AL",1,8,8,0.0
"SINGHAL, R",1,8,8,0.0
"MCWILLIAMS, A",1,8,8,0.0
"SCHOEN, M",1,8,8,0.0
"KRULL, C",1,8,8,0.0
"BILANCIA, J",1,8,8,0.0
"BACON, M",1,8,8,0.0
"PENA, E",1,8,8,0.0
"MCCALL, A",1,8,8,0.0
"HOWARD, D",1,8,8,0.0
"ROBERGE, J",1,8,8,0.0
"AGARWAL, S",1,8,8,0.0
"GALLO, JJ",1,8,8,0.0
"PARASHAR, A",1,8,8,0.0
"AGARWAL, KK",1,8,8,0.0
"ELLIS, SG",1,8,8,0.0
"KHOT, UN",1,8,8,0.0
"SPOONER, R",1,8,8,0.0
"MURAT TUZCU, E",1,8,8,0.0
"KAPADIA, SR",1,8,8,0.0
"ZOUHAL, H",1,8,8,0.0
"SAEIDI, A",1,8,8,0.0
"SALHI, A",1,8,8,0.0
"LI, H",1,8,8,0.0
"ESSOP, MF",1,8,8,0.0
"LAHER, I",1,8,8,0.0
"RHIBI, F",1,8,8,0.0
"AMANI-SHALAMZARI, S",1,8,8,0.0
"ABDERRAHMAN, AB",1,8,8,0.0
"ZHU, LF",1,8,8,0.0
"QIAN, WY",1,8,8,0.0
"ZHOU, G",1,8,8,0.0
"YANG, M",1,8,8,0.0
"LIN, JJ",1,8,8,0.0
"JIN, JL",1,8,8,0.0
"DONG, SJ",1,8,8,0.0
"ZHU, LH",1,8,8,0.0
"CHEN, HX",1,8,8,0.0
"REIS, AC",3,7,11,0.0
"KHARUB, M",3,7,10,1e-05
"BALDIE, D",3,7,10,0.0
"LEGGAT, SG",3,7,9,0.0
"ORTIZ-BARRIOS, MA",3,7,9,0.0
"ALFARO-SAIZ, JJ",3,7,9,0.0
"HENRIQUE, DB",3,7,8,5e-05
"MAYER, C",3,7,9,0.0
"KANAMORI, S",3,7,12,0.0
"JIMBA, M",3,7,12,0.0
"EDELMAN, ER",2,7,7,1e-05
"GUIRGUIS, W",2,7,7,0.0
"POSSIK, J",2,7,8,5e-05
"ZACHAREWICZ, G",2,7,8,5e-05
"VALLESPIR, B",2,7,7,0.00018
"LEE, J",2,7,10,0.0
"TIERNEY, AA",2,7,10,0.0
"GOODPASTER, BH",2,7,7,3e-05
"BARNA, S",2,7,8,0.0
"PALSTAM, A",2,7,8,0.0
"GUO, L",2,7,7,4e-05
"TUFAIL, MMB",2,7,7,0.0
"WALPOLE, SC",2,7,7,0.0
"JONES, WD",2,7,7,0.0
"JORMA, T",2,7,7,0.0
"DOES, RJMM",2,7,7,0.0
"BALATO, G",2,7,11,0.0
"SANTALUCIA, I",2,7,11,0.0
"ROUPPE VAN DER VOORT, MBV",2,7,9,0.0
"VAN DER NAT, PB",2,7,9,0.0
"BIESMA, DH",2,7,9,0.0
"BENDERS, J",2,7,7,0.0
"MONTELLA, E",2,7,13,0.0
"DI CICCO, MV",2,7,13,0.0
"FERRARO, A",2,7,13,0.0
"CENTOBELLI, P",2,7,13,0.0
"RAIOLA, E",2,7,13,0.0
"CHIARINI, A",2,7,7,0.0
"HABIDIN, NF",2,7,7,0.0
"BOBULA, J",1,7,7,0.0
"HALMAN, J",1,7,7,0.0
"MYSZCZYNSKI, K",1,7,7,0.0
"DYBCIO, J",1,7,7,0.0
"KIMILU, N",1,7,7,0.0
"BLACHA, A",1,7,7,0.0
"OWEDYK, G",1,7,7,0.0
"SIEMINSKI, M",1,7,7,0.0
"PAJER, K",1,7,7,0.0
"GARDNER, W",1,7,7,0.0
"OUELLETTE, C",1,7,7,0.0
"CHENG, M",1,7,7,0.0
"BISSEX, S",1,7,7,0.0
"MACKAY, R",1,7,7,0.0
"MACLAURIN, T",1,7,7,0.0
"GANDY, H",1,7,7,0.0
"RIZZO, E",1,7,7,0.0
"SZALAY, N",1,7,7,0.0
"HOLTHOFF, MM",1,7,7,0.0
"KENNEDY, AM",1,7,7,0.0
"QIN, Z",1,7,7,0.0
"YAN, X",1,7,7,0.0
"SONG, Y",1,7,7,0.0
"SUN, H",1,7,7,0.0
"WANG, G",1,7,7,0.0
"SOTTO-SANTIAGO, S",1,7,7,0.0
"CAUDILL, D",1,7,7,0.0
"GIST, A",1,7,7,0.0
"EASTWICK, S",1,7,7,0.0
"PALMER, MM",1,7,7,0.0
"GERACI, MW",1,7,7,0.0
"ARONOFF, DM",1,7,7,0.0
"LIAO, SL",1,7,7,0.0
"HUANG, HL",1,7,7,0.0
"SU, YX",1,7,7,0.0
"JERNG, JS",1,7,7,0.0
"LU, CY",1,7,7,0.0
"HO, WS",1,7,7,0.0
"XU, JR",1,7,7,0.0
"EMERSON, SR",1,7,7,0.0
"HART, S",1,7,7,0.0
"SCIARRILLO, CM",1,7,7,0.0
"EDEN, T",1,7,7,0.0
"GODSEY, TJ",1,7,7,0.0
"SMITH, H",1,7,7,0.0
"KELLER, A",1,7,7,0.0
"KEIRNS, BH",1,7,7,0.0
"THONGCHAROEN, V",1,7,7,0.0
"THOSINGHA, O",1,7,7,0.0
"POTAYA, S",1,7,7,0.0
"KLAEWKLONG, N",1,7,7,0.0
"DUANGCHAN, C",1,7,7,0.0
"KONGWATTANAKUL, S",1,7,7,0.0
"NABNEAN, T",1,7,7,0.0
"THANTHONG, S",1,7,7,0.0
"PREET SINGH, I",1,7,7,0.0
"CELANI DE SOUZA, HJ",1,7,7,0.0
"PETRILLO, A",1,7,7,0.0
"GUL, M",1,7,7,0.0
"YUCESAN, M",1,7,7,0.0
"NAVARRO-JIMENEZ, E",1,7,7,0.0
"ARIZA-ORTIZ, A",1,7,7,0.0
"PORTERFIELD, L",1,7,7,0.0
"RAM, M",1,7,7,0.0
"KUO, YF",1,7,7,0.0
"GAITHER, ZM",1,7,7,0.0
"O’CONNELL, KP",1,7,7,0.0
"ROY, K",1,7,7,0.0
"BHARDWAJ, N",1,7,7,0.0
"FINGADO, E",1,7,7,0.0
"MCDERMOTT, A",1,7,7,0.0
"PANDURO, NS",1,7,7,0.0
"TAGHAVI, I",1,7,7,0.0
"KJER, HM",1,7,7,0.0
"SØGAARD, SB",1,7,7,0.0
"NIELSEN, MB",1,7,7,0.0
"JENSEN, JRA",1,7,7,0.0
"SØRENSEN, CM",1,7,7,0.0
"CHIEN, SC",1,7,7,0.0
"CHIEN, CH",1,7,7,0.0
"CHIN, YPH",1,7,7,0.0
"CHIEN, PH",1,7,7,0.0
"HSU, CK",1,7,7,0.0
"YANG, HC",1,7,7,0.0
"LI, YCJ",1,7,7,0.0
"MORRIS, E",1,7,7,0.0
"QUACH, CY",1,7,7,0.0
"PEREZ-ARAOS, A",1,7,7,0.0
"SCHIFFERDECKER, K",1,7,7,0.0
"ZUR, S",1,7,7,0.0
"SOKAL, A",1,7,7,0.0
"STASKIEWICZ-BARTECKA, W",1,7,7,0.0
"KICIAK, A",1,7,7,0.0
"GRAJEK, M",1,7,7,0.0
"KRUPA-KOTARA, K",1,7,7,0.0
"KOWALSKI, O",1,7,7,0.0
"BIAŁEK-DRATWA, A",1,7,7,0.0
"FTOUNI, N",1,7,7,0.0
"OLAYAN, M",1,7,7,0.0
"HALLIT, S",1,7,7,0.0
"KARAM, JM",1,7,7,0.0
"HALLAL, M",1,7,7,0.0
"HOTAYT, S",1,7,7,0.0
"HOTAYT, B",1,7,7,0.0
"FITZSIMONS, J",1,7,7,0.0
"MCDONALD, N",1,7,7,0.0
"GEARY, U",1,7,7,0.0
"CODD, M",1,7,7,0.0
"BROWNE, M",1,7,7,0.0
"O’DEA, A",1,7,7,0.0
"DEMPSEY, A",1,7,7,0.0
"ROBINSON, C",1,7,7,0.0
"MOFFATT, N",1,7,7,0.0
"HENNESSY, T",1,7,7,0.0
"BRADSHAW, A",1,7,7,0.0
"CHMIELARZ, A",1,7,7,0.0
"WIECZOREK-WOJCIK, B",1,7,7,0.0
"KILANSKA, D",1,7,7,0.0
"SOLARZ, JK",1,7,7,0.0
"LUCA, B",1,7,7,0.0
"CATERINA, B",1,7,7,0.0
"CINZIA, R",1,7,7,0.0
"CHIARA, C",1,7,7,0.0
"ANDREA, P",1,7,7,0.0
"MASSIMO, FF",1,7,7,0.0
"GIUSEPPINA, B",1,7,7,0.0
"JACOPO, G",1,7,7,0.0
"SHARLIN, O",1,7,7,0.0
"FISHMAN, T",1,7,7,0.0
"DANIEL, L",1,7,7,0.0
"FRANKENTHAL, H",1,7,7,0.0
"EISENBERG, VH",1,7,7,0.0
"ZIMLICHMAN, E",1,7,7,0.0
"ORKIN, D",1,7,7,0.0
"PELLEGRINO, F",1,7,7,0.0
"CARNEVALE, A",1,7,7,0.0
"BISI, R",1,7,7,0.0
"CAVEDAGNA, D",1,7,7,0.0
"REVERBERI, R",1,7,7,0.0
"UCCELLI, L",1,7,7,0.0
"LEPROTTI, S",1,7,7,0.0
"GIGANTI, M",1,7,7,0.0
"SUNDARAM, SA",1,7,7,0.0
"GRINDLE, G",1,7,7,0.0
"GEBROSKY, B",1,7,7,0.0
"BROWN, J",1,7,7,0.0
"KELLEHER, A",1,7,7,0.0
"COOPER, R",1,7,7,0.0
"CHUNG, CS",1,7,7,0.0
"COOPER, RA",1,7,7,0.0
"AMATI, M",1,7,7,0.0
"VALNEGRI, A",1,7,7,0.0
"BRESSAN, A",1,7,7,0.0
"LA REGINA, D",1,7,7,0.0
"TASSONE, C",1,7,7,0.0
"LO PICCOLO, A",1,7,7,0.0
"MONGELLI, F",1,7,7,0.0
"SAPORITO, A",1,7,7,0.0
"MORTON, M",1,7,7,0.0
"PATTERSON, J",1,7,7,0.0
"SCIUVA, J",1,7,7,0.0
"PERNI, J",1,7,7,0.0
"BACKES, F",1,7,7,0.0
"NAGEL, C",1,7,7,0.0
"O'MALLEY, DM",1,7,7,0.0
"CHAMBERS, LM",1,7,7,0.0
"FRANKLIN, BJ",1,7,7,0.0
"GANDHI, TK",1,7,7,0.0
"BATES, DW",1,7,7,0.0
"HUANCAHUARI, N",1,7,7,0.0
"MORRIS, CA",1,7,7,0.0
"PEARSON, M",1,7,7,0.0
"BASS, MB",1,7,7,0.0
"GORALNICK, E",1,7,7,0.0
"MAC CAWLEY, A",1,7,7,0.0
"VASSOLO, R",1,7,7,0.0
"ENBERG, L",1,7,7,0.0
"TATTARI, S",1,7,7,0.0
"GAVARAVARAPU, SM",1,7,7,0.0
"PULLAKHANDAM, R",1,7,7,0.0
"BHATIA, N",1,7,7,0.0
"KAUR, S",1,7,7,0.0
"SARWAL, R",1,7,7,0.0
"RAJKUMAR, H",1,7,7,0.0
"REDDY, GB",1,7,7,0.0
"RAVEGLIA, F",1,7,7,0.0
"ORLANDI, R",1,7,7,0.0
"RIMESSI, A",1,7,7,0.0
"MINERVINI, F",1,7,7,0.0
"CIOFFI, U",1,7,7,0.0
"DE SIMONE, M",1,7,7,0.0
"GUTTADAURO, A",1,7,7,0.0
"SCARCI, M",1,7,7,0.0
"PONSIGLIONE, AM",1,7,7,0.0
"LOPERTO, I",1,7,7,0.0
"DELLA VECCHIA, A",1,7,7,0.0
"BORRELLI, A",1,7,7,0.0
"RUSSO, G",1,7,7,0.0
"BOUDREAUX, ED",1,7,7,0.0
"LARKIN, C",1,7,7,0.0
"SEFAIR, AV",1,7,7,0.0
"MICK, E",1,7,7,0.0
"CLEMENTS, K",1,7,7,0.0
"PELLETIER, L",1,7,7,0.0
"YANG, C",1,7,7,0.0
"KIEFE, C",1,7,7,0.0
"JUAREZ, A",1,7,7,0.0
"LAWAL, A",1,7,7,0.0
"RUOHOAHO, UM",1,7,7,0.0
"KOKKI, M",1,7,7,0.0
"JOUKAINEN, S",1,7,7,0.0
"AALTOMAA, S",1,7,7,0.0
"FRAUNBERG, M",1,7,7,0.0
"LEINONEN, V",1,7,7,0.0
"AHMAD, ANA",1,7,7,0.0
"AHMAD, MF",1,7,7,0.0
"HAMID, NA",1,7,7,0.0
"HAMID, NAA",1,7,7,0.0
"CHUAN, LT",1,7,7,0.0
"BAKRI, A",1,7,7,0.0
"VANDERVEEN, BN",1,7,7,0.0
"CARDACI, TD",1,7,7,0.0
"CUNNINGHAM, P",1,7,7,0.0
"MCDONALD, SJ",1,7,7,0.0
"BULLARD, BM",1,7,7,0.0
"FAN, D",1,7,7,0.0
"MURPHY, A",1,7,7,0.0
"VELAZQUEZ, KT",1,7,7,0.0
"STONER, L",1,7,7,0.0
"ROWLANDS, D",1,7,7,0.0
"MORRISON, A",1,7,7,0.0
"CREDEUR, D",1,7,7,0.0
"HAMLIN, M",1,7,7,0.0
"GAFFNEY, K",1,7,7,0.0
"LAMBRICK, D",1,7,7,0.0
"MATHESON, A",1,7,7,0.0
"CHOI, GH",1,7,7,0.0
"SHIM, KE",1,7,7,0.0
"HEO, NJ",1,7,7,0.0
"YOON, JW",1,7,7,0.0
"OH, YK",1,7,7,0.0
"O'REILLY, K",1,7,7,0.0
"RUOKIS, S",1,7,7,0.0
"RUSSELL, K",1,7,7,0.0
"TEVES, T",1,7,7,0.0
"DILIBERO, J",1,7,7,0.0
"YASSA, D",1,7,7,0.0
"BERRY, H",1,7,7,0.0
"HOWELL, MD",1,7,7,0.0
"BUCCI, S",1,7,7,0.0
"MARVENTANO, S",1,7,7,0.0
"DE LEVA, AC",1,7,7,0.0
"TANZARIELLO, M",1,7,7,0.0
"SPECCHIA, ML",1,7,7,0.0
"FRANCESCHI, F",1,7,7,0.0
"MONROE-WISE, A",1,7,7,0.0
"REISNER, E",1,7,7,0.0
"SHERR, K",1,7,7,0.0
"OJAKAA, D",1,7,7,0.0
"MBAU, L",1,7,7,0.0
"KISIA, P",1,7,7,0.0
"MUHULA, S",1,7,7,0.0
"FARQUHAR, C",1,7,7,0.0
"CERCHIONE, R",1,7,7,0.0
"TRZECIAK, S",1,7,7,0.0
"MERCINCAVAGE, M",1,7,7,0.0
"ANGELINI, C",1,7,7,0.0
"COGLIANO, W",1,7,7,0.0
"DAMUTH, E",1,7,7,0.0
"ROBERTS, BW",1,7,7,0.0
"ZANOTTI, S",1,7,7,0.0
"MAZZARELLI, AJ",1,7,7,0.0
"TSUSHITA, K",1,7,7,0.0
"MURAMOTO, A",1,7,7,0.0
"KANZAKI, H",1,7,7,0.0
"NOHARA, T",1,7,7,0.0
"SHIMIZU, H",1,7,7,0.0
"NAKAZAWA, T",1,7,7,0.0
"HARADA, A",1,7,7,0.0
"PIWOWARCZYK, P",1,7,7,0.0
"KUTNIK, P",1,7,7,0.0
"BORYS, M",1,7,7,0.0
"RYPULAK, E",1,7,7,0.0
"POTREC-STUDZINSKA, B",1,7,7,0.0
"SYSIAK-SŁAWECKA, J",1,7,7,0.0
"CZARNIK, T",1,7,7,0.0
"CZUCZWAR, MA",1,7,7,0.0
"RANA, M",1,7,7,0.0
"DOBSON, R",1,7,7,0.0
"GROOT, G",1,7,7,0.0
"UDOD, S",1,7,7,0.0
"LLOYD, J",1,7,7,0.0
"ADEGBOYEGA, L",1,7,7,0.0
"KRUGER, MC",1,7,7,0.0
"CHAN, YM",1,7,7,0.0
"LAU, C",1,7,7,0.0
"LAU, LT",1,7,7,0.0
"CHIN, YS",1,7,7,0.0
"KUHN-SHERLOCK, B",1,7,7,0.0
"SCHOLLUM, LM",1,7,7,0.0
"TODD, JM",1,7,7,0.0
"LEITE, H",4,6,8,0.0002
"SCOTT, SD",4,6,14,0.0
"JILCHA, K",3,6,9,0.0
"MCGOVERN, T",3,6,9,0.0
"HICKS, C",3,6,9,0.0
"NINO, V",3,6,9,0.0
"CLAUDIO, D",3,6,9,0.0
"MAZUR, LM",3,6,11,0.0
"MCCREERY, J",3,6,11,0.0
"HARTFIELD, D",3,6,13,0.0
"RENTES, AF",2,6,7,0.0
"CHAVES, SMA",2,6,6,6e-05
"KHAN, FU",2,6,8,0.0
"JIANG, H",2,6,9,0.0
"LE ROUX, CW",2,6,6,0.0
"KEOWN, AM",2,6,8,0.0
"SOMI, M",2,6,12,0.0
"FROUNCHI, N",2,6,12,0.0
"ZAKAVI, SS",2,6,12,0.0
"OSTADRAHIMI, A",2,6,12,0.0
"GILANI, N",2,6,12,0.0
"FARAMARZI, E",2,6,12,0.0
"SANAIE, S",2,6,12,0.0
"BUCZACKI, A",2,6,6,1e-05
"CASOLINO, M",2,6,8,0.0
"BENEDETTI, L",2,6,8,0.0
"MASCIA, D",2,6,6,0.0
"VARDABASSO, M",2,6,8,0.0
"DE, A",2,6,6,0.0
"SINGH, A",2,6,6,5e-05
"PEACOCK, S",2,6,6,0.0
"SAHA, K",2,6,6,0.0
"KUMAR, A",2,6,6,0.0
"FRANCO-ALUCANO, I",2,6,10,0.0
"HAWARNA, S",2,6,10,0.0
"ALQASMI, I",2,6,10,0.0
"ASHRAFI, DM",2,6,10,0.0
"WILLIAMS, B",2,6,6,0.0
"ANDREASSON, J",2,6,6,0.0
"TAYLOR, S",2,6,6,0.0
"ZEFERINO, ACS",2,6,6,8e-05
"SANTOS, AB",2,6,6,0.0
"EL-OTHMANI, MM",2,6,8,0.0
"SAYEED, Z",2,6,8,0.0
"SALEH, KJ",2,6,8,0.0
"TIMLER, D",2,6,6,1e-05
"STEWART, LM",2,6,6,0.0
"BERNARDES, PMM",2,6,6,8e-05
"HARRISON, MI",2,6,7,0.0
"TIIRINKI, H",2,6,6,0.0
"ERIKSSON, A",2,6,6,1e-05
"BROWN, S",2,6,6,0.0
"CHAUDHURI, A",2,6,6,0.0002
"NEWTON, AS",2,6,10,0.0
"CASTRO, MC",2,6,10,0.0
"SOW, S",2,6,10,0.0
"MATSUNO, R",2,6,10,0.0
"IANNI, L",2,6,7,0.0
"SARGIACOMO, M",2,6,7,0.0
"HASLE, P",2,6,6,5e-05
"OGUNJOBI, TT",1,6,6,0.0
"ADEYANJU, SA",1,6,6,0.0
"AKINWANDE, KG",1,6,6,0.0
"OBASI, DE",1,6,6,0.0
"AIGBAGENODE, AA",1,6,6,0.0
"MUSA, A",1,6,6,0.0
"ABDUL, SO",1,6,6,0.0
"HERNANDEZ-GARIBAY, M",1,6,6,0.0
"FERNANDEZ-QUEZADA, D",1,6,6,0.0
"GARCIA-ESTRADA, J",1,6,6,0.0
"DE LA CRUZ-MOSSO, U",1,6,6,0.0
"RUVALCABA-DELGADILLO, RY",1,6,6,0.0
"GONZALEZ-CASTANEDA, RE",1,6,6,0.0
"LUQUIN, S",1,6,6,0.0
"PATHAN, A",1,6,6,0.0
"JOSHI, M",1,6,6,0.0
"SUGANDHI, K",1,6,6,0.0
"RAMANI, VK",1,6,6,0.0
"KANNAN, R",1,6,6,0.0
"SPRUJIT, O",1,6,6,0.0
"PARSAYAN, M",1,6,6,0.0
"ANDALIB, S",1,6,6,0.0
"ANDERSEN, TL",1,6,6,0.0
"GANJGAHI, H",1,6,6,0.0
"HØILUND-CARLSEN, PF",1,6,6,0.0
"ALAVI, A",1,6,6,0.0
"ZAREI, M",1,6,6,0.0
"YANG, G",1,6,6,0.0
"XIE, W",1,6,6,0.0
"ZHAO, G",1,6,6,0.0
"BJOHLE, S",1,6,6,0.0
"VICENTE, V",1,6,6,0.0
"ERIKSSON, C",1,6,6,0.0
"BOHM, K",1,6,6,0.0
"DODD, M",1,6,6,0.0
"WAHLIN, RR",1,6,6,0.0
"LEDERMAN, J",1,6,6,0.0
"WU, N",1,6,6,0.0
"ZHENG, J",1,6,6,0.0
"MENG, Y",1,6,6,0.0
"NING, K",1,6,6,0.0
"YAHATA, S",1,6,6,0.0
"TANAKA, I",1,6,6,0.0
"TAKEUCHI, M",1,6,6,0.0
"GOTO, Y",1,6,6,0.0
"SHIINA, I",1,6,6,0.0
"NAKAYAMA, S",1,6,6,0.0
"SHIMURA, K",1,6,6,0.0
"DOWLING, C",1,6,6,0.0
"BERNAL-SANCHEZ, JJ",1,6,6,0.0
"MANRIQUE-ALZATE, AD",1,6,6,0.0
"AMPUDIA-MORENO, J",1,6,6,0.0
"FREIRE-MENA, SV",1,6,6,0.0
"URREA-ARANGO, DC",1,6,6,0.0
"JARAMILLO-LOSADA, J",1,6,6,0.0
"PERAFAN-GONZALEZ, DY",1,6,6,0.0
"ZIETSE, M",1,6,6,0.0
"VAN DER ZEEUW, SL",1,6,6,0.0
"GEBBINK, ASK",1,6,6,0.0
"DE VRIES, AC",1,6,6,0.0
"CROMBAG, MRBS",1,6,6,0.0
"VAN LEEUWEN, RWF",1,6,6,0.0
"HOEDEMAKERS, MJ",1,6,6,0.0
"ORUSA, AM",1,6,6,0.0
"LOHR, AM",1,6,6,0.0
"ABU-ZEINAH, KF",1,6,6,0.0
"SIA, IG",1,6,6,0.0
"RIDGEWAY, JL",1,6,6,0.0
"JATOI, A",1,6,6,0.0
"TRAN, NH",1,6,6,0.0
"GRYGORIEVA, NV",1,6,6,0.0
"MUSIIENKO, AS",1,6,6,0.0
"ZAVERUKHA, NV",1,6,6,0.0
"KOSHEL, NM",1,6,6,0.0
"PYSARUK, AV",1,6,6,0.0
"KURYLO, DY",1,6,6,0.0
"INIUSHYNA, AV",1,6,6,0.0
"AMEYAW, PA",1,6,6,0.0
"BOATENG, S",1,6,6,0.0
"ISSAKA, Y",1,6,6,0.0
"ACKAH, ES",1,6,6,0.0
"KASAR, AA",1,6,6,0.0
"AL-AJLOUNI, YA",1,6,6,0.0
"NJEI, B",1,6,6,0.0
"MUTHUKUMAR, T",1,6,6,0.0
"NANDA KUMAR, SK",1,6,6,0.0
"VASUDEVAN, V",1,6,6,0.0
"NANDA KUMAR, MP",1,6,6,0.0
"KUMAR D., T",1,6,6,0.0
"GOVINDARAJAN, A",1,6,6,0.0
"RAMASAMY, M",1,6,6,0.0
"FISHER, KA",1,6,6,0.0
"EPSTEIN, MM",1,6,6,0.0
"NGUYEN, N",1,6,6,0.0
"FOUAYZI, H",1,6,6,0.0
"CRAWFORD, S",1,6,6,0.0
"LINAS, BP",1,6,6,0.0
"MAZOR, KM",1,6,6,0.0
"GREEN, JF",1,6,6,0.0
"CARNERO, EA",1,6,6,0.0
"SPARKS, LM",1,6,6,0.0
"ROBINSON, PS",1,6,6,0.0
"ERICKSON, ML",1,6,6,0.0
"SUZUKI, K",1,6,6,0.0
"MIZOGUCHI, Y",1,6,6,0.0
"KIMURA, F",1,6,6,0.0
"FUJISAKI, K",1,6,6,0.0
"YOKOYAMA, D",1,6,6,0.0
"HALL, T",1,6,6,0.0
"AKASAKA, K",1,6,6,0.0
"HOWARD-WILLIAMS, E",1,6,6,0.0
"KNIGHT, R",1,6,6,0.0
"OSSMAN, P",1,6,6,0.0
"YOUNCE, D",1,6,6,0.0
"DONOHOE, A",1,6,6,0.0
"MARUCCI, L",1,6,6,0.0
"MOCK, C",1,6,6,0.0
"LARANJINHA, I",1,6,6,0.0
"JULIE PEIRED, A",1,6,6,0.0
"KNOELLER, S",1,6,6,0.0
"GRACIN, S",1,6,6,0.0
"CARINA FERREIRA, A",1,6,6,0.0
"HOURMANT, M",1,6,6,0.0
"DEMIRTAS, G",1,6,6,0.0
"CHAPELON, J",1,6,6,0.0
"SOURDET, S",1,6,6,0.0
"ANGIONI, D",1,6,6,0.0
"STEINMEYER, Z",1,6,6,0.0
"BESTAOUI, MH",1,6,6,0.0
"LOUNICI, A",1,6,6,0.0
"TEBAIBIA, A",1,6,6,0.0
"HENAOUI, L",1,6,6,0.0
"BRIKCI-NIGASSA, N",1,6,6,0.0
"BAGHOUS, H",1,6,6,0.0
"BENSEFIA, A",1,6,6,0.0
"AGUILAR-DUQUE, J",1,6,6,0.0
"FLORES, DL",1,6,6,0.0
"LUCHINI, G",1,6,6,0.0
"BRIANI, S",1,6,6,0.0
"TULIPANI, A",1,6,6,0.0
"MORICI, N",1,6,6,0.0
"LABRUTO, A",1,6,6,0.0
"VILLASCHI, A",1,6,6,0.0
"COLOMBO, S",1,6,6,0.0
"PISTONO, M",1,6,6,0.0
"MAGNANI, L",1,6,6,0.0
"LIU, C",1,6,6,0.0
"COLOMBRINI, MR",1,6,6,0.0
"MINATOGAWA, L",1,6,6,0.0
"MINATOGAWA, V",1,6,6,0.0
"GASPARINO, RC",1,6,6,0.0
"MIN, LL",1,6,6,0.0
"BEHERA, SM",1,6,6,0.0
"BEHERA, P",1,6,6,0.0
"MOHANTY, SK",1,6,6,0.0
"SINGH, RR",1,6,6,0.0
"PATRO, BK",1,6,6,0.0
"MUKHERJEE, A",1,6,6,0.0
"EPARI, V",1,6,6,0.0
"TEGG, NL",1,6,6,0.0
"HYDE, A",1,6,6,0.0
"SEMMENS, J",1,6,6,0.0
"DOBSON, S",1,6,6,0.0
"PRICE, C",1,6,6,0.0
"OOSTVEEN, C",1,6,6,0.0
"NORRIS, CM",1,6,6,0.0
"JOHRI, N",1,6,6,0.0
"VENGAT, M",1,6,6,0.0
"NAGAR, P",1,6,6,0.0
"JOHN, D",1,6,6,0.0
"DUTTA, S",1,6,6,0.0
"MITTAL, P",1,6,6,0.0
"BORSCI, S",1,6,6,0.0
"WALNE, S",1,6,6,0.0
"MCLISTER, AP",1,6,6,0.0
"BARLOW, JG",1,6,6,0.0
"BLOUIN-DELISLE, CH",1,6,6,0.0
"DROLET, R",1,6,6,0.0
"HAINS, M",1,6,6,0.0
"TAILLEUR, L",1,6,6,0.0
"ALLAIRE, N",1,6,6,0.0
"COULOMBE, M",1,6,6,0.0
"VEZO, A",1,6,6,0.0
"HUNDAL, GS",1,6,6,0.0
"THIYAGARAJAN, S",1,6,6,0.0
"ALDURAIBI, M",1,6,6,0.0
"BURCHELL, G",1,6,6,0.0
"BONJER, J",1,6,6,0.0
"DAHELE, M",1,6,6,0.0
"LELOUP, EAA",1,6,6,0.0
"FERNANDEZ-DE-LAS-PENAS, C",1,6,6,0.0
"SANCHEZ-JORGE, S",1,6,6,0.0
"MAILLANE-VANEGAS, S",1,6,6,0.0
"LUIZ-DE-MARCO, R",1,6,6,0.0
"NARCISO, PH",1,6,6,0.0
"FAUSTINO-DA-SILVA, YVS",1,6,6,0.0
"KEMPER, H",1,6,6,0.0
"RIBEIRO AGOSTINETE, R",1,6,6,0.0
"A FERNANDES, R",1,6,6,0.0
"PITTMAN, JO",1,6,6,0.0
"RABIN, B",1,6,6,0.0
"ALMKLOV, E",1,6,6,0.0
"AFARI, N",1,6,6,0.0
"FLOTO, E",1,6,6,0.0
"RODRIGUEZ, E",1,6,6,0.0
"LINDAMER, L",1,6,6,0.0
"SHAHRBABAKI, ZS",1,6,6,0.0
"CHAVOSHZADEH, Z",1,6,6,0.0
"ABDOLLAHIMAJD, F",1,6,6,0.0
"SHARAFIAN, S",1,6,6,0.0
"JAMEE, M",1,6,6,0.0
"BONDARENKO, A",1,6,6,0.0
"MAHDAVI, T",1,6,6,0.0
"PAOLETTI, F",1,6,6,0.0
"GIORGIO, V",1,6,6,0.0
"JASER, A",1,6,6,0.0
"ZANONI, NR",1,6,6,0.0
"CITTERIO, F",1,6,6,0.0
"HERLIHY, ",1,6,6,0.0
"ANTAO, B",1,6,6,0.0
"FAWAZ, A",1,6,6,0.0
"MCDERMOTT, J",1,6,6,0.0
"PATTERSON, K",1,6,6,0.0
"NASON, G",1,6,6,0.0
"O'KELLY, F",1,6,6,0.0
"ONTIVEROS, S",1,6,6,0.0
"PEREZ-SANCHEZ, A",1,6,6,0.0
"ALVARADO-INIESTA, A",1,6,6,0.0
"RODRIGUEZ-BORBON, MI",1,6,6,0.0
"SATO, K",1,6,6,0.0
"TOMINAGA, R",1,6,6,0.0
"ENDO, T",1,6,6,0.0
"MIURA, T",1,6,6,0.0
"IWABUCHI, M",1,6,6,0.0
"ITO, T",1,6,6,0.0
"SHIRADO, O",1,6,6,0.0
"SINGH, P",1,6,6,0.0
"AL BALUSHI, S",1,6,6,0.0
"AL HAJRI, AS",1,6,6,0.0
"AL FARSI, Y",1,6,6,0.0
"AL ARBI, R",1,6,6,0.0
"CESARELLI, G",1,6,6,0.0
"PETRELLI, R",1,6,6,0.0
"D’ADDIO, G",1,6,6,0.0
"MONCE, O",1,6,6,0.0
"RUCCIA, M",1,6,6,0.0
"KIM, P",1,6,6,0.0
"LI, M",1,6,6,0.0
"HUANG, Q",1,6,6,0.0
"CANTRIL, C",1,6,6,0.0
"COLOCCI, N",1,6,6,0.0
"DILLON, EC",1,6,6,0.0
"RADCLIFFE, E",1,6,6,0.0
"KORDOWICZ, M",1,6,6,0.0
"MAK, C",1,6,6,0.0
"SHEFER, G",1,6,6,0.0
"ARMSTRONG, D",1,6,6,0.0
"WHITE, P",1,6,6,0.0
"ASHWORTH, M",1,6,6,0.0
"VIJVERBERG, JRG",1,6,6,0.0
"MOSSELMAN, MJ",1,6,6,0.0
"RIGTER, S",1,6,6,0.0
"VAN MERODE, F",1,6,6,0.0
"SOUZA, DL",1,6,6,0.0
"ALVARADO, MM",1,6,6,0.0
"SPERAFICO, JH",1,6,6,0.0
"ACKERMANN, AEF",1,6,6,0.0
"MARETH, T",1,6,6,0.0
"SCAVARDA, AJ",1,6,6,0.0
"FAIRMAN, CM",1,6,6,0.0
"HARRINGTON, S",1,6,6,0.0
"HUDSON, MF",1,6,6,0.0
"KINDRED, MM",1,6,6,0.0
"FRANCO, R",1,6,6,0.0
"MORROW, J",1,6,6,0.0
"CLOYS, P",1,6,6,0.0
"HE, X",1,6,6,0.0
"FENG, C",1,6,6,0.0
"LUO, ",1,6,6,0.0
"KHALIQ, U",1,6,6,0.0
"REHMAN, FU",1,6,6,0.0
"WONG, T",1,6,6,0.0
"ZHANG, EJ",1,6,6,0.0
"ELHAJJ, AJ",1,6,6,0.0
"RIZZO, DM",1,6,6,0.0
"SEXTON, KA",1,6,6,0.0
"PANDIT, JJ",1,6,6,0.0
"TSAI, MH",1,6,6,0.0
"HILHORST, N",1,6,6,0.0
"DEPREZ, E",1,6,6,0.0
"ROMAN, E",1,6,6,0.0
"BORZEE, J",1,6,6,0.0
"DE BEULE, D",1,6,6,0.0
"DULLAERS, C",1,6,6,0.0
"HOORENS, I",1,6,6,0.0
"ADJOGNON, OL",1,6,6,0.0
"COHEN-BEARAK, A",1,6,6,0.0
"KAITZ, J",1,6,6,0.0
"BOKHOUR, BG",1,6,6,0.0
"CHATELAIN, L",1,6,6,0.0
"MOHR, DC",1,6,6,0.0
"MARTIN, L",1,6,6,0.0
"PATTON, A",1,6,6,0.0
"O DRISCOLL, M",1,6,6,0.0
"MCLOUGHLIN, K",1,6,6,0.0
"HANNON, E",1,6,6,0.0
"DEASY, C",1,6,6,0.0
"KHO, J",1,6,6,0.0
"GILLESPIE, N",1,6,6,0.0
"HORSHAM, C",1,6,6,0.0
"SNOSWELL, C",1,6,6,0.0
"VAGENAS, D",1,6,6,0.0
"SOYER, HP",1,6,6,0.0
"JANDA, M",1,6,6,0.0
"DROLET, C",1,6,6,0.0
"PUMPIAN, RP",1,6,6,0.0
"SHEN, J",1,6,6,0.0
"HANSON, K",1,6,6,0.0
"GUERRA, S",1,6,6,0.0
"LOUIE, PK",1,6,6,0.0
"TZADOK, B",1,6,6,0.0
"BEN TOV, O",1,6,6,0.0
"VAISPAPIR, V",1,6,6,0.0
"SHORNIKOV, L",1,6,6,0.0
"MARIK, O",1,6,6,0.0
"MARTENS, L",1,6,6,0.0
"TAL OR, E",1,6,6,0.0
"CAMPRUBI-ROBLES, M",1,6,6,0.0
"BEAR, D",1,6,6,0.0
"CEDERHOLM, T",1,6,6,0.0
"MALAFARINA, V",1,6,6,0.0
"WELCH, AA",1,6,6,0.0
"CRUZ-JENTOFT, AJ",1,6,6,0.0
"ALKHER, M",1,6,6,0.0
"RADOSEVIC, M",1,6,6,0.0
"BEKER, I",1,6,6,0.0
"CABARKAPA, V",1,6,6,0.0
"TOLJAGA-NIKOLIC, D",1,6,6,0.0
"CARIC, M",1,6,6,0.0
"MORACA, S",1,6,6,0.0
"MERGUERIAN, PA",1,6,6,0.0
"GRADY, R",1,6,6,0.0
"WALDHAUSEN, J",1,6,6,0.0
"LIBBY, A",1,6,6,0.0
"MURPHY, W",1,6,6,0.0
"MELZER, L",1,6,6,0.0
"AVANSINO, J",1,6,6,0.0
"RUSSO, MA",1,6,6,0.0
"GABRIEL, GT",1,6,6,0.0
"CAMPOS, AT",1,6,6,0.0
"MAGACHO, AL",1,6,6,0.0
"SEGISMONDI, LC",1,6,6,0.0
"VILELA, FF",1,6,6,0.0
"DE QUEIROZ, JA",1,6,6,0.0
"MONTEVECHI, JAB",1,6,6,0.0
"FONG, SSM",1,6,6,0.0
"CHAN, JSM",1,6,6,0.0
"BAE, YH",1,6,6,0.0
"YAM, TTT",1,6,6,0.0
"CHUNG, LMY",1,6,6,0.0
"MA, AWW",1,6,6,0.0
"KUISMA, R",1,6,6,0.0
"FORTHUN, SC",1,6,6,0.0
"FARRINGTON, T",1,6,6,0.0
"MCFARLANE, J",1,6,6,0.0
"YAZDANI, A",1,6,6,0.0
"HILBRECHT, M",1,6,6,0.0
"IMBEAU, D",1,6,6,0.0
"BIGELOW, P",1,6,6,0.0
"PATRICK NEUMANN, W",1,6,6,0.0
"PAGELL, M",1,6,6,0.0
"WELLS, R",1,6,6,0.0
"CRUZ-VEGA, F",1,6,6,0.0
"LUNA-GOMEZ, AP",1,6,6,0.0
"GALINDO-MONTOYA, A",1,6,6,0.0
"BERNAL SANCHEZ, DL",1,6,6,0.0
"LORIA-CASTELLANOS, J",1,6,6,0.0
"OCHOA AVILA, C",1,6,6,0.0
"DE OCA GARCIA, EM",1,6,6,0.0
"MESCHI, T",1,6,6,0.0
"TICINESI, A",1,6,6,0.0
"PRATI, B",1,6,6,0.0
"MONTALI, A",1,6,6,0.0
"VENTURA, A",1,6,6,0.0
"NOUVENNE, A",1,6,6,0.0
"BORGHI, L",1,6,6,0.0
"AL-ZAIN, Y",1,6,6,0.0
"AL-FANDI, L",1,6,6,0.0
"ARAFEH, M",1,6,6,0.0
"SALIM, S",1,6,6,0.0
"AL-QURAINI, S",1,6,6,0.0
"AL-YASEEN, A",1,6,6,0.0
"ABU TALEB, D",1,6,6,0.0
"WALTON, S",1,6,6,0.0
"PICHLER, G",1,6,6,0.0
"VICENTE, A",1,6,6,0.0
"SOLAZ, E",1,6,6,0.0
"CALAFORRA, O",1,6,6,0.0
"LURBE, E",1,6,6,0.0
"REDON, J",1,6,6,0.0
"ESPER, GJ",1,6,6,0.0
"SWEENEY, RL",1,6,6,0.0
"WINCHELL, E",1,6,6,0.0
"DUFFELL, JM",1,6,6,0.0
"KIER, SC",1,6,6,0.0
"LUKENS, HW",1,6,6,0.0
"KRUPINSKI, EA",1,6,6,0.0
"SAARELAINEN, J",1,6,6,0.0
"HAKULINEN, M",1,6,6,0.0
"RIKKONEN, T",1,6,6,0.0
"KROGER, H",1,6,6,0.0
"KOIVUMAA-HONKANEN, H",1,6,6,0.0
"HONKANEN, R",1,6,6,0.0
"JURVELIN, JS",1,6,6,0.0
"BAZZOCCHI, A",1,6,6,0.0
"PONTI, F",1,6,6,0.0
"DIANO, D",1,6,6,0.0
"AMADORI, M",1,6,6,0.0
"ALBISINNI, U",1,6,6,0.0
"BATTISTA, G",1,6,6,0.0
"GUGLIELMI, G",1,6,6,0.0
"GHOSH, D",1,6,6,0.0
"PENG, J",1,6,6,0.0
"BROWN, K",1,6,6,0.0
"SIRSI, S",1,6,6,0.0
"MINEO, C",1,6,6,0.0
"SHAUL, PW",1,6,6,0.0
"HOYT, K",1,6,6,0.0
"BELLANDI, L",1,6,6,0.0
"MOI, S",1,6,6,0.0
"BIANDOLINO, P",1,6,6,0.0
"DEARANI, JA",1,6,6,0.0
"ROSENGART, TK",1,6,6,0.0
"MARSHALL, MB",1,6,6,0.0
"MACK, MJ",1,6,6,0.0
"JONES, DR",1,6,6,0.0
"PRAGER, RL",1,6,6,0.0
"CERFOLIO, RJ",1,6,6,0.0
"VERBANO, C",14,5,24,0.0
"JOBIN, MH",6,5,9,1e-05
"NARAYANAMURTHY, G",5,5,10,1e-05
"WILLIAMS, SJ",4,5,7,5e-05
"BARNABE, F",4,5,11,0.0
"BATEMAN, N",3,5,7,5e-05
"REIS, LP",3,5,7,0.0
"FERNANDES, JM",3,5,7,0.0
"DINIS-CARVALHO, J",3,5,9,0.0
"REIJULA, K",3,5,8,0.0
"COSTA, LBM",2,5,5,0.0
"CUNHA, PG",2,5,8,0.0
"GORETTI, G",2,5,7,0.0
"MERONI, P",2,5,7,0.0
"FERNANDES, LT",2,5,8,0.0
"DANESE, P",2,5,7,0.0
"ROMANO, P",2,5,7,0.0
"MEDINA SUNI, HA",2,5,7,0.0
"REZUSTA, A",2,5,6,0.0
"ACERO, R",2,5,6,0.0
"GUIMARAES, LA",2,5,6,0.0
"VACCARO, GLR",2,5,5,8e-05
"VASILEIOU, A",2,5,6,0.0
"TSEKOUROPOULOS, G",2,5,6,0.0
"ROBINS, RDL",2,5,9,0.0
"PUNNIAKOTI, S",2,5,9,0.0
"HARAN, H",2,5,9,0.0
"JAMES, S",2,5,9,0.0
"HIRVELA, I",2,5,8,0.0
"JAVANAINEN, M",2,5,8,0.0
"PORTIOLI-STAUDACHER, A",2,5,6,0.0
"SANTOS, ACSG",2,5,9,0.0
"SOUZA, CG",2,5,9,0.0
"SANTOS, IL",2,5,9,0.0
"FERREIRA, LAF",2,5,9,0.0
"FERNANDES, HMLG",2,5,6,0.0
"GUIRARDELLO, EB",2,5,6,0.0
"JASPERS, M",2,5,5,0.0
"MACKENZIE, E",2,5,5,0.0
"SHARMA, A",2,5,5,0.0
"CARDENAS-BARRON, LE",2,5,6,0.0
"GARCIA-REYES, H",2,5,6,0.0
"DE CASTRO, R",2,5,5,0.0
"CARR, M",2,5,5,0.0
"NORONHA, A",2,5,8,0.0
"WACKERBARTH, SB",2,5,5,0.0
"ROMANO, E",2,5,5,0.0
"BROWN, M",2,5,5,0.0
"GAYER, BD",2,5,7,0.0
"WACHS, P",2,5,7,0.0
"GAULD, R",2,5,5,0.0
"SAMARANAYAKE, P",2,5,5,0.0
"HOLLAND, JA",2,5,5,0.0
"WATSON, P",2,5,9,0.0
"CARMICHAEL, S",2,5,9,0.0
"PENELL, JC",2,5,9,0.0
"MORGAN, DM",2,5,9,0.0
"LINDSKOG, P",2,5,5,0.0
"POOYA, P",2,5,9,0.0
"CHADWICK, J",2,5,9,0.0
"BORGES, GA",2,5,6,0.0
"BAMFORD, D",2,5,6,0.0
"DEHE, B",2,5,6,0.0
"VIEIRA, LCN",1,5,5,0.0
"JUVENTINO, GKS",1,5,5,0.0
"PIMENTEL, CA",1,5,5,0.0
"MENEZES, MO",1,5,5,0.0
"SILVA, MFSB",1,5,5,0.0
"SANTOS, BJ",1,5,5,0.0
"HOSSAIN, ME",1,5,5,0.0
"MASUD, AA",1,5,5,0.0
"AHMED, E",1,5,5,0.0
"BASHIR, M",1,5,5,0.0
"YIN, Y",1,5,5,0.0
"KE, S",1,5,5,0.0
"XUE, Q",1,5,5,0.0
"SUN, W",1,5,5,0.0
"CARDENAS, VAM",1,5,5,0.0
"CASTRO, GR",1,5,5,0.0
"SANCHEZ, AG",1,5,5,0.0
"ROMERO, OK",1,5,5,0.0
"SOSA, HL",1,5,5,0.0
"LAVIN, WLT",1,5,5,0.0
"ALBALAWI, M",1,5,5,0.0
"MAHMUD, A",1,5,5,0.0
"MANAF, RA",1,5,5,0.0
"MOHD NAZAN, AIN",1,5,5,0.0
"ALJOHANI, A",1,5,5,0.0
"MOHAMAD, A",1,5,5,0.0
"HE, Y",1,5,5,0.0
"BAI, W",1,5,5,0.0
"YE, Y",1,5,5,0.0
"GUO, W",1,5,5,0.0
"ZOU, X",1,5,5,0.0
"SETARO, J",1,5,5,0.0
"REE, E",1,5,5,0.0
"JOHRDEN, J",1,5,5,0.0
"JULIAN, A",1,5,5,0.0
"CRUSE, N",1,5,5,0.0
"AGOSTINO, J",1,5,5,0.0
"HUANG, WJ",1,5,5,0.0
"ZHANG, MW",1,5,5,0.0
"LI, BY",1,5,5,0.0
"WANG, XH",1,5,5,0.0
"ZHANG, CH",1,5,5,0.0
"YU, JG",1,5,5,0.0
"BORG, J",1,5,5,0.0
"PARIONA-CABRERA, P",1,5,5,0.0
"JABBOUR, J",1,5,5,0.0
"SOLIS, AO",1,5,5,0.0
"YAACOUB, C",1,5,5,0.0
"NAMAKI ARAGHI, S",1,5,5,0.0
"ISMAEL, OA",1,5,5,0.0
"IBRAHIM, ZK",1,5,5,0.0
"ABDULMUHSIN, AA",1,5,5,0.0
"KHAN, ST",1,5,5,0.0
"REHMAN, SU",1,5,5,0.0
"ALKHWALDI, AF",1,5,5,0.0
"JARDIM, EGM",1,5,5,0.0
"MARUJO, LG",1,5,5,0.0
"LIZARELLI, FL",1,5,5,0.0
"WANG, M",1,5,5,0.0
"XIN, L",1,5,5,0.0
"ZHU, Z",1,5,5,0.0
"WU, T",1,5,5,0.0
"CHEN, H",1,5,5,0.0
"HAN, T",1,5,5,0.0
"JAISWAL, A",1,5,5,0.0
"MANISHBHAI, SD",1,5,5,0.0
"GUPTA, SS",1,5,5,0.0
"DEWANGAN, A",1,5,5,0.0
"KHOSHROO, S",1,5,5,0.0
"OMIDVAR, S",1,5,5,0.0
"GHADIMI, R",1,5,5,0.0
"HOSEINI, SR",1,5,5,0.0
"BIJANI, A",1,5,5,0.0
"PASHA, H",1,5,5,0.0
"SANTA, R",1,5,5,0.0
"FERRER, M",1,5,5,0.0
"CALVO, E",1,5,5,0.0
"PINZON, E",1,5,5,0.0
"CARDONA, D",1,5,5,0.0
"PICO, S",1,5,5,0.0
"PASTOR-PUIGDOMENECH, A",1,5,5,0.0
"SANCHEZ, M",1,5,5,0.0
"FONT-CABRERA, C",1,5,5,0.0
"FABRELLAS, N",1,5,5,0.0
"BENITO-ARACIL, L",1,5,5,0.0
"GUIX-COMELLAS, EM",1,5,5,0.0
"KESTENBERG, S",1,5,5,0.0
"PATEL, RH",1,5,5,0.0
"TAN, AO",1,5,5,0.0
"DE GRAEVE, DC",1,5,5,0.0
"DHAR, A",1,5,5,0.0
"DUS, T",1,5,5,0.0
"TSANG, JH",1,5,5,0.0
"POON, ETC",1,5,5,0.0
"TREXLER, ET",1,5,5,0.0
"WONG, SHS",1,5,5,0.0
"ZHENG, C",1,5,5,0.0
"SUN, F",1,5,5,0.0
"JOON, V",1,5,5,0.0
"YEE, LK",1,5,5,0.0
"BINTI INDERA PUTERA, KAS",1,5,5,0.0
"BINTI LIBASIN, Z",1,5,5,0.0
"RENU BINTI ABDULLAH, NN",1,5,5,0.0
"BINTI SAMAN, IS",1,5,5,0.0
"DAI, XW",1,5,5,0.0
"FAN, XM",1,5,5,0.0
"YU, Y",1,5,5,0.0
"YU, M",1,5,5,0.0
"LI, TT",1,5,5,0.0
"YU, K",1,5,5,0.0
"ATWOOD, BI",1,5,5,0.0
"EADDY, M",1,5,5,0.0
"DOWNEY, A",1,5,5,0.0
"EBERHARDT, GL",1,5,5,0.0
"SMITH, JD",1,5,5,0.0
"ROMITO, K",1,5,5,0.0
"PADWAL, J",1,5,5,0.0
"HANLY, A",1,5,5,0.0
"LENCHIK, L",1,5,5,0.0
"GYFTOPOULOS, S",1,5,5,0.0
"BOUTIN, RD",1,5,5,0.0
"ALTAF, S",1,5,5,0.0
"MALMIR, K",1,5,5,0.0
"MIR, SM",1,5,5,0.0
"OLYAEI, GR",1,5,5,0.0
"AFTAB, A",1,5,5,0.0
"RAJPUT, TA",1,5,5,0.0
"SHAO, C",1,5,5,0.0
"CAO, B",1,5,5,0.0
"YUAN, X",1,5,5,0.0
"ZHAO, M",1,5,5,0.0
"LAMSA, R",1,5,5,0.0
"NISKANEN, V",1,5,5,0.0
"PORTIOLI STAUDACHER, A",1,5,5,0.0
"TRIANNI, A",1,5,5,0.0
"HUI, F",1,5,5,0.0
"HAFEEZ, B",1,5,5,0.0
"FATIMA, D",1,5,5,0.0
"QAMAR, M",1,5,5,0.0
"QAZI, SA",1,5,5,0.0
"SIDDIQUI, MAR",1,5,5,0.0
"PHANDEN, RK",1,5,5,0.0
"KHANDUJA, D",1,5,5,0.0
"GIRARDI, EOL",1,5,5,0.0
"SAGAWA, Y",1,5,5,0.0
"SOARES, AV",1,5,5,0.0
"MURARO, CF",1,5,5,0.0
"GITIRANA GOMES FERREIRA, M",1,5,5,0.0
"DOMENECH, SC",1,5,5,0.0
"BUENO, X",1,5,5,0.0
"MENA-MELENDEZ, L",1,5,5,0.0
"CRAWFORD, BL",1,5,5,0.0
"TURNER, RC",1,5,5,0.0
"LO, WJ",1,5,5,0.0
"JOZKOWSKI, KN",1,5,5,0.0
"WOCHNA, K",1,5,5,0.0
"STEMPLEWSKI, R",1,5,5,0.0
"LESZCZYNSKI, P",1,5,5,0.0
"DOMASZEWSKA, K",1,5,5,0.0
"HUTA-OSIECKA, A",1,5,5,0.0
"NOWAK, A",1,5,5,0.0
"MOHIUDDIN, M",1,5,5,0.0
"PARAMAN, P",1,5,5,0.0
"QVARFORDT, M",1,5,5,0.0
"LAMPA, E",1,5,5,0.0
"CAI, GH",1,5,5,0.0
"LIND, L",1,5,5,0.0
"ELMSTAHL, S",1,5,5,0.0
"SVARTENGREN, M",1,5,5,0.0
"NEGRINI, R",1,5,5,0.0
"APPEL, LC",1,5,5,0.0
"BECK, APA",1,5,5,0.0
"EISENCRAFT, ACG",1,5,5,0.0
"FASCINA, LP",1,5,5,0.0
"FERNANDES, FP",1,5,5,0.0
"SENNA, P",1,5,5,0.0
"STEGINK, C",1,5,5,0.0
"CAMPBELL, J",1,5,5,0.0
"REEVES, S",1,5,5,0.0
"ALESAWY, N",1,5,5,0.0
"WILLIAMS, J",1,5,5,0.0
"REDDY, RM",1,5,5,0.0
"CHAKERA, A",1,5,5,0.0
"HARRISON, S",1,5,5,0.0
"MITCHELL, J",1,5,5,0.0
"OLIVER, C",1,5,5,0.0
"RALPH, M",1,5,5,0.0
"SHELTON, C",1,5,5,0.0
"WEINTRAUB, MJ",1,5,5,0.0
"GUPTA, A",1,5,5,0.0
"KAUSHAL, NK",1,5,5,0.0
"MCINTOSH, AL",1,5,5,0.0
"HASLEY, BP",1,5,5,0.0
"SARDAR, ZM",1,5,5,0.0
"ALABDULAALI, MK",1,5,5,0.0
"ALSAGHEIR, AI",1,5,5,0.0
"ALAM, AY",1,5,5,0.0
"ALZUBAIDI, LM",1,5,5,0.0
"ALDAHMASHI, AS",1,5,5,0.0
"AKSHAN ALSUBAIE, NH",1,5,5,0.0
"AL-MOMANI, HA",1,5,5,0.0
"ALKHALAILAH, A",1,5,5,0.0
"AL-MEANAZEL, OT",1,5,5,0.0
"OBAIDAT, MH",1,5,5,0.0
"ALMOMANI, AH",1,5,5,0.0
"ALMOMANI, MH",1,5,5,0.0
"PURANDA, JL",1,5,5,0.0
"EDWARDS, CM",1,5,5,0.0
"WEBER, VMR",1,5,5,0.0
"ABOUDLAL, M",1,5,5,0.0
"SEMENIUK, K",1,5,5,0.0
"ADAMO, KB",1,5,5,0.0
"EDGEMAN, R",1,5,5,0.0
"CUDNEY, B",1,5,5,0.0
"EGAN, P",1,5,5,0.0
"PIERCE, A",1,5,5,0.0
"FLYNN, A",1,5,5,0.0
"AUNGER, JA",1,5,5,0.0
"MILLAR, R",1,5,5,0.0
"GREENHALGH, J",1,5,5,0.0
"MANNION, R",1,5,5,0.0
"RAFFERTY, AM",1,5,5,0.0
"MCLEOD, H",1,5,5,0.0
"KATS, S",1,5,5,0.0
"MAESSEN, J",1,5,5,0.0
"MA’ARAM, A",1,5,5,0.0
"SIRAT, RM",1,5,5,0.0
"TAIB, MFM",1,5,5,0.0
"ISMAIL, A",1,5,5,0.0
"ROEY, T",1,5,5,0.0
"ZHONG, A",1,5,5,0.0
"MACLEOD, A",1,5,5,0.0
"CAMPBELL, F",1,5,5,0.0
"MACRAE, D",1,5,5,0.0
"GRAY, E",1,5,5,0.0
"MILLER, L",1,5,5,0.0
"BEATTIE, M",1,5,5,0.0
"KYRIAKOPOULOS, G",1,5,5,0.0
"NTANOS, S",1,5,5,0.0
"ANAGNOSTOPOULOS, T",1,5,5,0.0
"TSOTSOLAS, N",1,5,5,0.0
"SALMON, I",1,5,5,0.0
"NTALIANIS, K",1,5,5,0.0
"CHESTERFIELD, A",1,5,5,0.0
"HARVEY, J",1,5,5,0.0
"HENDRIE, C",1,5,5,0.0
"WILKINSON, S",1,5,5,0.0
"JUAN, NVS",1,5,5,0.0
"BELL, V",1,5,5,0.0
"CHMIELEWSKA, MG",1,5,5,0.0
"LOTEK-WACKOWSKA, R",1,5,5,0.0
"TYTKO, Z",1,5,5,0.0
"DZIOK-DMOWSKA, K",1,5,5,0.0
"PEARSON, A",1,5,5,0.0
"GLASSBROOK, D",1,5,5,0.0
"SLATER, G",1,5,5,0.0
"DODD-REYNOLDS, C",1,5,5,0.0
"MOFFATT, S",1,5,5,0.0
"GARRY, C",1,5,5,0.0
"MCCANN, H",1,5,5,0.0
"LIAO, EN",1,5,5,0.0
"CHEHAB, LZ",1,5,5,0.0
"NEVILLE, K",1,5,5,0.0
"LIAO, J",1,5,5,0.0
"SAMMANN, A",1,5,5,0.0
"O’MAHONY, L",1,5,5,0.0
"MCCARTHY, K",1,5,5,0.0
"O’DONOGHUE, J",1,5,5,0.0
"PRINGLE, W",1,5,5,0.0
"SACHAL, SS",1,5,5,0.0
"DHUTT, GS",1,5,5,0.0
"KESTLER, M",1,5,5,0.0
"DUBE, E",1,5,5,0.0
"BETTINGER, JA",1,5,5,0.0
"TRUNFIO, TA",1,5,5,0.0
"COSTANTINO, A",1,5,5,0.0
"NARDELLA, D",1,5,5,0.0
"ONG, KY",1,5,5,0.0
"KANAPATHY, K",1,5,5,0.0
"BHUIYAN, MA",1,5,5,0.0
"GOMEZ-SANCHEZ, S",1,5,5,0.0
"PLAZA-MANZANO, G",1,5,5,0.0
"HEI, H",1,5,5,0.0
"PLARAS, M",1,5,5,0.0
"PAUL, E",1,5,5,0.0
"SATCHELL, L",1,5,5,0.0
"BEZPALKO, O",1,5,5,0.0
"HANDY, L",1,5,5,0.0
"DURAN, I",1,5,5,0.0
"MARTAKIS, K",1,5,5,0.0
"REHBERG, M",1,5,5,0.0
"STARK, C",1,5,5,0.0
"SCHAFMEYER, L",1,5,5,0.0
"SCHONAU, E",1,5,5,0.0
"ROMANO, M",1,5,5,0.0
"SANTOS, BP",1,5,5,0.0
"ENRIQUE, DV",1,5,5,0.0
"MACIEL, VBP",1,5,5,0.0
"LIMA, TM",1,5,5,0.0
"CHARRUA-SANTOS, F",1,5,5,0.0
"WALCZAK, R",1,5,5,0.0
"CHURILOV, I",1,5,5,0.0
"CHURILOV, L",1,5,5,0.0
"BROCK, K",1,5,5,0.0
"MURPHY, D",1,5,5,0.0
"MACISAAC, RJ",1,5,5,0.0
"EKINCI, EI",1,5,5,0.0
"KAWAGUCHI, T",1,5,5,0.0
"TSUTSUMI, T",1,5,5,0.0
"NAKANO, D",1,5,5,0.0
"ESLAM, M",1,5,5,0.0
"GEORGE, J",1,5,5,0.0
"TORIMURA, T",1,5,5,0.0
"IBRAHIM, I",1,5,5,0.0
"YASSINE, OG",1,5,5,0.0
"ZAKI, A",1,5,5,0.0
"ELAMIR, H",1,5,5,0.0
"SHAHIN, M",1,5,5,0.0
"CHEN, FF",1,5,5,0.0
"HOSSEINZADEH, A",1,5,5,0.0
"KHODADADI KOODIANI, H",1,5,5,0.0
"SHAHIN, A",1,5,5,0.0
"ALI NAFI, O",1,5,5,0.0
"AL KHADER, W",1,5,5,0.0
"SALAH, K",1,5,5,0.0
"WACKERS, E",1,5,5,0.0
"STADHOUDERS, N",1,5,5,0.0
"HEIL, A",1,5,5,0.0
"WESTERT, G",1,5,5,0.0
"VAN DULMEN, S",1,5,5,0.0
"JEURISSEN, P",1,5,5,0.0
"LAUREANI, A",1,5,5,0.0
"PERSIS, DJ",1,5,5,0.0
"ANJALI, S",1,5,5,0.0
"REJIKUMAR, G",1,5,5,0.0
"SREEDHARAN, VR",1,5,5,0.0
"SAIKOUK, T",1,5,5,0.0
"DOMINGUEZ-ALFARO, D",1,5,5,0.0
"MENDOZA-MUNOZ, I",1,5,5,0.0
"MONTOYA-REYES, MI",1,5,5,0.0
"NAVARRO-GONZALEZ, CR",1,5,5,0.0
"CRUZ-SOTELO, S",1,5,5,0.0
"VARGAS-BERNAL, OY",1,5,5,0.0
"MAFLA-ESPANA, MA",1,5,5,0.0
"TORREGROSA, MD",1,5,5,0.0
"BEAMUD-CORTES, M",1,5,5,0.0
"BERMELL-MARCO, L",1,5,5,0.0
"RUBIO-BRIONES, J",1,5,5,0.0
"CAULI, O",1,5,5,0.0
"LANCASTLE, J",1,5,5,0.0
"HILVERDA, JJ",1,5,5,0.0
"SMAILHODZIC, E",1,5,5,0.0
"HAGE, E",1,5,5,0.0
"FAKHA, A",1,5,5,0.0
"WOOD, BC",1,5,5,0.0
"KONCHAN, S",1,5,5,0.0
"GAY, S",1,5,5,0.0
"RATH, S",1,5,5,0.0
"DESHPANDE, V",1,5,5,0.0
"KNOWLES, M",1,5,5,0.0
"PELLINI, F",1,5,5,0.0
"DI FILIPPO, G",1,5,5,0.0
"MIRANDOLA, S",1,5,5,0.0
"DEGUIDI, G",1,5,5,0.0
"FILIPPI, E",1,5,5,0.0
"POLLINI, GP",1,5,5,0.0
"HOSSAIN, NUI",1,5,5,0.0
"FAZIO, SA",1,5,5,0.0
"LAWRENCE, JM",1,5,5,0.0
"SANTIBANEZ GONZALEZ, ED",1,5,5,0.0
"JARADAT, R",1,5,5,0.0
"ALVARADO, MS",1,5,5,0.0
"SMYTH, SS",1,5,5,0.0
"CLOUSER, JM",1,5,5,0.0
"MCMULLEN, CA",1,5,5,0.0
"GUPTA, V",1,5,5,0.0
"WILLIAMS, MV",1,5,5,0.0
"SCHMUHL, NB",1,5,5,0.0
"BROW, KA",1,5,5,0.0
"WISE, M",1,5,5,0.0
"MYERS, S",1,5,5,0.0
"MAHONEY, J",1,5,5,0.0
"BROWN, HW",1,5,5,0.0
"ADAMCZYK, AP",1,5,5,0.0
"KIM, PR",1,5,5,0.0
"HORTON, I",1,5,5,0.0
"GOFTON, W",1,5,5,0.0
"BEAULE, P",1,5,5,0.0
"GRAMMATOPOULOS, G",1,5,5,0.0
"WIYANAD, A",1,5,5,0.0
"SIRIYAKUL, C",1,5,5,0.0
"KOSURA, N",1,5,5,0.0
"AMATACHAYA, P",1,5,5,0.0
"VASQUEZ, T",1,5,5,0.0
"AFRIN, S",1,5,5,0.0
"EL SABAH, M",1,5,5,0.0
"MANZOOR, A",1,5,5,0.0
"MIYASHITA-ISHIWATA, M",1,5,5,0.0
"RESCHKE, L",1,5,5,0.0
"BORAHAY, MA",1,5,5,0.0
"CHAWLA, K",1,5,5,0.0
"FURLONG, R",1,5,5,0.0
"KAMO, N",1,5,5,0.0
"GERBINO, I",1,5,5,0.0
"SMITH, D",1,5,5,0.0
"RAO, PK",1,5,5,0.0
"CUNNINGHAM, AJ",1,5,5,0.0
"KENRON, D",1,5,5,0.0
"MSHELBWALA, P",1,5,5,0.0
"AMEH, EA",1,5,5,0.0
"KRISHNASWAMI, S",1,5,5,0.0
"BUENO, WP",1,5,5,0.0
"GHINATO, P",1,5,5,0.0
"GERRY, S",1,5,5,0.0
"WONG, AMF",1,5,5,0.0
"DURING, D",1,5,5,0.0
"HARTMAN, M",1,5,5,0.0
"LAPPAN-GRACON, S",1,5,5,0.0
"HICKS, M",1,5,5,0.0
"BAJWA, S",1,5,5,0.0
"KUTZ, TL",1,5,5,0.0
"ROSZHART, JM",1,5,5,0.0
"HALE, M",1,5,5,0.0
"DOLAN, V",1,5,5,0.0
"SUCHOMSKI, G",1,5,5,0.0
"GARCIA, M",1,5,5,0.0
"REIS ESTEVES, R",1,5,5,0.0
"SORENSEN, L",1,5,5,0.0
"IDEMOTO, L",1,5,5,0.0
"STREIFEL, J",1,5,5,0.0
"MECKLENBURG, R",1,5,5,0.0
"RYAN, P",1,5,5,0.0
"MCGRATH, C",1,5,5,0.0
"LAWRIE, I",1,5,5,0.0
"FITZSIMONS, C",1,5,5,0.0
"O'SHEA, J",1,5,5,0.0
"DE BRUN, J",1,5,5,0.0
"LIU, JJ",1,5,5,0.0
"RASKIN, JS",1,5,5,0.0
"HARDAWAY, F",1,5,5,0.0
"HOLSTE, K",1,5,5,0.0
"RASLAN, AM",1,5,5,0.0
"GOATES, S",1,5,5,0.0
"DU, K",1,5,5,0.0
"ARENSBERG, MB",1,5,5,0.0
"GAILLARD, T",1,5,5,0.0
"GURALNIK, J",1,5,5,0.0
"PEREIRA, SL",1,5,5,0.0
"ANKRUM, AL",1,5,5,0.0
"MORCKEL, MA",1,5,5,0.0
"WILHITE, AW",1,5,5,0.0
"LI, Z",1,5,5,0.0
"SCHAFFZIN, JK",1,5,5,0.0
"TAGLIENTE, I",1,5,5,0.0
"SOLVOLL, T",1,5,5,0.0
"TRIESTE, L",1,5,5,0.0
"DE CECCO, CN",1,5,5,0.0
"MURGIA, F",1,5,5,0.0
"BELLA, S",1,5,5,0.0
"BORTOLOTTI, T",1,5,5,0.0
"BOSCARI, S",1,5,5,0.0
"RICH, N",1,5,5,0.0
"SAMPALLI, T",1,5,5,0.0
"DESY, M",1,5,5,0.0
"DHIR, M",1,5,5,0.0
"EDWARDS, L",1,5,5,0.0
"DICKSON, R",1,5,5,0.0
"BLACKMORE, G",1,5,5,0.0
"THORNLEY, I",1,5,5,0.0
"HYND, J",1,5,5,0.0
"STEIN, S",1,5,5,0.0
"BUTTERWORTH, M",1,5,5,0.0
"AMOS, A",1,5,5,0.0
"CISSOKHO, A",1,5,5,0.0
"TSURU, A",1,5,5,0.0
"BALLARDIE, R",1,5,5,0.0
"GOUGH, R",1,5,5,0.0
"BECHIRI, L",1,5,5,0.0
"KADI, H",1,5,5,0.0
"BOULDJADJ, I",1,5,5,0.0
"ELOKKI, EHM",1,5,5,0.0
"DAHLIZ, I",1,5,5,0.0
"DAHEL, CC",1,5,5,0.0
"KNAPP, KM",1,5,5,0.0
"WELSMAN, JR",1,5,5,0.0
"HOPKINS, SJ",1,5,5,0.0
"SHALLCROSS, A",1,5,5,0.0
"FOGELMAN, I",1,5,5,0.0
"BLAKE, GM",1,5,5,0.0
"SHAZALI, NA",1,5,5,0.0
"SALLEH, MI",1,5,5,0.0
"ZAINOL, Z",1,5,5,0.0
"HUDIN, NS",1,5,5,0.0
"MUSTAFFA, WSW",1,5,5,0.0
"RAMASWAMY, R",1,5,5,0.0
"ROTHSCHILD, C",1,5,5,0.0
"ALABI, F",1,5,5,0.0
"WACHIRA, E",1,5,5,0.0
"MUIGAI, F",1,5,5,0.0
"PEARSON, N",1,5,5,0.0
"LOCCI, B",1,5,5,0.0
"TURI, BC",1,5,5,0.0
"ARAUJO, LGM",1,5,5,0.0
"FERNANDES, RA",1,5,5,0.0
"CODOGNO, JS",1,5,5,0.0
"MONTEIRO, HL",1,5,5,0.0
"LUM, B",1,5,5,0.0
"PNG, HM",1,5,5,0.0
"YAP, HL",1,5,5,0.0
"SUN, B",1,5,5,0.0
"LAW, YH",1,5,5,0.0
"MATIS, T",1,5,5,0.0
"BELTRAN-GODOY, JH",1,5,5,0.0
"GARAY-RONDERO, CL",1,5,5,0.0
"VICENCIO-ORTIZ, JC",1,5,5,0.0
"LOPEZ-SOTO, D",1,5,5,0.0
"CREMA, M",11,4,15,0.0
"DREI, SM",5,4,7,0.0
"SURESH, M",5,4,6,8e-05
"TISO, A",5,4,14,0.0
"PRAJAPATI, DR",5,4,7,0.0
"REGIS, TKO",4,4,10,0.0
"GOHR, CF",4,4,10,0.0
"SANTOS, LC",4,4,10,0.0
"POZZAN, C",4,4,12,0.0
"GARCIA-SABATER, JJ",4,4,8,0.0
"LINDSAY, CF",3,4,5,3e-05
"SAMANTA, AK",3,4,7,1e-05
"VARAPRASAD, G",3,4,7,1e-05
"CLAYTON, R",3,4,4,0.0
"MCFADDEN, KL",3,4,5,0.0
"HUSSAIN, M",3,4,5,0.0
"ESEONU, CI",3,4,5,0.0
"GIORGINO, MC",3,4,9,0.0
"KALTENBRUNNER, M",3,4,10,0.0
"MATHIASSEN, SE",3,4,10,0.0
"BENGTSSON, L",3,4,10,0.0
"ENGSTROM, M",3,4,10,0.0
"KOC, Z",2,4,4,0.0
"AL-ZUHERI, A",2,4,5,0.0
"AMER, Y",2,4,5,0.0
"SALLAM, M",2,4,4,0.0
"GUPTA, H",2,4,6,1e-05
"RANA, S",2,4,6,1e-05
"SINGH, SP",2,4,4,0.0
"THOMAS, A",2,4,4,0.0001
"SALINAS-NAVARRO, DE",2,4,5,0.0
"MONTESINOS, L",2,4,5,0.0
"SARKIS, J",2,4,4,0.0
"CIASULLO, MV",2,4,5,0.0
"NICKERSON, BS",2,4,4,0.0
"KUMAR, R",2,4,4,0.0
"VALLADARES, L",2,4,6,0.0
"RYBARCZYK-SZWAJKOWSKA, A",2,4,8,0.0
"AKMAL, A",2,4,6,0.0
"FOOTE, J",2,4,6,0.0
"GREATBANKS, R",2,4,6,0.0
"MATT, DT",2,4,4,0.0
"LI, LM",2,4,4,0.0
"MOORE, S",2,4,4,0.0
"BERTANI, TM",1,4,4,0.0
"MARDEGAN, R",1,4,4,0.0
"BORONAT, F",1,4,4,0.0
"BUDIA, A",1,4,4,0.0
"BROSETA, ",1,4,4,0.0
"RUIZ-CERDA, JL",1,4,4,0.0
"VIVAS-CONSUELO, D",1,4,4,0.0
"SIQUEIRA, CL",1,4,4,0.0
"SIQUEIRA, FF",1,4,4,0.0
"LOPES, GC",1,4,4,0.0
"GONCALVES, MC",1,4,4,0.0
"TAVARES, RSCR",1,4,4,0.0
"YUKITA, F",1,4,4,0.0
"GERALDINI, FLF",1,4,4,0.0
"FRANCO, BC",1,4,4,0.0
"JR, JM",1,4,4,0.0
"BRITO, TC",1,4,4,0.0
"SARMENTO, MC",1,4,4,0.0
"KELLNER, HA",1,4,4,0.0
"VAN ELDIK, N",1,4,4,0.0
"HUNEN, P",1,4,4,0.0
"SPREEUWENBERG, M",1,4,4,0.0
"SUN, X",1,4,4,0.0
"ZHU, J",1,4,4,0.0
"SULEIMAN, BA",1,4,4,0.0
"SHALMASHI, P",1,4,4,0.0
"WON, D",1,4,4,0.0
"WEST, C",1,4,4,0.0
"GHALI, H",1,4,4,0.0
"PEREIRA, J",1,4,4,0.0
"ANJUM, MA",1,4,4,0.0
"RAMZAN, DS",1,4,4,0.0
"BUDIONO, A",1,4,4,0.0
"GULYAMOV, SS",1,4,4,0.0
"NUGROHO, HSW",1,4,4,0.0
"MUSTAFFA, A",1,4,4,0.0
"NAUGHTON, E",1,4,4,0.0
"MORAN, R",1,4,4,0.0
"LISOWSKA, A",1,4,4,0.0
"KLESZCZYNSKI, J",1,4,4,0.0
"WILCZEK, A",1,4,4,0.0
"WOLF, G",1,4,4,0.0
"HOLECKI, T",1,4,4,0.0
"ZHONG, L",1,4,4,0.0
"XIONG, S",1,4,4,0.0
"MIN, S",1,4,4,0.0
"GONG, N",1,4,4,0.0
"ILARDO, C",1,4,4,0.0
"LAMARTI, C",1,4,4,0.0
"AL MUHANNA, B",1,4,4,0.0
"BASTELICA, M",1,4,4,0.0
"BENAILY, N",1,4,4,0.0
"ZHANG, W",1,4,4,0.0
"CHENG, W",1,4,4,0.0
"HUANG, Z",1,4,4,0.0
"LIN, H",1,4,4,0.0
"BRUTUS, NN",1,4,4,0.0
"PEARCE, J",1,4,4,0.0
"RAGNO, L",1,4,4,0.0
"EHRLICH, L",1,4,4,0.0
"BORTNICK, EM",1,4,4,0.0
"WRAAE, CAD",1,4,4,0.0
"OPSTRUP, N",1,4,4,0.0
"KYVIK, KO",1,4,4,0.0
"BRIXEN, K",1,4,4,0.0
"WIEN, C",1,4,4,0.0
"RAHMANI, F",1,4,4,0.0
"GALANKASHI, MR",1,4,4,0.0
"RAHMANI, A",1,4,4,0.0
"AMIRI, AB",1,4,4,0.0
"IMANI, DM",1,4,4,0.0
"BURT, LA",1,4,4,0.0
"POND, LT",1,4,4,0.0
"BUGBIRD, AR",1,4,4,0.0
"HANLEY, DA",1,4,4,0.0
"BOYD, SK",1,4,4,0.0
"IRONSIDE-SMITH, R",1,4,4,0.0
"NOE, B",1,4,4,0.0
"ALLEN, SM",1,4,4,0.0
"COSTELLO, S",1,4,4,0.0
"TURNER, LD",1,4,4,0.0
"AMRANI, AZ",1,4,4,0.0
"GAREL, B",1,4,4,0.0
"KISTAN, J",1,4,4,0.0
"WING, J",1,4,4,0.0
"TSHABALALA, K",1,4,4,0.0
"VAN HOUGENHOUCK-TULLEKEN, W",1,4,4,0.0
"BASU, D",1,4,4,0.0
"SPECIALE, R",1,4,4,0.0
"LAURIA, M",1,4,4,0.0
"FAYYAZ, A",1,4,4,0.0
"RAMZAN, S",1,4,4,0.0
"KILIC, Y",1,4,4,0.0
"DUZDAR, I",1,4,4,0.0
"HAMLAOUI, O",1,4,4,0.0
"TOZAN, H",1,4,4,0.0
"EL FQIH, MA",1,4,4,0.0
"FUJII, H",1,4,4,0.0
"YAMADA, Y",1,4,4,0.0
"IIHARA, H",1,4,4,0.0
"KOBAYASHI, R",1,4,4,0.0
"SUZUKI, A",1,4,4,0.0
"CHUN, E",1,4,4,0.0
"CRETE, A",1,4,4,0.0
"JOSEPH, R",1,4,4,0.0
"POJEDNIC, R",1,4,4,0.0
"TORRALBA, M",1,4,4,0.0
"VALVERDE, ED",1,4,4,0.0
"ROC, L",1,4,4,0.0
"CEGŁOWSKA, U",1,4,4,0.0
"ZAWADA, A",1,4,4,0.0
"ZIELINSKA, M",1,4,4,0.0
"ROMANO, V",1,4,4,0.0
"INTRA, J",1,4,4,0.0
"NOVATI, N",1,4,4,0.0
"BASTA, F",1,4,4,0.0
"CASATI, M",1,4,4,0.0
"ZARATE, RMG",1,4,4,0.0
"ZARATE, VLG",1,4,4,0.0
"CACERES, SSA",1,4,4,0.0
"DIAZ, SS",1,4,4,0.0
"MENDEZ-VERGARAY, J",1,4,4,0.0
"SHEYKHIZADEH, M",1,4,4,0.0
"GHASEMI, R",1,4,4,0.0
"VANDCHALI, HR",1,4,4,0.0
"SEPEHRI, A",1,4,4,0.0
"TORABI, SA",1,4,4,0.0
"PAI, V",1,4,4,0.0
"THENARASU, M",1,4,4,0.0
"KRISHNASWAMY, R",1,4,4,0.0
"SESHADRI, NM",1,4,4,0.0
"GIOIELLO, G",1,4,4,0.0
"BOURKE, C",1,4,4,0.0
"MULLANIFF, A",1,4,4,0.0
"TANG, B",1,4,4,0.0
"WAYA, O",1,4,4,0.0
"VENIER, F",1,4,4,0.0
"GARLATTI COSTA, G",1,4,4,0.0
"WATHEN, CN",1,4,4,0.0
"BROWNE, AJ",1,4,4,0.0
"WILSON, E",1,4,4,0.0
"BUNGAY, V",1,4,4,0.0
"VARCOE, C",1,4,4,0.0
"PERSSON, HC",1,4,4,0.0
"REINHOLDSSON, M",1,4,4,0.0
"LANGE, E",1,4,4,0.0
"SIEROCKA, A",1,4,4,0.0
"BEDNAREK, M",1,4,4,0.0
"ZUIDLAND, A",1,4,4,0.0
"PU, L",1,4,4,0.0
"VIJN, F",1,4,4,0.0
"HIRAOKA, A",1,4,4,0.0
"SWINNEN, B",1,4,4,0.0
"VANDEPUTTE, A",1,4,4,0.0
"FRANSSEN, W",1,4,4,0.0
"LEIRS, G",1,4,4,0.0
"ŁUSZCZKI, E",1,4,4,0.0
"BARTOSIEWICZ, A",1,4,4,0.0
"DEREN, K",1,4,4,0.0
"JAGIELSKI, P",1,4,4,0.0
"ŁUKASIK, A",1,4,4,0.0
"JUBER, J",1,4,4,0.0
"MONTEZ DE SOUSA, IR",1,4,4,0.0
"KREHER, J",1,4,4,0.0
"RADEMACHER, C",1,4,4,0.0
"BROMBACH, C",1,4,4,0.0
"SILVA, IB",1,4,4,0.0
"CAPLA, RL",1,4,4,0.0
"SHIKI, SB",1,4,4,0.0
"BARBOSA, GF",1,4,4,0.0
"ORDONEZ, REC",1,4,4,0.0
"AYRES, MAC",1,4,4,0.0
"DOS ANJOS, FEV",1,4,4,0.0
"TOIGO, T",1,4,4,0.0
"NOTARJACOMO, MHB",1,4,4,0.0
"ZHAN, Z",1,4,4,0.0
"LIN, J",1,4,4,0.0
"ZHENG, K",1,4,4,0.0
"YAN, S",1,4,4,0.0
"PORTMAN, DB",1,4,4,0.0
"KOHLMEYER, EM",1,4,4,0.0
"DOTY, J",1,4,4,0.0
"PELLEGRINO, PJ",1,4,4,0.0
"BRIGHT, S",1,4,4,0.0
"PALIWAL, G",1,4,4,0.0
"SHARMA, KP",1,4,4,0.0
"BHARGAVA, D",1,4,4,0.0
"SHRIMAL, VM",1,4,4,0.0
"GUO, J",1,4,4,0.0
"SHE, C",1,4,4,0.0
"LIU, H",1,4,4,0.0
"HASSAN, S",1,4,4,0.0
"AMJAD, A",1,4,4,0.0
"FAROOQ, MU",1,4,4,0.0
"ANWAR, S",1,4,4,0.0
"AMMARULLAH, MI",1,4,4,0.0
"CIOBANU, AD",1,4,4,0.0
"OZUNU, A",1,4,4,0.0
"TANASE, M",1,4,4,0.0
"GLIGOR, A",1,4,4,0.0
"MADZIK, P",1,4,4,0.0
"FALAT, L",1,4,4,0.0
"HOXHA, G",1,4,4,0.0
"SIMELI, I",1,4,4,0.0
"THEOCHARIS, D",1,4,4,0.0
"ZUBANOV, PS",1,4,4,0.0
"TREGUB, PP",1,4,4,0.0
"GOLDBERG, AS",1,4,4,0.0
"GODKOV, MA",1,4,4,0.0
"AKIMKIN, VG",1,4,4,0.0
"ALFINA, KN",1,4,4,0.0
"RATNAYAKE, RMC",1,4,4,0.0
"WIBISONO, D",1,4,4,0.0
"MULYONO, NB",1,4,4,0.0
"BASRI, M",1,4,4,0.0
"ISMAIEL, A",1,4,4,0.0
"ALMONAJJED, MB",1,4,4,0.0
"CATANA, CS",1,4,4,0.0
"POPA, SL",1,4,4,0.0
"DUMITRASCU, DL",1,4,4,0.0
"WERNER, SM",1,4,4,0.0
"LIMA, AJB",1,4,4,0.0
"NOGUEIRA, H",1,4,4,0.0
"SHARMA, S",1,4,4,0.0
"JABBOUR, ABLS",1,4,4,0.0
"CHIAPPETTA JABBOUR, CJ",1,4,4,0.0
"FAHS, CA",1,4,4,0.0
"BORING, J",1,4,4,0.0
"LEVAULT, L",1,4,4,0.0
"VARNER, W",1,4,4,0.0
"BECK, M",1,4,4,0.0
"SMALL, A",1,4,4,0.0
"SCURRY, T",1,4,4,0.0
"HOLZMAN, K",1,4,4,0.0
"RAVIV, O",1,4,4,0.0
"ARAD, J",1,4,4,0.0
"BEN SHLOMO, I",1,4,4,0.0
"MORENO-FERGUSSON, ME",1,4,4,0.0
"GUERRERO RUEDA, WJ",1,4,4,0.0
"ORTIZ BASTO, GA",1,4,4,0.0
"AREVALO SANDOVAL, IAL",1,4,4,0.0
"SANCHEZ–HERRERA, B",1,4,4,0.0
"SHAIKH, F",1,4,4,0.0
"SHAIKH, AS",1,4,4,0.0
"BUX, H",1,4,4,0.0
"KUMARI, V",1,4,4,0.0
"KAMITY, R",1,4,4,0.0
"GRELLA, M",1,4,4,0.0
"KIM, ML",1,4,4,0.0
"AKERMAN, M",1,4,4,0.0
"QUINTOS-ALAGHEBAND, ML",1,4,4,0.0
"GARVEY, S",1,4,4,0.0
"MYERS, JS",1,4,4,0.0
"KIN, JM",1,4,4,0.0
"BILLI, J",1,4,4,0.0
"BURKE, KG",1,4,4,0.0
"HARRISON, R",1,4,4,0.0
"ARMAND, TPT",1,4,4,0.0
"MOZUMDER, MAI",1,4,4,0.0
"AMAECHI, AO",1,4,4,0.0
"KIM, HC",1,4,4,0.0
"MAHMOUD, Z",1,4,4,0.0
"ANGELE-HALGAND, N",1,4,4,0.0
"CHURRUCA, K",1,4,4,0.0
"ELLIS, LA",1,4,4,0.0
"BRAITHWAITE, J",1,4,4,0.0
"DWYER, M",1,4,4,0.0
"PRIOR, SJ",1,4,4,0.0
"VAN DAM, PJ",1,4,4,0.0
"O’BRIEN, L",1,4,4,0.0
"GRIFFIN, P",1,4,4,0.0
"KHAN, N",1,4,4,0.0
"ROSTKOWSKA, OM",1,4,4,0.0
"SMITH, JN",1,4,4,0.0
"MILLER, FA",1,4,4,0.0
"TLAPA MENDOZA, D",1,4,4,0.0
"PEPPER, M",1,4,4,0.0
"CAPURRO, D",1,4,4,0.0
"TSAI, HW",1,4,4,0.0
"HUANG, SW",1,4,4,0.0
"HUNG, YL",1,4,4,0.0
"HSU, YS",1,4,4,0.0
"HUANG, CC",1,4,4,0.0
"NUCAMENDI-GUILLEN, SM",1,4,4,0.0
"KHANDEL, N",1,4,4,0.0
"FUENTES, LBEH",1,4,4,0.0
"GARDIM, L",1,4,4,0.0
"DA SILVA, TO",1,4,4,0.0
"DE MOURA, AA",1,4,4,0.0
"BERNARDES, A",1,4,4,0.0
"OH, JH",1,4,4,0.0
"SHELLY, M",1,4,4,0.0
"NERSINGER, S",1,4,4,0.0
"CAI, X",1,4,4,0.0
"OLSAN, T",1,4,4,0.0
"EKSTEDT, M",1,4,4,0.0
"SCHILDMEIJER, K",1,4,4,0.0
"BACKABERG, S",1,4,4,0.0
"LJUNGHOLM, L",1,4,4,0.0
"FAGERSTROM, C",1,4,4,0.0
"SEHDEV, S",1,4,4,0.0
"ANDERSSON, M",1,4,4,0.0
"LIEBENBERG, N",1,4,4,0.0
"CRESPI, Z",1,4,4,0.0
"PALLEKONDA, V",1,4,4,0.0
"AL-JAWALDEH, A",1,4,4,0.0
"ZOGHBI, E",1,4,4,0.0
"RADY, A",1,4,4,0.0
"SHANKITI, I",1,4,4,0.0
"FRANCESCATTO, M",1,4,4,0.0
"NEUENFELDT JUNIOR, A",1,4,4,0.0
"KUBOTA, FI",1,4,4,0.0
"GUIMARAES, G",1,4,4,0.0
"DE OLIVEIRA, B",1,4,4,0.0
"MORALES-CONTRERAS, MF",1,4,4,0.0
"CHANA-VALERO, P",1,4,4,0.0
"SUAREZ-BARRAZA, MF",1,4,4,0.0
"DIAZ, AS",1,4,4,0.0
"GARCIA, EG",1,4,4,0.0
"ALVI, SS",1,4,4,0.0
"HAMID, Z",1,4,4,0.0
"RIAZ, S",1,4,4,0.0
"ALVI, MS",1,4,4,0.0
"AZAM, N",1,4,4,0.0
"TAHA, O",1,4,4,0.0
"MAZZUCHI, TA",1,4,4,0.0
"SARKANI, S",1,4,4,0.0
"LIN, PY",1,4,4,0.0
"CHEN, KY",1,4,4,0.0
"CHENG, CY",1,4,4,0.0
"SU, WH",1,4,4,0.0
"LU, LYY",1,4,4,0.0
"NARAYANAN, S",1,4,4,0.0
"VICKERY, SK",1,4,4,0.0
"NICOLAE, ML",1,4,4,0.0
"CASTEL, MJ",1,4,4,0.0
"MCLEOD, MK",1,4,4,0.0
"FIORILLO, A",1,4,4,0.0
"SORRENTINO, A",1,4,4,0.0
"ABBATE, V",1,4,4,0.0
"DELL'AVERSANA ORABONA, G",1,4,4,0.0
"SAFI, M",1,4,4,0.0
"CLAY-WILLIAMS, R",1,4,4,0.0
"URSIN GRAU, T",1,4,4,0.0
"BRANDT, F",1,4,4,0.0
"RAVNBORG THUDE, B",1,4,4,0.0
"OVSYANNIKOV, ES",1,4,4,0.0
"BUDNEVSKY, AV",1,4,4,0.0
"TITOVA, LA",1,4,4,0.0
"IVANOVA, AS",1,4,4,0.0
"KACHUR, AS",1,4,4,0.0
"SORDAN, JE",1,4,4,0.0
"MARINHO, CA",1,4,4,0.0
"OPRIME, PC",1,4,4,0.0
"PIMENTA, ML",1,4,4,0.0
"ANDERSSON, R",1,4,4,0.0
"PALERI, V",1,4,4,0.0
"PERERA, S",1,4,4,0.0
"DUDHA, S",1,4,4,0.0
"HARLAND, R",1,4,4,0.0
"CODLING, D",1,4,4,0.0
"FERREIRA-PEGO, C",1,4,4,0.0
"TAVARES, RG",1,4,4,0.0
"LOPES, S",1,4,4,0.0
"FONTES, T",1,4,4,0.0
"RODRIGUES, LM",1,4,4,0.0
"VEROUDEN, NJ",1,4,4,0.0
"ZANDBERGEN, HR",1,4,4,0.0
"PODGORODNICHENKO, N",1,4,4,0.0
"AMINJARAHI, M",1,4,4,0.0
"ABDOLI, M",1,4,4,0.0
"FADAEE, Y",1,4,4,0.0
"KOHAN, F",1,4,4,0.0
"SHOKOUHYAR, S",1,4,4,0.0
"HENKE, RM",1,4,4,0.0
"GONIEWICZ, M",1,4,4,0.0
"KHORRAM-MANESH, A",1,4,4,0.0
"AL-WATHINANI, AM",1,4,4,0.0
"GONIEWICZ, K",1,4,4,0.0
"AHMED, HAS",1,4,4,0.0
"AL-FARIS, NA",1,4,4,0.0
"SHARP, JW",1,4,4,0.0
"ABDULJABER, IO",1,4,4,0.0
"GHAIDA, SSA",1,4,4,0.0
"MATE, KS",1,4,4,0.0
"RAKOVER, J",1,4,4,0.0
"CORDINER, K",1,4,4,0.0
"NOBLE, A",1,4,4,0.0
"HASSAN, N",1,4,4,0.0
"WEBB, AJ",1,4,4,0.0
"MCMANUS, D",1,4,4,0.0
"ROUSE, G",1,4,4,0.0
"VONDERHEYDE, R",1,4,4,0.0
"TOPAL, J",1,4,4,0.0
"TASE, A",1,4,4,0.0
"MICOCCI, M",1,4,4,0.0
"CHAUDHARI, N",1,4,4,0.0
"STRUTTON, PH",1,4,4,0.0
"WICKHAM, AJ",1,4,4,0.0
"MCGREGOR, AH",1,4,4,0.0
"MULLINGTON, CJ",1,4,4,0.0
"FRICKE, M",1,4,4,0.0
"BEACH DUCHARME, D",1,4,4,0.0
"BEAVIS, A",1,4,4,0.0
"FLETT, P",1,4,4,0.0
"OOSMAN, S",1,4,4,0.0
"CHOKPHUKIAO, P",1,4,4,0.0
"THAWEEWANNAKIJ, T",1,4,4,0.0
"INTARUK, R",1,4,4,0.0
"DORANTE, MI",1,4,4,0.0
"BARRON, SL",1,4,4,0.0
"JONES, L",1,4,4,0.0
"FRENIERE, BB",1,4,4,0.0
"EPPLEY, HB",1,4,4,0.0
"ZHOU, W",1,4,4,0.0
"WILSON, GA",1,4,4,0.0
"TOSCANI, M",1,4,4,0.0
"YORK, JM",1,4,4,0.0
"TONETTO, LM",1,4,4,0.0
"SCHNEIDER, DSS",1,4,4,0.0
"MULLER MAGALHAES, AM",1,4,4,0.0
"MCADAM, R",1,4,4,0.0
"GALBRAITH, B",1,4,4,0.0
"MCCOMB, S",1,4,4,0.0
"VIJAYA SUNDER, M",1,4,4,0.0
"ALMENDROS, I",1,4,4,0.0
"BASOGLU, OK",1,4,4,0.0
"CONDE, SV",1,4,4,0.0
"LIGUORI, C",1,4,4,0.0
"SAARESRANTA, T",1,4,4,0.0
"TABOADA RODRIGUEZ, CM",1,4,4,0.0
"BALOUEI JAMKHANEH, H",1,4,4,0.0
"SENTHIL, V",1,4,4,0.0
"KERALLI, AS",1,4,4,0.0
"JAWAHAR, N",1,4,4,0.0
"SUJITH KUMAR, K",1,4,4,0.0
"SREEDHARAN, R",1,4,4,0.0
"CHAKRABORTY, A",1,4,4,0.0
"GUNASEKARAN, A",1,4,4,0.0
"SAUER, AC",1,4,4,0.0
"ALISH, CJ",1,4,4,0.0
"STRAUSBAUGH, K",1,4,4,0.0
"WEST, K",1,4,4,0.0
"QUATRARA, B",1,4,4,0.0
"MANERS, RJ",1,4,4,0.0
"BAKOW, E",1,4,4,0.0
"PARKINSON, MD",1,4,4,0.0
"FISCHER, GS",1,4,4,0.0
"CAMP, GR",1,4,4,0.0
"IMBODEN, MT",1,4,4,0.0
"SWARTZ, AM",1,4,4,0.0
"FINCH, HW",1,4,4,0.0
"HARBER, MP",1,4,4,0.0
"KAMINSKY, LA",1,4,4,0.0
"HUTTON, SA",1,4,4,0.0
"VANCE, K",1,4,4,0.0
"BURGARD, J",1,4,4,0.0
"GRACE, S",1,4,4,0.0
"VAN MALE, L",1,4,4,0.0
"WILLIAMSSON, A",1,4,4,0.0
"DELLVE, L",1,4,4,0.0
"VASHI, AA",1,4,4,0.0
"LERNER, B",1,4,4,0.0
"URECH, TH",1,4,4,0.0
"ASCH, SM",1,4,4,0.0
"MAZZOCATO, P",1,4,4,0.0
"STENFORS-HAYES, T",1,4,4,0.0
"SCHWARZ, UT",1,4,4,0.0
"HASSON, H",1,4,4,0.0
"NYSTROM, ME",1,4,4,0.0
"BANCROFT, J",1,4,4,0.0
"LI, ",1,4,4,0.0
"LUKACS, G",1,4,4,0.0
"PIERRON, X",1,4,4,0.0
"KARVONEN, S",1,4,4,0.0
"PETAJA, H",1,4,4,0.0
"LEHTONEN, L",1,4,4,0.0
"JEBB, SA",1,4,4,0.0
"ASTBURY, NM",1,4,4,0.0
"TEARNE, S",1,4,4,0.0
"NICKLESS, A",1,4,4,0.0
"AVEYARD, P",1,4,4,0.0
"DAVISON, MJ",1,4,4,0.0
"MALY, MR",1,4,4,0.0
"ADACHI, JD",1,4,4,0.0
"NOSEWORTHY, MD",1,4,4,0.0
"BEATTIE, KA",1,4,4,0.0
"DONNELLY, LF",1,4,4,0.0
"MATHEWS, VP",1,4,4,0.0
"LASZAKOVITS, DJ",1,4,4,0.0
"JACKSON, VP",1,4,4,0.0
"GUIBERTEAU, MJ",1,4,4,0.0
"COX, N",1,4,4,0.0
"GIBAS, S",1,4,4,0.0
"SALISBURY, M",1,4,4,0.0
"GOMER, J",1,4,4,0.0
"GIBAS, K",1,4,4,0.0
"TOOMEY, C",1,4,4,0.0
"MC CORMACK, W",1,4,4,0.0
"JAKEMAN, P",1,4,4,0.0
"FORTINEAU, V",1,4,4,0.0
"LAMOURI, S",1,4,4,0.0
"ECKERLEIN, G",1,4,4,0.0
"RIEUTORD, A",1,4,4,0.0
"CURATOLO, N",1,4,4,0.0
"KUBILIUS, A",1,4,4,0.0
"WINFREY, K",1,4,4,0.0
"JOHNSON, G",1,4,4,0.0
"WILSON, T",1,4,4,0.0
"AHAUS, K",1,4,4,0.0
"VAN ZANTEN, F",1,4,4,0.0
"LAND, M",1,4,4,0.0
"WENNEKES, P",1,4,4,0.0
"MUTWIRI, B",1,4,4,0.0
"WITT, C",1,4,4,0.0
"DENYSEK, C",1,4,4,0.0
"HALFERDAHL, S",1,4,4,0.0
"MCLEOD, KM",1,4,4,0.0
"HOGBERG, H",1,4,4,0.0
"LAVIE, CJ",1,4,4,0.0
"OZEMEK, C",1,4,4,0.0
"CARBONE, S",1,4,4,0.0
"KATZMARZYK, PT",1,4,4,0.0
"BLAIR, SN",1,4,4,0.0
"D’ANDREAMATTEO, A",1,4,4,0.0
"RANGONE, A",1,4,4,0.0
"PAOLONE, F",1,4,4,0.0
"BRAVO-SANCHEZ, C",1,4,4,0.0
"DORAZIO, V",1,4,4,0.0
"DENMARK, R",1,4,4,0.0
"HEUER, AJ",1,4,4,0.0
"PARROTT, JS",1,4,4,0.0
"LINDHOLM, JM",1,4,4,0.0
"LAINE, I",1,4,4,0.0
"HIPPALA, H",1,4,4,0.0
"YLINEN, P",1,4,4,0.0
"TUUMINEN, R",1,4,4,0.0
"MURIANA, C",1,4,4,0.0
"GILIA, G",1,4,4,0.0
"MISTRETTA, V",1,4,4,0.0
"PIAZZA, T",1,4,4,0.0
"VIZZINI, GB",1,4,4,0.0
"PRÆTORIUS, T",1,4,4,0.0
"VENKATARAMANAIAH, S",1,4,4,0.0
"ZHANG, A",1,4,4,0.0
"LUO, W",1,4,4,0.0
"SHI, Y",1,4,4,0.0
"CHIA, ST",1,4,4,0.0
"SIM, ZHX",1,4,4,0.0
"MONTUORI, P",1,4,4,0.0
"SANTILLO, LC",1,4,4,0.0
"SARI, N",1,4,4,0.0
"HARRISON, L",1,4,4,0.0
"REGATTIERI, A",1,4,4,0.0
"BARTOLINI, A",1,4,4,0.0
"CIMA, M",1,4,4,0.0
"FANTI, MG",1,4,4,0.0
"LAURITANO, D",1,4,4,0.0
"WANJERI, N",1,4,4,0.0
"OWINO, W",1,4,4,0.0
"KYALLO, F",1,4,4,0.0
"HABTE, TY",1,4,4,0.0
"KRAWINKEL, MB",1,4,4,0.0
"MACDONALD, SL",1,4,4,0.0
"JOSEPH, PL",1,4,4,0.0
"CAVALIERE, IJ",1,4,4,0.0
"BAYLEY, MT",1,4,4,0.0
"LO, A",1,4,4,0.0
"MURPHY, C",1,4,4,0.0
"MULLEN, E",1,4,4,0.0
"HOGAN, K",1,4,4,0.0
"O'TOOLE, R",1,4,4,0.0
"ASHOK, M",1,4,4,0.0
"ROJAS-SMITH, L",1,4,4,0.0
"HALPERN, MT",1,4,4,0.0
"SIMONS, PAM",1,4,4,0.0
"MARNEFFE, W",1,4,4,0.0
"PIJLS-JOHANNESMA, M",1,4,4,0.0
"VANDIJCK, D",1,4,4,0.0
"CORBI, A",1,4,4,0.0
"BURGOS, D",1,4,4,0.0
"VIDAL, F",1,4,4,0.0
"ALBIOL, F",1,4,4,0.0
"ALBIOL, A",1,4,4,0.0
"ANOUSHIRAVANI, AA",1,4,4,0.0
"WONG, PK",1,4,4,0.0
"RADNOR, Z",4,3,7,0.0
"ANGULO-MEZA, L",4,3,6,0.0
"SINGH, AR",4,3,8,0.0
"ANUAR, A",4,3,9,0.0
"MEAD, ES",3,3,5,0.0
"PAMICH, C",3,3,9,0.0
SINGH,3,3,3,0.0
"ALMUTAIRI, AM",3,3,7,0.0
"SALONITIS, K",3,3,7,0.0
"AL-ASHAAB, A",3,3,7,0.0
"SAAD, R",3,3,8,0.0
"YUSOFF, RZ",3,3,8,0.0
"SADEK, DM",3,3,7,0.0
"TOLOSA, B",2,3,6,0.0
"KITAW, D",2,3,6,0.0
"SIRGU, S",2,3,6,0.0
"BRANCALION, FNM",2,3,4,0.0
"LIMA, AFC",2,3,4,0.0
"SOUZA, TA",2,3,4,0.0
"MISHRA, V",2,3,3,0.0
"LISIECKA-BIEŁANOWICZ, M",2,3,4,0.0
"BIECHOWSKA, D",2,3,4,0.0
"CHENEVERT, D",2,3,3,1e-05
"KELENDAR, H",2,3,5,0.0
"FAISAL, M",2,3,5,0.0
"MOHAMMED, MA",2,3,5,0.0
"DOUGLAS, JA",2,3,4,0.0
"ROSENTHAL, MD",2,3,3,0.0
"SHARMA, M",2,3,4,0.0
"CHASSIN, MR",2,3,5,0.0
"NETHER, K",2,3,5,0.0
"JOHNSON, S",2,3,3,0.0
"SMITH, I",2,3,5,0.0
"MOSER, R",2,3,5,0.0
"MATHIYAZHAGAN, K",2,3,4,0.0
"KUMAR, K",2,3,4,0.0
"AUGUSTO, BP",2,3,4,0.0
"ARCIDIACONO, G",2,3,3,0.0
"FERREIRA, WP",1,3,3,0.0
"SILVA, AM",1,3,3,0.0
"TANAKA, WY",1,3,3,0.0
"ZAMPINI, EF",1,3,3,0.0
"PAIM, R",1,3,3,0.0
"COSTA, A",1,3,3,0.0
"CARVALHO, J",1,3,3,0.0
"LIMA, IAC",1,3,3,0.0
"REPONEN, ",1,3,3,0.0
"FERREIRA, GSA",1,3,3,0.0
"SILVA, UR",1,3,3,0.0
"COSTA, AL",1,3,3,0.0
"PADUA, SIDD",1,3,3,0.0
"ESTRIC, C",1,3,3,0.0
"FOUGERE, H",1,3,3,0.0
"SERRAND, C",1,3,3,0.0
"MAGNIN, C",1,3,3,0.0
"MOUSLI, HM",1,3,3,0.0
"EL-MASRY, HA",1,3,3,0.0
"FARAG, H",1,3,3,0.0
"MOSLY, MM",1,3,3,0.0
"SCHIAVONE, F",1,3,3,0.0
"CAPOGRECO, MR",1,3,3,0.0
"KETAN, HS",1,3,3,0.0
"JABER, L",1,3,3,0.0
"GO, AB",1,3,3,0.0
"DO AMARAL CHAVES, SM",1,3,3,0.0
"JAYOUSI, S",1,3,3,0.0
"CINELLI, M",1,3,3,0.0
"BIGAZZI, R",1,3,3,0.0
"BIANCHI, S",1,3,3,0.0
"SILVA, DDM",1,3,3,0.0
"MARQUES, JFM",1,3,3,0.0
"RAMOS, FRS",1,3,3,0.0
"SOUZA, AA",1,3,3,0.0
"ROOS, S",1,3,3,0.0
"SJOSTROM, M",1,3,3,0.0
"MEDIN, J",1,3,3,0.0
"MELIN-JOHANSSON, C",1,3,3,0.0
"STOIAN, M",1,3,3,0.0
"SZABO, DA",1,3,3,0.0
"GABOR, MR",1,3,3,0.0
"MORANI, K",1,3,3,0.0
"AYANA, EK",1,3,3,0.0
"KOLLIAS, D",1,3,3,0.0
"UNAY, D",1,3,3,0.0
"VIANNA, RF",1,3,3,0.0
"SOBRAL, APB",1,3,3,0.0
"HOLT, N",1,3,3,0.0
"PANGOP, D",1,3,3,0.0
"ZIGNEGO, J",1,3,3,0.0
"PARUK, IM",1,3,3,0.0
"GOVIND, K",1,3,3,0.0
"PIRIE, FJ",1,3,3,0.0
"MOTALA, AA",1,3,3,0.0
"MONDAL, S",1,3,3,0.0
"GOSWAMI, SS",1,3,3,0.0
"GUPTA, KK",1,3,3,0.0
"SAHOO, SK",1,3,3,0.0
"CELIK, D",1,3,3,0.0
"CAMPISI, M",1,3,3,0.0
"CANNELLA, L",1,3,3,0.0
"PAVANELLO, S",1,3,3,0.0
"SRAVANTHI, P",1,3,3,0.0
"KOPPALA, R",1,3,3,0.0
"MITRA, S",1,3,3,0.0
"KUMAR PERA, N",1,3,3,0.0
"GUERRERO, JJG",1,3,3,0.0
"ENCARNACION, PC",1,3,3,0.0
"LIAO, SF",1,3,3,0.0
"CHANG, CW",1,3,3,0.0
"KUEH, MTW",1,3,3,0.0
"CHEW, NWS",1,3,3,0.0
"AL-OZAIRI, E",1,3,3,0.0
"AMANO, K",1,3,3,0.0
"DEV, R",1,3,3,0.0
"NAITO, T",1,3,3,0.0
"DEL FABBRO, E",1,3,3,0.0
"MULLER, PR",1,3,3,0.0
"NUNES, FL",1,3,3,0.0
"NODARI, CH",1,3,3,0.0
"SAZONOVA, OV",1,3,3,0.0
"GAVRYUSHIN, MY",1,3,3,0.0
"HAMTSOVA, RV",1,3,3,0.0
"MANAKHOVA, SS",1,3,3,0.0
"HUSSEIN, AHM",1,3,3,0.0
"ABOU HASHISH, EAO",1,3,3,0.0
"ABD-ELGHAFFAR, BA",1,3,3,0.0
"ELLIETHEY, NSH",1,3,3,0.0
"MARQUES, M",1,3,3,0.0
"VIEIRA, F",1,3,3,0.0
"TELES, J",1,3,3,0.0
"BAPTISTA, F",1,3,3,0.0
"DE SOUZA, LG",1,3,3,0.0
"BERGER, S",1,3,3,0.0
"TALERO-SARMIENTO, LH",1,3,3,0.0
"ESCOBAR-RODRIGUEZ, LY",1,3,3,0.0
"GOMEZ-AVILA, FL",1,3,3,0.0
"PARRA-SANCHEZ, DT",1,3,3,0.0
"MCKINNEY, J",1,3,3,0.0
"KELM, N",1,3,3,0.0
"WINDSOR, B",1,3,3,0.0
"KEYSER, L",1,3,3,0.0
"JAVID, PJ",1,3,3,0.0
"JOHARIFARD, S",1,3,3,0.0
"NYAGETUBA, MJK",1,3,3,0.0
"HANSEN, EN",1,3,3,0.0
"KAHLON, B",1,3,3,0.0
"GOHEL, B",1,3,3,0.0
"JASSEMI, S",1,3,3,0.0
"DONALD, M",1,3,3,0.0
"HAHN, M",1,3,3,0.0
"KMIEC, A",1,3,3,0.0
"ALABI, AS",1,3,3,0.0
"ALABI, OA",1,3,3,0.0
"ADEBAKIN, TE",1,3,3,0.0
"BACH, JS",1,3,3,0.0
"BJERGE, B",1,3,3,0.0
"EILERSKOV, N",1,3,3,0.0
"MERRILD, CH",1,3,3,0.0
"JAVAID, M",1,3,3,0.0
"HALEEM, A",1,3,3,0.0
"SINGH, RP",1,3,3,0.0
"LAM, WK",1,3,3,0.0
"LEE, TYH",1,3,3,0.0
"LI, CH",1,3,3,0.0
"YIP, SF",1,3,3,0.0
"GAREDEW, BT",1,3,3,0.0
"AZENE, DK",1,3,3,0.0
"BETIZAZU, SS",1,3,3,0.0
"MCCOOL, S",1,3,3,0.0
"BOLT, B",1,3,3,0.0
"WINFREY, J",1,3,3,0.0
"ZEIDAN, KA",1,3,3,0.0
"NEHME, N",1,3,3,0.0
"REFAAT, MM",1,3,3,0.0
"KREIDIEH, FY",1,3,3,0.0
"LAROSE, C",1,3,3,0.0
"SAMHANI, C",1,3,3,0.0
"CONSOLANDI, P",1,3,3,0.0
"FEIGERLOVA, E",1,3,3,0.0
"VILALTA-PERDOMO, E",1,3,3,0.0
"MICHEL-VILLARREAL, R",1,3,3,0.0
"GUO, R",1,3,3,0.0
"LIU, M",1,3,3,0.0
"LI, Q",1,3,3,0.0
"KEATING, S",1,3,3,0.0
"CHAWLA, Y",1,3,3,0.0
"GEORGE, ES",1,3,3,0.0
"TIERRA, M",1,3,3,0.0
"COBOS, JDV",1,3,3,0.0
"GRIJALVA-ENDARA, A",1,3,3,0.0
"GARCES-MONCAYO, MF",1,3,3,0.0
"NASUTION, AH",1,3,3,0.0
"NOER, LR",1,3,3,0.0
"ALFARIZI, M",1,3,3,0.0
"SYULTHONI, ZB",1,3,3,0.0
"DEMIR, A",1,3,3,0.0
"ECEVIT ALPAR, S",1,3,3,0.0
"KOC, TA",1,3,3,0.0
"JOHNSON, BVB",1,3,3,0.0
"MILSTEAD, M",1,3,3,0.0
"KREIDER, R",1,3,3,0.0
"JONES, R",1,3,3,0.0
"OLIVER, A",1,3,3,0.0
"ALLAM, D",1,3,3,0.0
"KASSEM, R",1,3,3,0.0
"PRAJANTAWANICH, K",1,3,3,0.0
"MANPAYAK, T",1,3,3,0.0
"POOLIAM, J",1,3,3,0.0
"NAKAVACHARA, P",1,3,3,0.0
"CORTES-SEVILLA, F",1,3,3,0.0
"SANCHEZ-BARROSO, G",1,3,3,0.0
"GONZALEZ-DOMINGUEZ, J",1,3,3,0.0
"GARCIA SANZ-CALCEDO, J",1,3,3,0.0
"PRAJOGO, D",1,3,3,0.0
"HALL, S",1,3,3,0.0
"ROHATINSKY, N",1,3,3,0.0
"HOLTSLANDER, L",1,3,3,0.0
"NEENU, TP",1,3,3,0.0
"PARVIN, SMR",1,3,3,0.0
"PANAKAJE, N",1,3,3,0.0
"BEGAM, S",1,3,3,0.0
"NAYAK, NR",1,3,3,0.0
"PATRA, AK",1,3,3,0.0
"PRAHARAJ, A",1,3,3,0.0
"CHHATOI, BP",1,3,3,0.0
"SMITH, NJ",1,3,3,0.0
"SNARR, RL",1,3,3,0.0
"BRANCALEONE, MP",1,3,3,0.0
"NADA, J",1,3,3,0.0
"JANA, P",1,3,3,0.0
"NADEZDA, J",1,3,3,0.0
"MARIA, B",1,3,3,0.0
"WU, KA",1,3,3,0.0
"KUTZER, KM",1,3,3,0.0
"PEAN, CA",1,3,3,0.0
"SEYLER, TM",1,3,3,0.0
"LOPEZ-PICAZO, JJ",1,3,3,0.0
"VIDAL-ABARCA, I",1,3,3,0.0
"MARIN-MARTINEZ, JM",1,3,3,0.0
"LOPEZ-IBANEZ, M",1,3,3,0.0
"SAYED, SH",1,3,3,0.0
"ALHARBI, ZSM",1,3,3,0.0
"ALMUARI, MS",1,3,3,0.0
"ALEISAWI, NA",1,3,3,0.0
"HFEDA, MAM",1,3,3,0.0
"MA'ARAM, A",1,3,3,0.0
"MAULANA, MIIM",1,3,3,0.0
"COSTA, F",1,3,3,0.0
"DAS, S",1,3,3,0.0
"DAS, D",1,3,3,0.0
"DESAI, M",1,3,3,0.0
"DOS SANTOS, M",1,3,3,0.0
"GOMES, CFS",1,3,3,0.0
"DOUGLAS, A",1,3,3,0.0
"SILVA, D",1,3,3,0.0
"TARIFA, RR",1,3,3,0.0
"MBABU, A",1,3,3,0.0
"UNDERWOOD, J",1,3,3,0.0
"MUNIR, M",1,3,3,0.0
"WILDENAUER, A",1,3,3,0.0
"MITRESKA, K",1,3,3,0.0
"TRAN, P",1,3,3,0.0
"GRYGIEL, R",1,3,3,0.0
"CHIRCOP, A",1,3,3,0.0
"RAOUSH, A",1,3,3,0.0
"SMADI, A",1,3,3,0.0
"SOHAIMAT, M",1,3,3,0.0
"DOWERI, H",1,3,3,0.0
"SIJM-EEKEN, M",1,3,3,0.0
"GREIF, A",1,3,3,0.0
"PEUTE, L",1,3,3,0.0
"OSAMA, M",1,3,3,0.0
"BONNECHERE, B",1,3,3,0.0
"MAPINDUZI, J",1,3,3,0.0
"RATHORE, FA",1,3,3,0.0
"PEREZ, JM",1,3,3,0.0
"GRAHAM, RJ",1,3,3,0.0
"MEHTA, NM",1,3,3,0.0
"MARTINEZ, E",1,3,3,0.0
"IRUZUBIETA, P",1,3,3,0.0
"JIMENEZ-GONZALEZ, C",1,3,3,0.0
"CABEZAS, J",1,3,3,0.0
"CRESPO, J",1,3,3,0.0
"HAN, X",1,3,3,0.0
"FARCHI, F",1,3,3,0.0
"FARCHI, C",1,3,3,0.0
"TOUZI, B",1,3,3,0.0
"MABROUKI, C",1,3,3,0.0
"CHABOUH, S",1,3,3,0.0
"HAMMAMI, S",1,3,3,0.0
"BOUCHRIHA, H",1,3,3,0.0
"REW, L",1,3,3,0.0
"YOUNG, CC",1,3,3,0.0
"MONGE, M",1,3,3,0.0
"BOGUCKA, R",1,3,3,0.0
"MCINTOSH, B",1,3,3,0.0
"ALALI, AM",1,3,3,0.0
"REJAL, HMAA",1,3,3,0.0
"ABU, NHB",1,3,3,0.0
"ALALI, H",1,3,3,0.0
"GUARILHA, PPM",1,3,3,0.0
"ANHOLON, R",1,3,3,0.0
"BELLA, RLF",1,3,3,0.0
"ALSAQER, AA",1,3,3,0.0
"ABDULJAWAD, AA",1,3,3,0.0
"MUSTAFA, HSAM",1,3,3,0.0
"MOHAMMAD, MS",1,3,3,0.0
"DOBROW, L",1,3,3,0.0
"ESTRADA, I",1,3,3,0.0
"BURKHOLDER-COOLEY, N",1,3,3,0.0
"MIKLAVCIC, J",1,3,3,0.0
"NGEE-WEN, T",1,3,3,0.0
"AZIZ, AA",1,3,3,0.0
"FEINMAN, M",1,3,3,0.0
"HSU, ATW",1,3,3,0.0
"TORBECK, L",1,3,3,0.0
"CASTRO, C",1,3,3,0.0
"PEREIRA, T",1,3,3,0.0
"SANTOS, G",1,3,3,0.0
"SILVA, SE",1,3,3,0.0
"ANDREOSI, CAC",1,3,3,0.0
"COSENZA, HJSR",1,3,3,0.0
"SILVA, NAM",1,3,3,0.0
"CISNE, MCF",1,3,3,0.0
"PRADO, RI",1,3,3,0.0
"TANITA, MT",1,3,3,0.0
"CARDOSO, LTQ",1,3,3,0.0
"GRION, CMC",1,3,3,0.0
"KHAN, A",1,3,3,0.0
"FAROOQ, A",1,3,3,0.0
"AHMAD, S",1,3,3,0.0
"FRASER, JM",1,3,3,0.0
"EII, MN",1,3,3,0.0
"LYONS, T",1,3,3,0.0
"ALDRIDGE, C",1,3,3,0.0
"ZILM, F",1,3,3,0.0
"ATCHLEY, RA",1,3,3,0.0
"GREGERSEN, S",1,3,3,0.0
"CONRAD, MA",1,3,3,0.0
"ALMANEI, M",1,3,3,0.0
"BHARSAKADE, RS",1,3,3,0.0
"ACHARYA, P",1,3,3,0.0
"GANAPATHY, L",1,3,3,0.0
"TIWARI, MK",1,3,3,0.0
"RAGBHEER, S",1,3,3,0.0
"GANGARAM, P",1,3,3,0.0
"ALINIER, G",1,3,3,0.0
"FARHAT, H",1,3,3,0.0
"HARRIS, S",1,3,3,0.0
"SALES, M",1,3,3,0.0
"OCHOA DE ECHAGUEN AGUILAR, A",1,3,3,0.0
"MARTINEZ IBANEZ, V",1,3,3,0.0
"SCHEURER, DB",1,3,3,0.0
"ADELMAN, K",1,3,3,0.0
"MYERSON, S",1,3,3,0.0
"REED, LC",1,3,3,0.0
"FILHO, OO",1,3,3,0.0
"BOURGUIGNON, SC",1,3,3,0.0
"DAVIS, M",1,3,3,0.0
"NANAGAS, C",1,3,3,0.0
"COOPER, J",1,3,3,0.0
"SHAKEEL, M",1,3,3,0.0
"SHEIKH, F",1,3,3,0.0
"ANJUM, N",1,3,3,0.0
"HEIJNDERMANS, M",1,3,3,0.0
"MAAS, A",1,3,3,0.0
"DIPPEL, D",1,3,3,0.0
"BUIJCK, B",1,3,3,0.0
"RAMORI, KA",1,3,3,0.0
"ELROD, CC",1,3,3,0.0
"HINES, P",1,3,3,0.0
"BUTTERWORTH, C",1,3,3,0.0
"GREENLEE, C",1,3,3,0.0
"JEKIEL, C",1,3,3,0.0
"YILMAZ, OF",1,3,3,0.0
"YENI, FB",1,3,3,0.0
"GURSOY YILMAZ, B",1,3,3,0.0
"OZCELIK, G",1,3,3,0.0
"WATSON, LP",1,3,3,0.0
"CARR, KS",1,3,3,0.0
"ORFORD, ER",1,3,3,0.0
"VENABLES, MC",1,3,3,0.0
"KUIPER, A",1,3,3,0.0
"LEE, RH",1,3,3,0.0
"VAN HAM, VJJ",1,3,3,0.0
"ZOUGGAR, A",1,3,3,0.0
"REDDY, PS",1,3,3,0.0
"MARTINEZ, KJ",1,3,3,0.0
"GOMEZ, K",1,3,3,0.0
"VIEIRA, E",1,3,3,0.0
"FALEGNAMI, A",1,3,3,0.0
"CAGLIANO, AC",1,3,3,0.0
"RAFELE, C",1,3,3,0.0
"BACCEI, SJ",1,3,3,0.0
"HENDERSON, SR",1,3,3,0.0
"LO, HS",1,3,3,0.0
"REYNOLDS, K",1,3,3,0.0
"BARRETIRI, L",1,3,3,0.0
"MITTON, C",1,3,3,0.0
"DONALDSON, C",1,3,3,0.0
"DIONNE, F",1,3,3,0.0
"OZTURKOGLU, Y",1,3,3,0.0
"KAZANCOGLU, Y",1,3,3,0.0
"SAGNAK, M",1,3,3,0.0
"BORRELLI, J",1,3,3,0.0
"CREATH, R",1,3,3,0.0
"WESTLAKE, K",1,3,3,0.0
"ROGERS, MW",1,3,3,0.0
"MAURI, E",1,3,3,0.0
"GIANNITELLI, SM",1,3,3,0.0
"TROMBETTA, M",1,3,3,0.0
"RAINER, A",1,3,3,0.0
"MARCHAND, JS",1,3,3,0.0
"BRETON, M",1,3,3,0.0
"SAULPIC, O",1,3,3,0.0
"COTE-BOILEAU, E",1,3,3,0.0
"UKIL, A",1,3,3,0.0
"MARIN, L",1,3,3,0.0
"MUKHOPADHYAY, SC",1,3,3,0.0
"JARA, AJ",1,3,3,0.0
"DOSREIS, MEDM",1,3,3,0.0
"ABREU, MF",1,3,3,0.0
"CAMPOS, CR",1,3,3,0.0
"SOUZA, FS",1,3,3,0.0
"CASTANHEIRA-PINTO, A",1,3,3,0.0
"MCSHERRY, R",1,3,3,0.0
"COOK, S",1,3,3,0.0
"GILES, E",1,3,3,0.0
"LEE, C",1,3,3,0.0
"LIEBERENZ, S",1,3,3,0.0
"MOUTON, B",1,3,3,0.0
"SNELL, C",1,3,3,0.0
"MITTAL, K",1,3,3,0.0
"ARORA, D",1,3,3,0.0
"GANTI, SS",1,3,3,0.0
"LAPOINTE, L",1,3,3,0.0
"BAHL, L",1,3,3,0.0
"NORIS, NJ",1,3,3,0.0
"INDERA PUTERA, KAS",1,3,3,0.0
"JIANG, W",1,3,3,0.0
"SOUSA, PSA",1,3,3,0.0
"MOREIRA, MRA",1,3,3,0.0
"AMARO, GM",1,3,3,0.0
"GHADGE, A",1,3,3,0.0
"BARRIONUEVO, KY",1,3,3,0.0
"DE PAULA, IC",1,3,3,0.0
"GULARTE, A",1,3,3,0.0
"DE BITTENCOURT, LS",1,3,3,0.0
"DANIELS, K",1,3,3,0.0
"ILANGAKOON, TS",1,3,3,0.0
"WEERABAHU, SK",1,3,3,0.0
"WICKRAMARACHCHI, R",1,3,3,0.0
"LINDASE, S",1,3,3,0.0
"FELTENMARK, T",1,3,3,0.0
"KRANTZ, M",1,3,3,0.0
"SODER, J",1,3,3,0.0
"RODRIGUES, LEM",1,3,3,0.0
"BOUGUIGNON, SC",1,3,3,0.0
"PRADO-PRADO, JC",1,3,3,0.0
"FERNANDEZ-GONZALEZ, AJ",1,3,3,0.0
"MOSTEIRO-ANON, M",1,3,3,0.0
"GARCIA-ARCA, J",1,3,3,0.0
"RAJANI, RL",1,3,3,0.0
"HEGGDE, GS",1,3,3,0.0
"BANGWAL, D",1,3,3,0.0
"SCHOUTEN, H",1,3,3,0.0
"HEUSINKVELD, S",1,3,3,0.0
"VAN DER KAM, W",1,3,3,0.0
"ABDULHAMID, A",1,3,3,0.0
"EL NAJJAR, G",1,3,3,0.0
"ALAYESH, A",1,3,3,0.0
"ALGHANMI, A",1,3,3,0.0
"COSGRIFF, V",1,3,3,0.0
"FLANARY, JT",1,3,3,0.0
"ROCCO, NR",1,3,3,0.0
"DOUGHERTY, T",1,3,3,0.0
"CHRISTMAN, MS",1,3,3,0.0
"MARSILIO, M",1,3,3,0.0
"RUBIO, K",1,3,3,0.0
"DIAB, A",1,3,3,0.0
"DASTMALCHI, LN",1,3,3,0.0
"GULATI, M",1,3,3,0.0
"MICHOS, ED",1,3,3,0.0
"PEARCE, BJ",1,3,3,0.0
"BECK, AW",1,3,3,0.0
"SPANGLER, EL",1,3,3,0.0
"BAKER, M",1,3,3,0.0
"HAFLEY, C",1,3,3,0.0
"WAYMACK, J",1,3,3,0.0
"CONRADO, LF",1,3,3,0.0
"SILVA, DB",1,3,3,0.0
"QUEIROZ, TL",1,3,3,0.0
"RAMOS, JRS",1,3,3,0.0
"NAMIGO, AB",1,3,3,0.0
"ONRADO, L",1,3,3,0.0
"PEREIRA, NN",1,3,3,0.0
"COLLDEN, C",1,3,3,0.0
"GREMYR, I",1,3,3,0.0
"HELLSTROM, A",1,3,3,0.0
"SPORRAEUS, D",1,3,3,0.0
"VANJE, A",1,3,3,0.0
"TORNKVIST, A",1,3,3,0.0
"EKLUND, J",1,3,3,0.0
"TRUONG, Q",1,3,3,0.0
"DU, X",1,3,3,0.0
"DE JESUS, MVN",1,3,3,0.0
"DA SILVA, D",1,3,3,0.0
"BLOIGU, R",1,3,3,0.0
"TURKKI, L",1,3,3,0.0
"VILLARREAL, B",1,3,3,0.0
"KUMAR, V",1,3,3,0.0
"DIAZ-RAMIREZ, J",1,3,3,0.0
"THURER, M",1,3,3,0.0
"AL-HYARI, K",1,3,3,0.0
"ABU HAMMOUR, S",1,3,3,0.0
"ABU ZAID, MKS",1,3,3,0.0
"HAFFAR, M",1,3,3,0.0
"KOVACEVIC, M",1,3,3,0.0
"JOVICIC, M",1,3,3,0.0
"DJAPAN, M",1,3,3,0.0
"ZIVANOVIC-MACUZIC, I",1,3,3,0.0
"MURALIRAJ, J",1,3,3,0.0
"KUPPUSAMY, S",1,3,3,0.0
"SANTHA, C",1,3,3,0.0
"DAVIS, AS",1,3,3,0.0
"ELKEEB, AM",1,3,3,0.0
"VIZZERI, G",1,3,3,0.0
"GODLEY, BF",1,3,3,0.0
"MARTIN, WP",1,3,3,0.0
"DOCHERTY, NG",1,3,3,0.0
"HASSANAIN, M",1,3,3,0.0
"ZAMAKHSHARY, M",1,3,3,0.0
"FARHAT, G",1,3,3,0.0
"AL-BADR, A",1,3,3,0.0
"RUFAI, SR",1,3,3,0.0
"ALEXANDER, P",1,3,3,0.0
"EMSLEY, E",1,3,3,0.0
"LASH, SC",1,3,3,0.0
"FORRESTER, P",1,3,3,0.0
"LEESE, RG",1,3,3,0.0
"NEWBOLD, D",1,3,3,0.0
"ESPOSTO, KF",1,3,3,0.0
"CHENG, SY",1,3,3,0.0
"PAPALEXI, M",1,3,3,0.0
"THAKUR, R",1,3,3,0.0
"SANGAR, S",1,3,3,0.0
"RAM, B",1,3,3,0.0
"FAIZAN, M",1,3,3,0.0
"PRIOR, G",1,3,3,0.0
"JOHNSON, C",1,3,3,0.0
"PORTER, L",1,3,3,0.0
"BRYANT, K",1,3,3,0.0
"DINULESCU, R",1,3,3,0.0
"SMEUREANU, I",1,3,3,0.0
"DOBRIN, C",1,3,3,0.0
"POPA, I",1,3,3,0.0
"CROMWELL, S",1,3,3,0.0
"CHIASSON, DA",1,3,3,0.0
"CASSIDY, D",1,3,3,0.0
"SOMERS, GR",1,3,3,0.0
"MEREDITH-JONES, K",1,3,3,0.0
"HASZARD, J",1,3,3,0.0
"STANGER, N",1,3,3,0.0
"SUDHAKARA, PR",1,3,3,0.0
"SAŁEK, R",1,3,3,0.0
"VENKAT, D",1,3,3,0.0
"CHRUZIK, K",1,3,3,0.0
"MCCANN, L",1,3,3,0.0
"HASSARD, JS",1,3,3,0.0
"GRANTER, E",1,3,3,0.0
"HYDE, PJ",1,3,3,0.0
"BARIL, C",1,3,3,0.0
"GASCON, V",1,3,3,0.0
"MILLER, J",1,3,3,0.0
"COTE, N",1,3,3,0.0
"FISHER, AM",1,3,3,0.0
"DING, MQ",1,3,3,0.0
"HOCHHEISER, H",1,3,3,0.0
"DOUGLAS, GP",1,3,3,0.0
"PATTON, CM",1,3,3,0.0
"LIM, KG",1,3,3,0.0
"RAMLOW, LW",1,3,3,0.0
"WHITE, KM",1,3,3,0.0
"HADDAD, MG",1,3,3,0.0
"ZOUEIN, PP",1,3,3,0.0
"SALEM, J",1,3,3,0.0
"OTAYEK, R",1,3,3,0.0
"DIGIOIA, AM",1,3,3,0.0
"GREENHOUSE, PK",1,3,3,0.0
"CHERMAK, T",1,3,3,0.0
"HAYDEN, MA",1,3,3,0.0
"FRANCA, SLB",1,3,3,0.0
"SAWHNEY, R",1,3,3,0.0
"HONDA, AC",1,3,3,0.0
"BERNARDO, VZ",1,3,3,0.0
"GEROLAMO, MC",1,3,3,0.0
"DAVIS, MM",1,3,3,0.0
"TAY, HL",1,3,3,0.0
"SINGH, PJ",1,3,3,0.0
"BHAKOO, V",1,3,3,0.0
"AL-BALUSHI, S",1,3,3,0.0
"ARBUNE, A",1,3,3,0.0
"ALLISON, P",1,3,3,0.0
"CONIGLIARO, J",1,3,3,0.0
"STELSON, P",1,3,3,0.0
"HILLE, J",1,3,3,0.0
"DOOLEN, T",1,3,3,0.0
"ALEXANDER, L",1,3,3,0.0
"SALTER, N",1,3,3,0.0
"DOUGLAS, L",1,3,3,0.0
"MAIJALA, R",1,3,3,0.0
"ELORANTA, S",1,3,3,0.0
"REUNANEN, T",1,3,3,0.0
"IKONEN, TS",1,3,3,0.0
"DICKERSON, MF",1,3,3,0.0
"HIHNALA, S",1,3,3,0.0
"KETTUNEN, L",1,3,3,0.0
"SUHONEN, M",1,3,3,0.0
"HAMAEKERS, AW",1,3,3,0.0
"BUHRE, WF",1,3,3,0.0
"D'ANDREAMATTEO, A",1,3,3,0.0
"GUY, A",1,3,3,0.0
"HOROWITZ, M",1,3,3,0.0
"YANAMADALA, V",1,3,3,0.0
"BURTON, DC",1,3,3,0.0
"BESS, RS",1,3,3,0.0
"WOJCIECHOWSKI, E",1,3,3,0.0
"PEARSALL, T",1,3,3,0.0
"MURPHY, P",1,3,3,0.0
"FRENCH, E",1,3,3,0.0
"ROSSINI, M",1,3,3,0.0
"PEREZ, CV",1,3,3,0.0
"GUERRERO, GS",1,3,3,0.0
"GARZON, FG",1,3,3,0.0
"GARCIA, AS",1,3,3,0.0
"SUBRAMANIAN, N",1,3,3,0.0
"MENACHEMI, N",1,3,3,0.0
"TINSLEY, T",1,3,3,0.0
"SCHULHOF, A",1,3,3,0.0
"COCHRAN, D",1,3,3,0.0
"SWARTZ, J",1,3,3,0.0
"ELAHI, B",1,3,3,0.0
"SMITH, J",1,3,3,0.0
"MATHUR, B",1,3,3,0.0
"MEENA, ML",1,3,3,0.0
"DANGAYACH, GS",1,3,3,0.0
"HUSSAIN, A",1,3,3,0.0
"RIVERS, PA",1,3,3,0.0
"MUNCHUS, G",1,3,3,0.0
"SUMAN, G",4,2,5,0.0
"SOLIMAN, M",3,2,4,0.0
"MUNAA, N",2,2,3,0.0
"UMMAH, F",2,2,3,0.0
SMITH,2,2,2,0.0
"STEELE, TN",2,2,4,0.0
"TEOTIA, SS",2,2,4,0.0
"HADDOCK, NT",2,2,4,0.0
"ARINI, M",2,2,2,0.0
LUKE,2,2,2,0.0
"EVANS, J",2,2,4,0.0
"SAMSON, D",2,2,4,0.0
"THAKUR, V",2,2,3,0.0
"AKERELE, OA",2,2,3,0.0
"TIWARI, AK",2,2,4,0.0
"PRASAD, KV",2,2,2,0.0
"DOBRZYKOWSKI, DD",2,2,3,0.0
"DEWING, J",2,2,4,0.0
"SMITH, IM",2,2,2,0.0
"BAGHERIAN, A",2,2,4,0.0
"PATRI, R",2,2,3,0.0
"CHOPRA, S",2,2,2,0.0
"DEMIRDOGEN, G",2,2,4,0.0
"ISIK, Z",2,2,4,0.0
"ARAYICI, Y",2,2,4,0.0
"HERNANDEZ-LARA, AB",2,2,4,0.0
"SANCHEZ-REBULL, MV",2,2,4,0.0
"NINEROLA, A",2,2,4,0.0
"VIDAL-CARRERAS, PI",2,2,4,0.0
"MARIN-GARCIA, JA",2,2,4,0.0
"MORELL-SANTANDREU, O",2,2,4,0.0
"SANTANDREU-MASCARELL, C",2,2,4,0.0
"GODINHO FILHO, M",2,2,2,0.0
"DIXIT, A",2,2,4,0.0
"ROUTROY, S",2,2,4,0.0
"DUBEY, SK",2,2,4,0.0
"A., A",2,2,2,0.0
"REIJULA, E",2,2,4,0.0
"MALIK, M",2,2,3,0.0
"ABD MANAF, NH",2,2,4,0.0
"ISLAM, R",2,2,4,0.0
"GUAN, Q",1,2,2,0.0
"ZHUANG, J",1,2,2,0.0
"FILSER, LD",1,2,2,0.0
"OLIVEIRA, OJ",1,2,2,0.0
"POKSINSKA, BB",1,2,2,0.0
"FIALKOWSKA-FILIPEK, M",1,2,2,0.0
"ENGSTROM, J",1,2,2,0.0
"GOMES, AM",1,2,2,0.0
"VIEIRA, PS",1,2,2,0.0
"WERLE, NB",1,2,2,0.0
"RAHMAWATI, NV",1,2,2,0.0
"WAGNER, R",1,2,2,0.0
"HATTINGH, T",1,2,2,0.0
"MEIJER, H",1,2,2,0.0
"GUPTA, L",1,2,2,0.0
"BHARTI, D",1,2,2,0.0
"KUMARI, R",1,2,2,0.0
"ADINOLFI, P",1,2,2,0.0
"ABUYADEK, R",1,2,2,0.0
"SHEHATA, A",1,2,2,0.0
"KAYANI, SA",1,2,2,0.0
"ABBAS, A",1,2,2,0.0
"EKOWATI, D",1,2,2,0.0
"GAUTAM, A",1,2,2,0.0
"SAKTHIVEL, J",1,2,2,0.0
"RAHMAN, FA",1,2,2,0.0
"SANCHO, D",1,2,2,0.0
"NAIDOO, L",1,2,2,0.0
"NXELE, S",1,2,2,0.0
"YUSUF-SAKA, T",1,2,2,0.0
"LEITE-DA-SILVA, B",1,2,2,0.0
"VELLES, M",1,2,2,0.0
"COSTA-RODRIGUES, J",1,2,2,0.0
"AREEWONG, K",1,2,2,0.0
"RATTANAWIBOONSOM, V",1,2,2,0.0
"VAN DER MEER, R",1,2,2,0.0
"CHAWATHE, T",1,2,2,0.0
"DEVKAR, G",1,2,2,0.0
"YESUDASAN, L",1,2,2,0.0
"KLOUDA, L",1,2,2,0.0
"OFFUTT, S",1,2,2,0.0
"WEIDEMAN, Y",1,2,2,0.0
"COZMA, D",1,2,2,0.0
"VACARESCU, C",1,2,2,0.0
"STOICESCU, C",1,2,2,0.0
"SHREE, S",1,2,2,0.0
"ZHOU, C",1,2,2,0.0
"BARATI, M",1,2,2,0.0
"ALKHDOUR, RY",1,2,2,0.0
"MOHAMMAD, N",1,2,2,0.0
"AHMAD MAHYADIN, F",1,2,2,0.0
"JAKOVLJEVIC, M",1,2,2,0.0
"TIMOFEYEV, Y",1,2,2,0.0
"ZHURAVLEVA, T",1,2,2,0.0
"SIBANDA, K",1,2,2,0.0
"NDAYIZIGAMIYE, P",1,2,2,0.0
"TWINOMURINZI, H",1,2,2,0.0
"ARUWAJOYE, A",1,2,2,0.0
"BOMMER, S",1,2,2,0.0
"ADEYEMI, E",1,2,2,0.0
"MARJANE, C",1,2,2,0.0
"BAJJOU, MS",1,2,2,0.0
"CHAFI, A",1,2,2,0.0
"ANTONIADOU, M",1,2,2,0.0
"TZAFERI, EI",1,2,2,0.0
"ANTONIADOU, C",1,2,2,0.0
"VASUDEV, H",1,2,2,0.0
"VLASSOV, V",1,2,2,0.0
"GABUNIYA, N",1,2,2,0.0
"VLASOVA, A",1,2,2,0.0
"SJATTAR, EL",1,2,2,0.0
"ARAFAT, R",1,2,2,0.0
"LING, LW",1,2,2,0.0
"TUCKER, J",1,2,2,0.0
"NOBLE, J",1,2,2,0.0
"ANDERSON, T",1,2,2,0.0
"DOS SANTOS, LHR",1,2,2,0.0
"DONG, Y",1,2,2,0.0
"MAO, F",1,2,2,0.0
"DING, C",1,2,2,0.0
"SFAKIANAKI, E",1,2,2,0.0
"GURUMURTHY, R",1,2,2,0.0
"PEREIRA, A",1,2,2,0.0
"DHALIWAL, P",1,2,2,0.0
"COCKERELL, CJ",1,2,2,0.0
"JAMES, R",1,2,2,0.0
"HARTLEY, J",1,2,2,0.0
"STROUD, L",1,2,2,0.0
"KATIYAR, A",1,2,2,0.0
"PATWA, JR",1,2,2,0.0
"CHAVDA, N",1,2,2,0.0
"NAL, M",1,2,2,0.0
"DAG, E",1,2,2,0.0
"DEMIR, Y",1,2,2,0.0
"TAKSIC, I",1,2,2,0.0
"RADMAN, M",1,2,2,0.0
"PECEK, M",1,2,2,0.0
"MANSK, R",1,2,2,0.0
"NANDI, S",1,2,2,0.0
"HELMS, M",1,2,2,0.0
"YUCENUR, GN",1,2,2,0.0
"SENTURK, S",1,2,2,0.0
"TASPATLATANLAR, E",1,2,2,0.0
"LIM, S",1,2,2,0.0
"ZHOU, H",1,2,2,0.0
"OGAWA, W",1,2,2,0.0
"GLINTBORG, D",1,2,2,0.0
"CHRISTENSEN, LL",1,2,2,0.0
"ANDERSEN, MS",1,2,2,0.0
"DASS, J",1,2,2,0.0
"YERAVDEKAR, R",1,2,2,0.0
"PANDEY, RD",1,2,2,0.0
"SINGH, S",1,2,2,0.0
"KASHYAP, JR",1,2,2,0.0
"KUMARI, A",1,2,2,0.0
"GHOSH, M",1,2,2,0.0
"PRATAP SINGH, M",1,2,2,0.0
"HARRY, KD",1,2,2,0.0
"VAN AKEN, EM",1,2,2,0.0
"GLOVER, WJ",1,2,2,0.0
"KHATIB, IA",1,2,2,0.0
"ALASHEH, S",1,2,2,0.0
"SHAMAYLEH, A",1,2,2,0.0
"OSORIO-CANCHIG, KT",1,2,2,0.0
"REYES-VASQUEZ, JP",1,2,2,0.0
"ALDAS-SALAZAR, DS",1,2,2,0.0
"CAO, X",1,2,2,0.0
"SHEN, G",1,2,2,0.0
"SUN, T",1,2,2,0.0
"FERRARA, M",1,2,2,0.0
"QUADRAS, G",1,2,2,0.0
"TALYSHINSKII, A",1,2,2,0.0
"KOWSHIK, S",1,2,2,0.0
"HOUSSAINI, MS",1,2,2,0.0
"ABOUTAJEDDINE, A",1,2,2,0.0
"TOUGHRAI, I",1,2,2,0.0
"INSFRAN-RIVAROLA, A",1,2,2,0.0
"SANCHEZ-LIZARRAGA, M",1,2,2,0.0
"PELLEGRINO, R",1,2,2,0.0
"CUCCURULLO, C",1,2,2,0.0
"VILLA, S",1,2,2,0.0
"FAGGIAN, A",1,2,2,0.0
"CAPRI, D",1,2,2,0.0
"GRACIS, S",1,2,2,0.0
"MISHRA, KK",1,2,2,0.0
"ABDEL-RAHMAN, MJ",1,2,2,0.0
"KHALIL, A",1,2,2,0.0
"REFAI, D",1,2,2,0.0
"PATEL, B",1,2,2,0.0
"PALADINI, S",1,2,2,0.0
"ABDALLAH, AB",1,2,2,0.0
"BASHEER, SN",1,2,2,0.0
"ALKHALDI, RZ",1,2,2,0.0
"LOGRONO, KJ",1,2,2,0.0
"ZU'BI, BSM",1,2,2,0.0
"SIDDIQUI, R",1,2,2,0.0
"PORTELANCE, E",1,2,2,0.0
"LAURIN, C",1,2,2,0.0
"TESSIER, S",1,2,2,0.0
"MADEMLIS, K",1,2,2,0.0
"ZOTAS, N",1,2,2,0.0
"CARAYANNIS, E",1,2,2,0.0
"OWENS, E",1,2,2,0.0
"MONTGOMERY, S",1,2,2,0.0
"ROBLES, J",1,2,2,0.0
"MASUM, MH",1,2,2,0.0
"RAJ, B",1,2,2,0.0
"SHOWMIK, SS",1,2,2,0.0
"BARBOZA, RM",1,2,2,0.0
"TINOCO, CMM",1,2,2,0.0
"VALANDRO SOARES, JC",1,2,2,0.0
"KUNNEN, YS",1,2,2,0.0
"SMAILHODZIC, ",1,2,2,0.0
"MONCADA-JIMENEZ, J",1,2,2,0.0
"CHACON-ARAYA, Y",1,2,2,0.0
"CARPIO-RIVERA, E",1,2,2,0.0
"GEISELMAN, EL",1,2,2,0.0
"HENDRICKS, SM",1,2,2,0.0
"SWENTY, CF",1,2,2,0.0
"KUMAR, KS",1,2,2,0.0
"BABU, RV",1,2,2,0.0
"PARANITHARAN, KP",1,2,2,0.0
"OJO, B",1,2,2,0.0
"FELDMAN, R",1,2,2,0.0
"RAMPERSAD, S",1,2,2,0.0
"JULEFF, L",1,2,2,0.0
"KHORASANI, ST",1,2,2,0.0
"MAGHAZEI, O",1,2,2,0.0
"RINDHAGEN, C",1,2,2,0.0
"JOHANSSON, T",1,2,2,0.0
"HUH, Y",1,2,2,0.0
"CHO, YJ",1,2,2,0.0
"NAM, GE",1,2,2,0.0
"HALE, D",1,2,2,0.0
"FALLON, EF",1,2,2,0.0
"FITZGERALD, C",1,2,2,0.0
"BOLCATO, M",1,2,2,0.0
"RODRIGUEZ, D",1,2,2,0.0
"APRILE, A",1,2,2,0.0
"ABRAMOVA, O",1,2,2,0.0
"BATZEL, K",1,2,2,0.0
"MODESTI, D",1,2,2,0.0
"LANZA-LEON, P",1,2,2,0.0
"SANCHEZ-RUIZ, L",1,2,2,0.0
"CANTARERO-PRIETO, D",1,2,2,0.0
"MOISAN, L",1,2,2,0.0
"LAGACE, D",1,2,2,0.0
"CARRILLO, AM",1,2,2,0.0
"MUNOZ, OM",1,2,2,0.0
"PORTA, RMD",1,2,2,0.0
"MEACOCK, J",1,2,2,0.0
"MUKHERJEE, S",1,2,2,0.0
"SHEIKH, A",1,2,2,0.0
"AKRAMI, Z",1,2,2,0.0
"MIRGHADERI, SH",1,2,2,0.0
"SHIRAZI, ANM",1,2,2,0.0
"BORAH, SB",1,2,2,0.0
"MOSES, AC",1,2,2,0.0
"SCHWERHA, D",1,2,2,0.0
"CASEY, A",1,2,2,0.0
"LOREE, N",1,2,2,0.0
"PIWOWARSKA-BILSKA, H",1,2,2,0.0
"KURKOWSKA, S",1,2,2,0.0
"BIRKENFELD, B",1,2,2,0.0
"LU, Y",1,2,2,0.0
"BISHOP, NB",1,2,2,0.0
"ZADEH, R",1,2,2,0.0
"VLACHOS, I",1,2,2,0.0
"SHEFFLETTE, A",1,2,2,0.0
"PATEL, N",1,2,2,0.0
"CARUSO, J",1,2,2,0.0
"LAMBA, S",1,2,2,0.0
"OMARY, MB",1,2,2,0.0
"STROM, BL",1,2,2,0.0
"AL-SHAMI, KM",1,2,2,0.0
"AHMED, WS",1,2,2,0.0
"ALZOUBI, KH",1,2,2,0.0
"RODTS, MF",1,2,2,0.0
"MERZ, J",1,2,2,0.0
"APOSTU, SA",1,2,2,0.0
"VASILE, V",1,2,2,0.0
"SAMIEINASAB, M",1,2,2,0.0
"HAMID, M",1,2,2,0.0
"RABBANI, M",1,2,2,0.0
"ERTHAL, A",1,2,2,0.0
"FRANGESKOU, M",1,2,2,0.0
"MARQUES, L",1,2,2,0.0
"STUBBINS, R",1,2,2,0.0
"BERNICKER, EH",1,2,2,0.0
"QUIGLEY, EMM",1,2,2,0.0
"SALES-COLL, M",1,2,2,0.0
"HUETO-MADRID, JA",1,2,2,0.0
"ANNA, T",1,2,2,0.0
"CATERINA, P",1,2,2,0.0
"CHIARA, V",1,2,2,0.0
"MUNEER, A",1,2,2,0.0
"FATI, SM",1,2,2,0.0
"FUDDAH, S",1,2,2,0.0
"LEE, HB",1,2,2,0.0
"MCNAMARA, P",1,2,2,0.0
"BHATTACHARYYA, K",1,2,2,0.0
"KUMAR, P",1,2,2,0.0
"SINGH, D",1,2,2,0.0
"BHAMU, J",1,2,2,0.0
"SCHWERIN, MR",1,2,2,0.0
"LUCAS, AD",1,2,2,0.0
"WOODS, TO",1,2,2,0.0
"PRASAD, R",1,2,2,0.0
"SONG, C",1,2,2,0.0
"QIAO, Y",1,2,2,0.0
"SANTOS-DIAZ, A",1,2,2,0.0
"SHEEHAN, JR",1,2,2,0.0
"LYONS, B",1,2,2,0.0
"HOLT, F",1,2,2,0.0
"KARTICK, P",1,2,2,0.0
"URIBE-QUEVEDO, A",1,2,2,0.0
"ROJAS, D",1,2,2,0.0
"HENRIKSEN, HB",1,2,2,0.0
"ALAVI, DH",1,2,2,0.0
"BLOMHOFF, R",1,2,2,0.0
"DERANEK, K",1,2,2,0.0
"KRAMER, S",1,2,2,0.0
"SIEGEL, S",1,2,2,0.0
"SHAH, PR",1,2,2,0.0
"LEICHTLE, S",1,2,2,0.0
"SPENCER, P",1,2,2,0.0
"COZIJNSEN, L",1,2,2,0.0
"LEVI, M",1,2,2,0.0
"VERKERK, MJ",1,2,2,0.0
"SHAIKH, U",1,2,2,0.0
"PETRAY, J",1,2,2,0.0
"WISNER, DH",1,2,2,0.0
"AHMADPOUR, S",1,2,2,0.0
"BAYRAMZADEH, S",1,2,2,0.0
"AGHAEI, P",1,2,2,0.0
"MALVIYA, N",1,2,2,0.0
"MALVIYA, S",1,2,2,0.0
"DHERE, M",1,2,2,0.0
"BISHOP, SS",1,2,2,0.0
"AROH, AC",1,2,2,0.0
"FREITAS, PS",1,2,2,0.0
"DE MENDONCA, GS",1,2,2,0.0
"RESENDE, ES",1,2,2,0.0
"CAN, GF",1,2,2,0.0
"TOKTAS, P",1,2,2,0.0
"PAKDIL, F",1,2,2,0.0
"MANE, M",1,2,2,0.0
"MOHANTY, B",1,2,2,0.0
"TOMAR, PK",1,2,2,0.0
"VAZQUEZ-SERRANO, JI",1,2,2,0.0
"YADAV, N",1,2,2,0.0
"SHANKAR, R",1,2,2,0.0
"HEIJINK, A",1,2,2,0.0
"SCHOONHOVEN, M",1,2,2,0.0
"TOSUNER, Z",1,2,2,0.0
"KARAER, O",1,2,2,0.0
"INCE, U",1,2,2,0.0
"YEH, DD",1,2,2,0.0
"ALOTAIBI, Y",1,2,2,0.0
"ALNOWAISER, N",1,2,2,0.0
"ALAMRY, A",1,2,2,0.0
"HENRY, L",1,2,2,0.0
"PAIK, J",1,2,2,0.0
"YOUNOSSI, ZM",1,2,2,0.0
"VAN DUN, DH",1,2,2,0.0
"DE ALMEIDA, AG",1,2,2,0.0
"YU, T",1,2,2,0.0
"BHUIYAN, N",1,2,2,0.0
"AWANG, M",1,2,2,0.0
"IDRIS, MR",1,2,2,0.0
"ZAKARIA, Z",1,2,2,0.0
"THAKER, V",1,2,2,0.0
"CARTER, B",1,2,2,0.0
"PUTMAN, M",1,2,2,0.0
"CHANDVALE, A",1,2,2,0.0
"ABDELMOTIELEB, M",1,2,2,0.0
"LANKAYIL, AA",1,2,2,0.0
"ALRAHBI, D",1,2,2,0.0
"KHAN, M",1,2,2,0.0
"PENG, LS",1,2,2,0.0
"RASID, MF",1,2,2,0.0
"SALIM, WI",1,2,2,0.0
"SHARMA, GVSS",1,2,2,0.0
"PRASAD, CLVRSV",1,2,2,0.0
"SRINIVASA RAO, M",1,2,2,0.0
"MURPHY, BP",1,2,2,0.0
"O’RAGHALLAIGH, P",1,2,2,0.0
"MANKKI, L",1,2,2,0.0
"AHO, T",1,2,2,0.0
"HIRVONEN, H",1,2,2,0.0
"MISTARIHI, MZ",1,2,2,0.0
"AL-TAHAT, MD",1,2,2,0.0
"AL-NIMER, SH",1,2,2,0.0
"BAID, H",1,2,2,0.0
"PIRRO, F",1,2,2,0.0
"SHABAN, A",1,2,2,0.0
"AYAD, G",1,2,2,0.0
"AHMED, NGS",1,2,2,0.0
"GUTIERREZ-MENDOZA, LM",1,2,2,0.0
"KALLAL, A",1,2,2,0.0
"GRIFFEN, D",1,2,2,0.0
"DAVEY, D",1,2,2,0.0
"MALONE, S",1,2,2,0.0
"EGAN, B",1,2,2,0.0
"ANDERSEN, MFR",1,2,2,0.0
"MIDTGAARD, J",1,2,2,0.0
"BJERRE, ED",1,2,2,0.0
"SIVARATHINABALA, M",1,2,2,0.0
"ABIRAMI, S",1,2,2,0.0
"BASKARAN, R",1,2,2,0.0
"PADHY, R",1,2,2,0.0
"BAHCELI, PZ",1,2,2,0.0
"DONMEZ, AA",1,2,2,0.0
"AKCA, NK",1,2,2,0.0
"RANDELL, E",1,2,2,0.0
"BELGA, SMMF",1,2,2,0.0
"SILVA, KL",1,2,2,0.0
"JORGE, AO",1,2,2,0.0
"HAEYEN, S",1,2,2,0.0
"JANS, N",1,2,2,0.0
"HEIJMAN, J",1,2,2,0.0
"NESBITT, KM",1,2,2,0.0
"BAKKUM-GAMEZ, JN",1,2,2,0.0
"PERNA, M",1,2,2,0.0
"KUUPIEL, D",1,2,2,0.0
"BAWONTUO, V",1,2,2,0.0
"MASHAMBA-THOMPSON, TP",1,2,2,0.0
"STOKES, SB",1,2,2,0.0
"ROSS, J",1,2,2,0.0
"PENESIS, J",1,2,2,0.0
"BADRICK, T",1,2,2,0.0
"BAL, A",1,2,2,0.0
"CEYLAN, C",1,2,2,0.0
"TACOGLU, C",1,2,2,0.0
"RAUCH, E",1,2,2,0.0
"FRANZELLIN, VM",1,2,2,0.0
"SCHWARTZ, AL",1,2,2,0.0
"DE HEER, HD",1,2,2,0.0
"BEA, JW",1,2,2,0.0
"OLDROYD, B",1,2,2,0.0
"TREADGOLD, L",1,2,2,0.0
"REGAN, W",1,2,2,0.0
"HOTHI, D",1,2,2,0.0
"JONES, K",1,2,2,0.0
"VISSE, M",1,2,2,0.0
"WIDDERSHOVEN, GAM",1,2,2,0.0
"MARTIN, DM",1,2,2,0.0
"YANEZ, ND",1,2,2,0.0
"TREGGIARI, MM",1,2,2,0.0
"REWA, O",1,2,2,0.0
"MOTTES, T",1,2,2,0.0
"BAGSHAW, SM",1,2,2,0.0
"SCHULTZ, SR",1,2,2,0.0
"RUTER, RL",1,2,2,0.0
"TIBOR, LC",1,2,2,0.0
"MORAROS, J",1,2,2,0.0
"LEMSTRA, M",1,2,2,0.0
"NWANKWO, C",1,2,2,0.0
"HUHS, E",1,2,2,0.0
"GLIEBE, W",1,2,2,0.0
"SENDLHOFER, G",1,2,2,0.0
"NAIR, VK",1,2,2,0.0
"VINODH, S",1,2,2,0.0
"BATAYEH, BG",1,2,2,0.0
"ARTZBERGER, GH",1,2,2,0.0
"WILLIAMS, LDA",1,2,2,0.0
"SCHEEDE-BERGDAHL, C",1,2,2,0.0
"MINNELLA, M",1,2,2,0.0
"CARLI, F",1,2,2,0.0
"ZHU, Q",1,2,2,0.0
"KAPIL, S",1,2,2,0.0
"BALDASSARRE, FF",1,2,2,0.0
"RICCIARDI, F",1,2,2,0.0
"CAMPO, R",1,2,2,0.0
"DAULTANI, Y",1,2,2,0.0
"FEIBERT, DC",1,2,2,0.0
"ANDERSEN, BR",1,2,2,0.0
"JACOBSEN, P",1,2,2,0.0
"ADEBANJO, D",1,2,2,0.0
"LAOSIRIHONGTHONG, T",1,2,2,0.0
"CHIOZZA, ML",1,2,2,0.0
"IUREV, VK",1,2,2,0.0
"AVDEEVA, MV",1,2,2,0.0
"FILATOV, VN",1,2,2,0.0
"LEE, JY",1,2,2,0.0
"GOWEN, C",1,2,2,0.0
"NIKOLAEVA, A",1,2,2,0.0
"DEMYANOVA, O",1,2,2,0.0
"PUGACHEVA, M",1,2,2,0.0
"SHIBANUMA, A",1,2,2,0.0
"AOUN, M",1,2,2,0.0
"HASNAN, N",1,2,2,0.0
"AL-AARAJ, H",1,2,2,0.0
"WILSON, WJ",1,2,2,0.0
"JAYAMAHA, N",1,2,2,0.0
"FRATER, G",1,2,2,0.0
"GIRALDO, A",1,2,2,0.0
"MOTHERSELL, WM",1,2,2,0.0
"MOTWANI, J",1,2,2,0.0
"AL NEYADI, HS",1,2,2,0.0
"NAROTTAM, Y",1,2,2,0.0
"GABUTTI, I",1,2,2,0.0
"CICCHETTI, A",1,2,2,0.0
"MASON, S",1,2,2,0.0
"NICOLAY, CR",1,2,2,0.0
"DARZI, A",1,2,2,0.0
"BITTENCOURT, O",1,2,2,0.0
"VERTER, V",1,2,2,0.0
"YALOVSKY, M",1,2,2,0.0
"JNANESH, NA",1,2,2,0.0
"ISHAK, FA",1,2,2,0.0
"JOHARI, MK",1,2,2,0.0
"DOLAH, R",1,2,2,0.0
"SAVINO, MM",1,2,2,0.0
"MAZZA, A",1,2,2,0.0
"MARCHETTI, B",1,2,2,0.0
"ABUHEJLEH, AA",1,2,2,0.0
"DULAIMI, M",1,2,2,0.0
"PANDIT, AP",1,2,2,0.0
"ARLAND, P",1,2,2,0.0
"RAO, S",1,2,2,0.0
"SAMUEL, C",1,2,2,0.0
"SHARMA, SK",1,2,2,0.0
"VONDEREMBSE, MA",1,2,2,0.0
"MALLIKARJUNA, B",1,2,2,0.0
"VISWANATHAN, R",1,2,2,0.0
"NAIB, BB",1,2,2,0.0
"GAVRILOFF, C",1,2,2,0.0
"OSTROWSKI-DELAHANTY, S",1,2,2,0.0
"OLDFIELD, K",1,2,2,0.0
"LEHMANN, AI",1,2,2,0.0
"BRAUCHLI, R",1,2,2,0.0
"BAUER, GF",1,2,2,0.0
"CHAURASIA, B",1,2,2,0.0
"GARG, D",1,2,2,0.0
"AGARWAL, A",1,2,2,0.0
NAROTTAM,1,2,2,0.0
"KUSY, M",1,2,2,0.0
"DIAMOND, M",1,2,2,0.0
"VRCHOTA, S",1,2,2,0.0
"MOLINER FARJAS, G",1,2,2,0.0
"LI, W",1,2,2,0.0
"BERGE-BOUCHARA, C",1,2,2,0.0
"CONTENTIN, N",1,2,2,0.0
"DAOUPHARS, M",1,2,2,0.0
"WHITE, M",1,2,2,0.0
"BUTTERWORTH, T",1,2,2,0.0
"WELLS, JS",1,2,2,0.0
"RADHAKRISHNAN, NS",1,2,2,0.0
"SOUTHWICK, FS",1,2,2,0.0
"NAIK, SR",1,2,2,0.0
"KHYATHI, GV",1,2,2,0.0
"LOKESH, AC",1,2,2,0.0
"GUIZZI, G",1,2,2,0.0
"CHIOCCA, D",1,2,2,0.0
"BLIJLEVEN, V",1,2,2,0.0
"KOELEMEIJER, K",1,2,2,0.0
"RAUCH, ",1,2,2,0.0
"BROWN, CS",1,2,2,0.0
"MASTERS, KS",1,2,2,0.0
"HUEBSCHMANN, AG",1,2,2,0.0
"NIELSEN, AP",1,2,2,0.0
"EDWARDS, K",1,2,2,0.0
"HUANG, CH",1,2,2,0.0
"PENG, LN",1,2,2,0.0
"CHEN, LK",1,2,2,0.0
"KURMANGULOV, AA",1,2,2,0.0
"RESHETNIKOVA, YS",1,2,2,0.0
"BRYNZA, NS",1,2,2,0.0
"HEMPHALA, J",1,2,2,0.0
"WALLEY, P",1,2,2,0.0
"FOUND, P",1,2,2,0.0
"LETHBRIDGE, S",1,2,2,0.0
"ESAIN, A",1,2,2,0.0
"ALVES, TCL",1,2,2,0.0
"LICHTIG, W",1,2,2,0.0
"RYBKOWSKI, ZK",1,2,2,0.0
"ALNAJEM, M",1,2,2,0.0
"ALMUSAWI, E",1,2,2,0.0
"ALMAGTOME, A",1,2,2,0.0
"SHAKER, AS",1,2,2,0.0
"CARTER, CS",1,2,2,0.0
"SOLBERG, LB",1,2,2,0.0
"SOLBERG, LM",1,2,2,0.0
"BOOKER, C",1,2,2,0.0
"TURBUTT, A",1,2,2,0.0
"FOX, R",1,2,2,0.0
"YAHYA, NZ",1,2,2,0.0
"RAMLI, MFS",1,2,2,0.0
"SHAARDAN, NA",1,2,2,0.0
"ROSLIN, EN",1,2,2,0.0
"AHAMAT, MA",1,2,2,0.0
"DEMOSTHENES, LD",1,2,2,0.0
"LANE, AS",1,2,2,0.0
"BLACKHURST, DW",1,2,2,0.0
"NG, A",1,2,2,0.0
"HENSHAW, C",1,2,2,0.0
"CARTER, M",1,2,2,0.0
"GŁADYSZ, BO",1,2,2,0.0
"MEZGHANI, E",1,2,2,0.0
"EXPOSITO, E",1,2,2,0.0
"DRIRA, K",1,2,2,0.0
VANICHCHINCHAI,3,1,3,0.0
ASSADEJ,3,1,3,0.0
HAROLDS,3,1,3,0.0
"A., J",3,1,3,0.0
"AJMERA, P",3,1,3,0.0
"JAIN, V",3,1,3,0.0
"KAHM, T",3,1,3,0.0
"INGELSSON, P",3,1,3,0.0
"HURME, P",2,1,2,0.0
"LILJEROOS-CORK, J",2,1,2,0.0
ABDELHADI,2,1,2,0.0
ABDELHAKIM,2,1,2,0.0
"VAISHNAVI, V",2,1,2,0.0
"SALEESHYA, PG",2,1,2,0.0
"HARIKUMAR, P",2,1,2,0.0
"DORVAL, M",2,1,2,0.0
LEITE,2,1,2,0.0
HIGOR,2,1,2,0.0
"SALAM, MA",2,1,2,0.0
"KHAN, SA",2,1,2,0.0
"MIRDAD, WK",2,1,2,0.0
HAUGE,2,1,2,0.0
"MARTINUS, A",2,1,2,0.0
SCHONBERGER,2,1,2,0.0
"J., R",2,1,2,0.0
"KHLIE, K",2,1,2,0.0
"ABOUABDELLAH, A",2,1,2,0.0
MEYER,2,1,2,0.0
"A., M",2,1,2,0.0
"SANTOS, MC",1,1,1,0.0
"BALSANELLI, AP",1,1,1,0.0
"THAIS OLIVEIRA DA SILVA, LMVTSLFPS",1,1,1,0.0
"ANNA, RSSMRM",1,1,1,0.0
"ZEILER, J",1,1,1,0.0
"STRAZOVSKA, L",1,1,1,0.0
"ALPAR, SE",1,1,1,0.0
"D., A",1,1,1,0.0
YAGLOWSKI,1,1,1,0.0
JASON,1,1,1,0.0
"BHALADHARE, R",1,1,1,0.0
"RISHIPATHAK, P",1,1,1,0.0
ZAHER,1,1,1,0.0
SARA,1,1,1,0.0
SOLER,1,1,1,0.0
"ANANIAS, F",1,1,1,0.0
"SNYGG, J",1,1,1,0.0
"TIRTA, CPA",1,1,1,0.0
VALENCIA,1,1,1,0.0
"NOGUES, S",1,1,1,0.0
"TREMBLAY, DG",1,1,1,0.0
"NAZEMI, M",1,1,1,0.0
"HASANI, A",1,1,1,0.0
"FANG, K",1,1,1,0.0
"XUE, S",1,1,1,0.0
"MEERMANS, G",1,1,1,0.0
"VAN EGMOND, JC",1,1,1,0.0
BATIHA,1,1,1,0.0
ABDUL-MONIM,1,1,1,0.0
"POLIDO, BA",1,1,1,0.0
"DE CARVALHO, ECA",1,1,1,0.0
"TRIPATHI, V",1,1,1,0.0
"PREETHA, GS",1,1,1,0.0
"OKORE, LA",1,1,1,0.0
"MOLNAR, E",1,1,1,0.0
"MISRA, R",1,1,1,0.0
"FERNANDO, S",1,1,1,0.0
PILSKOG,1,1,1,0.0
"KVALEN, V",1,1,1,0.0
"HAFFAR, S",1,1,1,0.0
"OZCEYLAN, E",1,1,1,0.0
"LAMARRE, M",1,1,1,0.0
"BOUDREAU, D",1,1,1,0.0
"WATANABE, WC",1,1,1,0.0
"PATITAD, P",1,1,1,0.0
HAMPSON,1,1,1,0.0
NUALA,1,1,1,0.0
"GARSKI, JA",1,1,1,0.0
"WALKOWIAK, D",1,1,1,0.0
HURME,1,1,1,0.0
PETRA,1,1,1,0.0
"QUADROS, FC",1,1,1,0.0
ALOGLA,1,1,1,0.0
AGEEL,1,1,1,0.0
YILMAZLAR,1,1,1,0.0
AYSUN,1,1,1,0.0
"TOSUN, H",1,1,1,0.0
"SAHIN, G",1,1,1,0.0
ADAMS,1,1,1,0.0
"NORMAN, N",1,1,1,0.0
GROSS,1,1,1,0.0
"L., M",1,1,1,0.0
FORTENBERRY,1,1,1,0.0
"L., J",1,1,1,0.0
CALHOUN,1,1,1,0.0
"L., D",1,1,1,0.0
"ALKHATIB, A",1,1,1,0.0
"OBITA, G",1,1,1,0.0
ANTONIADOU,1,1,1,0.0
MARIA,1,1,1,0.0
"HEMAIDA, I",1,1,1,0.0
"CRAWLEY, L",1,1,1,0.0
"SEKO, Y",1,1,1,0.0
"YAMAGUCHI, K",1,1,1,0.0
"VIDHYA, G",1,1,1,0.0
"BHANU, SV",1,1,1,0.0
ALMAKAYEEL,1,1,1,0.0
NAIF,1,1,1,0.0
"KHALIL, V",1,1,1,0.0
"FOO, S",1,1,1,0.0
"PRIMA, HL",1,1,1,0.0
"NGAORUNGSI, T",1,1,1,0.0
"CHUTIMA, P",1,1,1,0.0
"SICKA, B",1,1,1,0.0
"RAY, L",1,1,1,0.0
"RANA, JA",1,1,1,0.0
"JANI, SY",1,1,1,0.0
CHARETTE,1,1,1,0.0
MICHELLE,1,1,1,0.0
"TRINCANATO, E",1,1,1,0.0
"VAGNONI, E",1,1,1,0.0
"SHARMA, MG",1,1,1,0.0
"RAHMAN, MA",1,1,1,0.0
"KIRBY, D",1,1,1,0.0
"STARKOFF, B",1,1,1,0.0
"KHER, N",1,1,1,0.0
"CHAUHAN, S",1,1,1,0.0
"DEANG, GMV",1,1,1,0.0
"BANGCOLA, AA",1,1,1,0.0
"KAZADI, S",1,1,1,0.0
"OLANREWAJU, O",1,1,1,0.0
CRESPO-LESSMANN,1,1,1,0.0
ASTRID,1,1,1,0.0
"NAZARI-SHIRKOUHI, S",1,1,1,0.0
"SAMADI, S",1,1,1,0.0
"VERDONCK, P",1,1,1,0.0
"VERNIERS, I",1,1,1,0.0
"MARTINS, AL",1,1,1,0.0
VINAY,1,1,1,0.0
"SINGER, P",1,1,1,0.0
"KISH, MS",1,1,1,0.0
SCHOW,1,1,1,0.0
"SHEEHAN, M",1,1,1,0.0
"METCALF, AY",1,1,1,0.0
"JASIN, LR",1,1,1,0.0
"RAPAO, MP",1,1,1,0.0
"NKOANA, PMW",1,1,1,0.0
"FAUZI, MA",1,1,1,0.0
ARIGAPUDI,1,1,1,0.0
NITHYA,1,1,1,0.0
SINCLAIR,1,1,1,0.0
GORDON,1,1,1,0.0
"USHA, V",1,1,1,0.0
"RAJALAKSHMI, NR",1,1,1,0.0
"AITKEN, J",1,1,1,0.0
"YOUSEFIZAD, M",1,1,1,0.0
"MANAVIZADEH, N",1,1,1,0.0
"MENDES, L",1,1,1,0.0
"FRANCA, G",1,1,1,0.0
"ILYASU, FB",1,1,1,0.0
"ADESHINA, SA",1,1,1,0.0
"GARATTINI, L",1,1,1,0.0
"MARTINI, MB",1,1,1,0.0
GEBREMARIYAM,1,1,1,0.0
"MESSELE, H",1,1,1,0.0
"MANSOUR, S",1,1,1,0.0
"KANSARA, S",1,1,1,0.0
"DE ARRUDA IGNACIO, PS",1,1,1,0.0
"ELLIOTT, IC",1,1,1,0.0
"SATTIGERI, RC",1,1,1,0.0
"KULKARNI, DG",1,1,1,0.0
LEIFSO,1,1,1,0.0
JUSTIN,1,1,1,0.0
"BONI, AA",1,1,1,0.0
"ABREMSKI, D",1,1,1,0.0
"MAHMUTAJ, LR",1,1,1,0.0
"SHRESTHA, P",1,1,1,0.0
"CAMGOZ-AKDAG, H",1,1,1,0.0
"BELDEK, T",1,1,1,0.0
"KORKOSZ-GEBSKA, J",1,1,1,0.0
"POPLAWSKI, L",1,1,1,0.0
JOHNSON,1,1,1,0.0
DAVE,1,1,1,0.0
"VASUGI, V",1,1,1,0.0
"KOGANTI, C",1,1,1,0.0
"FRANK, L",1,1,1,0.0
"RADER, A",1,1,1,0.0
SODHI,1,1,1,0.0
"KENDRICK, H",1,1,1,0.0
"GARDNER, JW",1,1,1,0.0
"CHILDS, S",1,1,1,0.0
"HOLMES, CJ",1,1,1,0.0
"RACETTE, SB",1,1,1,0.0
"CHBALY, H",1,1,1,0.0
"BRUNET, M",1,1,1,0.0
"SMITH, DTL",1,1,1,0.0
"FYLAN, F",1,1,1,0.0
"ALLISON, G",1,1,1,0.0
"BEKTAS, G",1,1,1,0.0
"KIPER, F",1,1,1,0.0
"KIRBY, KF",1,1,1,0.0
"GOOD, B",1,1,1,0.0
SAADIA,1,1,1,0.0
ZAHEERA,1,1,1,0.0
"YAP, KYL",1,1,1,0.0
"XIE, Q",1,1,1,0.0
"AL-HAKIM, L",1,1,1,0.0
"SEVDALIS, N",1,1,1,0.0
"STENTOFT, J",1,1,1,0.0
"FREYTAG, PV",1,1,1,0.0
BEIRL,1,1,1,0.0
"FERNANDO, J",1,1,1,0.0
"ROCHA, IJA",1,1,1,0.0
"VASCONCELOS, CR",1,1,1,0.0
"ANTONSEN, Y",1,1,1,0.0
"BYE, G",1,1,1,0.0
NICHOLAS,1,1,1,0.0
JOHN,1,1,1,0.0
"NEUMANN, WP",1,1,1,0.0
"PURDY, N",1,1,1,0.0
"BAYLISS, E",1,1,1,0.0
"RAMIRES, F",1,1,1,0.0
"SAMPAIO, P",1,1,1,0.0
CHBALY,1,1,1,0.0
HAFSA,1,1,1,0.0
KAPLAN,1,1,1,0.0
"S., G",1,1,1,0.0
"M., I",1,1,1,0.0
TAY,1,1,1,0.0
"LING, H",1,1,1,0.0
"AGRAWAL, S",1,1,1,0.0
"TURNER, J",1,1,1,0.0
"MUHARAM, R",1,1,1,0.0
"FIRMAN, F",1,1,1,0.0
STEERE,1,1,1,0.0
LEE,1,1,1,0.0
JESUDASON,1,1,1,0.0
"PRASHANTH, E",1,1,1,0.0
CAMILLO,1,1,1,0.0
JIM,1,1,1,0.0
"HA, YC",1,1,1,0.0
"YOO, JI",1,1,1,0.0
"BILGIC, D",1,1,1,0.0
"CAMGOZ AKDAG, H",1,1,1,0.0
"LIM, H",1,1,1,0.0
"SON, K",1,1,1,0.0
SALINAS,1,1,1,0.0
BRIANNA,1,1,1,0.0
"VENKATESAN, V",1,1,1,0.0
"INDRAWATI, S",1,1,1,0.0
"MADARJA, ER",1,1,1,0.0
SONIA,1,1,1,0.0
"ISWANTO, AH",1,1,1,0.0
"ROSADY, SD",1,1,1,0.0
BALLARD,1,1,1,0.0
GLENN,1,1,1,0.0
"ALJAZZAZEN, S",1,1,1,0.0
"SCHMUCK, R",1,1,1,0.0
"JECKER, NS",1,1,1,0.0
"ATUIRE, C",1,1,1,0.0
"DHAWAN, N",1,1,1,0.0
"LEBLANC, TW",1,1,1,0.0
"MARFO, EA",1,1,1,0.0
"URINDWANAYO, D",1,1,1,0.0
ANSARI,1,1,1,0.0
"AHMAD, MS",1,1,1,0.0
SALIHEFENDIC,1,1,1,0.0
DZENITA,1,1,1,0.0
"MCCARTAN, B",1,1,1,0.0
"KIPPS, C",1,1,1,0.0
"HOBENU, KA",1,1,1,0.0
"NAAB, F",1,1,1,0.0
LANGELL,1,1,1,0.0
"T., J",1,1,1,0.0
MUSTAFA,1,1,1,0.0
ARTAN,1,1,1,0.0
JESSOME,1,1,1,0.0
REBECCA,1,1,1,0.0
RAYMOND,1,1,1,0.0
AMY,1,1,1,0.0
"BYJU, AS",1,1,1,0.0
"MAYO, K",1,1,1,0.0
"PARK, Y",1,1,1,0.0
"NAHM, AY",1,1,1,0.0
"ALLWRIGHT, ",1,1,1,0.0
"ABBOTT, RA",1,1,1,0.0
"CALIXTO, ARJ",1,1,1,0.0
"MARTINEZ, PLV",1,1,1,0.0
"MARINO, VR",1,1,1,0.0
"XIMENA, APC",1,1,1,0.0
"ROHRS, SH",1,1,1,0.0
"DU PLESSIS, LM",1,1,1,0.0
"MUSA, MA",1,1,1,0.0
"OTHMAN, MS",1,1,1,0.0
KHODAMBASHI,1,1,1,0.0
SOUDABEH,1,1,1,0.0
GONZALEZ,1,1,1,0.0
"E., M",1,1,1,0.0
LEAVEN,1,1,1,0.0
"T., L",1,1,1,0.0
"HULTIN, L",1,1,1,0.0
"MAHRING, M",1,1,1,0.0
"NABIYOUNI, N",1,1,1,0.0
"FRANCHETTI, MJ",1,1,1,0.0
KELLY,1,1,1,0.0
SEAN,1,1,1,0.0
"HAENKE, R",1,1,1,0.0
"STICHLER, JF",1,1,1,0.0
GADOLIN,1,1,1,0.0
CHRISTIAN,1,1,1,0.0
ERIKSSON,1,1,1,0.0
NOMIE,1,1,1,0.0
"MOORE, FA",1,1,1,0.0
"YADAV, G",1,1,1,0.0
"DESAI, TN",1,1,1,0.0
FRANCO-GIRALDO,1,1,1,0.0
ALVARO,1,1,1,0.0
FIRTH,1,1,1,0.0
"J., S",1,1,1,0.0
"KONDAPALLI, M",1,1,1,0.0
HAYHURST,1,1,1,0.0
CHRIS,1,1,1,0.0
NICOLESCU,1,1,1,0.0
"O., T",1,1,1,0.0
"KHALAFALLAH, A",1,1,1,0.0
"FAHIM, A",1,1,1,0.0
JONES,1,1,1,0.0
JEREMY,1,1,1,0.0
"HONEYCUTT, LC",1,1,1,0.0
"KELLER, SD",1,1,1,0.0
"TEUNISSEN, M",1,1,1,0.0
ABDALLAH,1,1,1,0.0
FURTERER,1,1,1,0.0
"L., S",1,1,1,0.0
"DAVILLAS, A",1,1,1,0.0
"BENZEVAL, M",1,1,1,0.0
"KAMP, A",1,1,1,0.0
"DYBBROE, B",1,1,1,0.0
"CHAKRABORTY, S",1,1,1,0.0
"GONZALEZ, JA",1,1,1,0.0
"YOO, EK",1,1,1,0.0
"CAMERON, DB",1,1,1,0.0
"RANGEL, SJ",1,1,1,0.0
RAJI,1,1,1,0.0
"JABBAR, S",1,1,1,0.0
VAVRUSOVA,1,1,1,0.0
VERONIKA,1,1,1,0.0
RAY,1,1,1,0.0
SUMANTRA,1,1,1,0.0
"NELSON, G",1,1,1,0.0
STENLUND,1,1,1,0.0
MARI,1,1,1,0.0
"WEISMILLER, DG",1,1,1,0.0
"KOLASA, KM",1,1,1,0.0
"AKDAG, HC",1,1,1,0.0
"CANTURK, NZ",1,1,1,0.0
DUBE,1,1,1,0.0
"R., S",1,1,1,0.0
ALLEN,1,1,1,0.0
DAVINA,1,1,1,0.0
NAKHLA,1,1,1,0.0
MICHEL,1,1,1,0.0
USMAN,1,1,1,0.0
INDRIANAWATI,1,1,1,0.0
"KASTBERG, G",1,1,1,0.0
"SIVERBO, S",1,1,1,0.0
LYNDE,1,1,1,0.0
"C., G",1,1,1,0.0
"ROTHSTEIN, DH",1,1,1,0.0
"RAVAL, MV",1,1,1,0.0
"MATTHIAS, O",1,1,1,0.0
SHOKRI,1,1,1,0.0
ALIREZA,1,1,1,0.0
LATUHA,1,1,1,0.0
"ALEKSANDROVNA, O",1,1,1,0.0
NIKOLAEVA,1,1,1,0.0
ALENA,1,1,1,0.0
HABIDIN,1,1,1,0.0
"FADLY, N",1,1,1,0.0
"COEN, PM",1,1,1,0.0
"REES, GH",1,1,1,0.0
WEYER,1,1,1,0.0
JULIAN,1,1,1,0.0
"HALL, DM",1,1,1,0.0
"SCOTT, WR",1,1,1,0.0
"SANDERS, JH",1,1,1,0.0
"KARR, T",1,1,1,0.0
CHOWDHURY,1,1,1,0.0
SUBHANKAR,1,1,1,0.0
"ROSSO, CB",1,1,1,0.0
BRUNO,1,1,1,0.0
FRANCES,1,1,1,0.0
MONTEIRO,1,1,1,0.0
KURT,1,1,1,0.0
"SIMON, J",1,1,1,0.0
"HOULE, M",1,1,1,0.0
"SKARZYNSKI, D",1,1,1,0.0
"DENICOLO, K",1,1,1,0.0
"BACCARANI, C",1,1,1,0.0
"PIERONI, A",1,1,1,0.0
"DOGAN, NO",1,1,1,0.0
"UNUTULMAZ, O",1,1,1,0.0
"SETHI, D",1,1,1,0.0
"JOSHI, SG",1,1,1,0.0
"FERREIRA, DMC",1,1,1,0.0
POONAM,1,1,1,0.0
"BARACH, P",1,1,1,0.0
"KLEINMAN, LC",1,1,1,0.0
"HALLAM, CRA",1,1,1,0.0
"CONTRERAS, C",1,1,1,0.0
"JIANG, N",1,1,1,0.0
"MALKIN, BD",1,1,1,0.0
LINDSEY,1,1,1,0.0
GENE,1,1,1,0.0
"ANDERSEN, H",1,1,1,0.0
"RØVIK, KA",1,1,1,0.0
"MAALOUF, M",1,1,1,0.0
"GAMMELGAARD, B",1,1,1,0.0
"MILLER, R",1,1,1,0.0
"CHALAPATI, N",1,1,1,0.0
"VAILLANCOURT, L",1,1,1,0.0
"MONDOUX, C",1,1,1,0.0
"MOENCH-PFANNER, R",1,1,1,0.0
"KRAEMER, K",1,1,1,0.0
"EFE, B",1,1,1,0.0
"EFE, OF",1,1,1,0.0
"HARDING, AJ",1,1,1,0.0
"PRITCHARD, C",1,1,1,0.0
"MEHDI, I",1,1,1,0.0
"AL BAHRANI, BJ",1,1,1,0.0
BONI,1,1,1,0.0
PISHDAD-BOZORGI,1,1,1,0.0
PARDIS,1,1,1,0.0
"TERRA, JDR",1,1,1,0.0
"BERSSANETI, FT",1,1,1,0.0
VITASKOVA,1,1,1,0.0
EDITA,1,1,1,0.0
MISRA,1,1,1,0.0
ANOOP,1,1,1,0.0
PARKHI,1,1,1,0.0
"SHEKHAR, S",1,1,1,0.0
AHMED,1,1,1,0.0
SELIM,1,1,1,0.0
"TOUSSAINT, JS",1,1,1,0.0
"SHARMA, P",1,1,1,0.0
"KULKARNI, MS",1,1,1,0.0
"KUMAR, DNSR",1,1,1,0.0
"BARANI, S",1,1,1,0.0
"HUANG, Y",1,1,1,0.0
"KLASSEN, KJ",1,1,1,0.0
"DOWNEN, J",1,1,1,0.0
"EIRO, NY",1,1,1,0.0
"TORRES-JUNIOR, AS",1,1,1,0.0
"TALPADE, M",1,1,1,0.0
"CADDELL, T",1,1,1,0.0
"GAO, T",1,1,1,0.0
"GURD, B",1,1,1,0.0
"COUGHLIN, K",1,1,1,0.0
"POSENCHEG, MA",1,1,1,0.0
"DELL'AVERSANA, G",1,1,1,0.0
"BRUNO, A",1,1,1,0.0
BOLAND,1,1,1,0.0
BILLY,1,1,1,0.0
"AL-BALUSHI, MM",1,1,1,0.0
"AL-MANDHARI, Z",1,1,1,0.0
"ARTHUR, R",1,1,1,0.0
WOODNUTT,1,1,1,0.0
SAMUEL,1,1,1,0.0
"PAUSHTER, DM",1,1,1,0.0
"THOMAS, S",1,1,1,0.0
GATTI,1,1,1,0.0
LAURA,1,1,1,0.0
