titulo,lean_titulo,lean_palavras,mencoes_resumo,C1_titulo_ou_palavras,C3_foco,tipo,fonte
Optimization of hospitalization duration and cost structure for chronic schizophrenia patients in psychiatric hospitals,False,True,1,True,True,Article | Journal Article,pubmed+scopus+wos
Hospital operations management – characterising patients’ process flows in emergency departments,False,True,1,True,True,Review,scopus+wos
Lean healthcare applied in emergency services: an empirical evaluation,True,True,2,True,True,Article,scopus+wos
The evaluation of a lean healthcare concept to improve the implementation of Digital Health innovations in secondary health care: a qualitative study within a Dutch hospital setting,True,True,4,True,True,Article | Journal Article,pubmed+scopus+wos
"Relationships between leadership and culture, human resources and process improvement in lean healthcare",True,True,2,True,True,Article,scopus+wos
Application of lean management in medical laboratories to help treat patients with acute stroke,True,True,8,True,True,Article | Journal Article,pubmed+scopus+wos
Breast Cancer Care Network coordination: analysis in the light of the lean methodology for early diagnosis; [Coordenação da Rede de Atenção ao Câncer de Mama: análise à luz da filosofia lean para o diagnóstico precoce],True,True,2,True,True,Article,scopus+wos
ENHANCING HOSPITAL EFFICIENCY IN GERMANY: PROCESS MANAGEMENT AND SCHEDULING INNOVATIONS IN PATIENT LOGISTICS; [Підвищення ефективності лікарень у Німеччині: інновації в управлінні процесами та плануваннілогістики пацієнтів],False,True,3,True,True,Article,scopus+wos
‘Development and Psychometric Testing of the Lean Management Scale for Nursing Services in Hospitals’,True,True,3,True,True,Article | Journal Article,pubmed+scopus+wos
Moving and resisting Lean: Saskatchewan’s contested implementation of Lean healthcare,True,False,3,True,True,Article,scopus+wos
The Effect of Lean Hospital Practices on Nurses' Direct Care Activities: Time and Motion Study,True,True,5,True,True,Article | Journal Article; Observational Study,pubmed+scopus+wos
More than just reduction,False,True,3,True,True,Review,scopus
Use of Lean Healthcare to Improve Hospital Throughput and Reduce LOS,True,False,0,True,True,Article | Journal Article,pubmed+scopus+wos
Lean methodology in quality improvement,True,True,4,True,True,Journal Article; Review | Review,pubmed+scopus+wos
"Green operating theatres: A review of strategies, challenges, and future directions for sustainable surgical care",False,False,1,False,False,Review,scopus
"Redefining value creation innovation in healthcare organizations: the catalytic role of Lean Management, Six Sigma and Patient Safety",True,True,1,True,True,Article,scopus+wos
A framework for lean implementation in preoperative assessment: Evidence from a high complexity hospital in Italy,True,True,4,True,True,Article | Journal Article,pubmed+scopus+wos
Engaging Patients in the Veterans Health Administration's Lean Enterprise Transformation: A Qualitative Study,True,True,8,True,True,"Article | Journal Article; Multicenter Study; Research Support, U.S. Gov't, Non-P.H.S.",pubmed+scopus+wos
Value-based lean implementation in a surgical unit: the impact of the methodology,True,False,5,True,True,Article,scopus+wos
Analysing the Balance of Human and Physical Resources in Outpatient Departments during the COVID-19 Pandemic,False,True,0,True,True,Article,scopus+wos
Standards of Value Stream Mapping as a tool supporting logistics processes in the healthcare system in Poland,False,False,1,False,False,Article,scopus+wos
Pull processes in health care: a systematic literature review; [(PT-BR) - Processos puxados em saúde: uma revisão sistemática da literatura],False,True,5,True,True,Review,scopus
A Realist Review of Contexts and Mechanisms Enabling the Inclusion of Environmental Sustainability Outcome Measures in the Design of Lean Healthcare Interventions,True,True,4,True,True,Article,scopus+wos
TRANSFORMATIONAL PERFORMANCE IMPROVEMENT: WHY IS PROGRESS SO SLOW?,False,True,1,True,True,Book chapter | Journal Article,pubmed+scopus
Guiding Principles for Surgical Pathways: A Tool for Improving Outcomes and Patient Safety,False,True,1,True,True,Article | Journal Article,pubmed+scopus+wos
Patient-centered lean healthcare management from a humanistic perspective,True,True,7,True,True,Article | Journal Article,pubmed+scopus+wos
Lean Management in Public Social and Healthcare: Navigating Value Barriers,True,True,5,True,True,Article,scopus+wos
Achieving transformation to lean management systems in health care,True,True,7,True,True,"Article | Journal Article; Observational Study; Research Support, U.S. Gov't, Non-P.H.S.",pubmed+scopus+wos
Using lean management approach in improving clinical team leader handover process: Nursing services,True,False,2,True,True,Article | Journal Article,pubmed+scopus+wos
Information and knowledge management in Emergency Care Units: an evaluation of Daily Huddles in emergency services; [Gestão da informação e do conhecimento em Unidades de Pronto Atendimento: uma avaliação das Reuniões Diárias em serviços de emergência]; [Gestión de la información y el conocimiento en Unidades de Atención de Emergencia: una evaluación de los Daily Huddles en los servicios de emergencia],False,True,0,True,True,Article,scopus
Analytics and Lean Health Care to Address Nurse Care Management Challenges for Inpatients in Emerging Economies,True,True,1,True,True,"Article | Journal Article; Research Support, Non-U.S. Gov't",pubmed+scopus+wos
Reducing surgical cancellations: A successful application of Lean Six Sigma in healthcare,True,True,1,True,True,Article | Journal Article,pubmed+scopus+wos
"Making more nurses, one minute at a time: an efficiency and quality improvement project in emergency triage",False,False,1,False,False,Article | Journal Article,pubmed+scopus
LEAN HEALTHCARE: A SUPPORT TOOL FOR THE PATIENT CARE TEAM; [LEAN HEALTHCARE: INSTRUMENTO DE APOIO À EQUIPE DE ASSISTÊNCIA AO PACIENTE]; [LEAN HEALTHCARE: UNA HERRAMIENTA DE APOYO PARA EL EQUIPO DE ATENCIÓN AL PACIENTE],True,False,4,True,True,Article,scopus
Kanban system applications in healthcare services: A literature review,False,False,2,False,True,Journal Article; Review | Review,pubmed+scopus+wos
The Role of Leadership in Lean Healthcare Transformation: A Mixed-Methods Study,True,True,7,True,True,Article,scopus
Quality improvement in hemodialysis: A systematic review; [Amélioration de la qualité en hémodialyse: Une revue systématique],False,False,1,False,False,Journal Article; Systematic Review | Review,pubmed+scopus
Preliminary Framework of Lean Healthcare Sustainability Performance Measurement for Health Sector,True,True,7,True,True,Article,scopus
Exploring the impact of the adoption of Green Lean Six Sigma practices on healthcare performance,True,True,2,True,True,Article,scopus+wos
Quality Improvement Report: Improving Pre-and Postprocedure Care Area Work-flows at a Busy Urban Academic Hospital Using Lean Management Principles,True,False,4,True,True,Article | Journal Article,pubmed+scopus+wos
"Building a strategic framework for quality improvement: a review of related research, management processes and lean methodologies",True,True,5,True,True,Review,scopus+wos
Some important principles for implementing lean management in healthcare organizations,True,False,0,True,True,Journal Article | Letter,pubmed+scopus+wos
Lean Management and Innovation - A Paradox? Reinventing the Role of Problem-Solving Within Organizations,True,True,4,True,True,Article,scopus+wos
Value stream mapping in the preparation of patients for surgery A study of a private hospital in Turkey,False,True,1,True,True,Article,scopus+wos
Lean thinking for improvements in inventory management: best practices and challenges in healthcare; [O pensamento Lean para melhorias na gestão de estoques: as melhores práticas e desafios na área da saúde]; [Pensamiento Lean para mejoras en la gestión de inventario: mejores prácticas y desafíos en el área de la salud],True,True,5,True,True,Article,scopus
Implementing lean management in hospitals: a survey on social and technical outcomes of kaizen initiatives,True,True,3,True,True,Article,scopus+wos
Improving workflow at the Emergency Department – simple lessons from the lean management concepts,True,True,1,True,True,Article,scopus+wos
Application of the Lean Principles of the Toyota Production System for the Improvement of the Emergency Service Attention Times of a High Complexity Hospital*; [Aplicação dos rincípios Lean do sistema de produção Toyota para a melhoria dos tempos de atenção de serviço de emergência de um hospital de alta complexidade]; [Aplicación de los principios Lean del sistema de producción Toyota para la mejora de los tiempos de atención del servicio de urgencias de un hospital de alta complejidad],True,True,3,True,True,Article,scopus
Lean Thinking in Healthcare: A Walker and Avant Concept Analysis,True,True,8,True,True,Article,scopus
Preventive Maintenance as an Organizational Challenge: Evidence from Private Hospital Networks,False,True,0,True,True,Article,scopus
A Realist Review Protocol into the Contexts and Mechanisms That Enable the Inclusion of Environmental Sustainability Outcomes in the Design of Lean Healthcare Improvement Interventions,True,True,5,True,True,Article | Journal Article,pubmed+scopus
Innovative solutions for disease management,False,False,1,False,False,Article | Journal Article,pubmed+scopus+wos
Using Lean Healthcare Techniques to Reduce Appointment Times,True,True,2,True,True,Article,scopus+wos
Applying the Toyota production system to decrease the time required to transport patients undergoing surgery from the general ward to the operating room and reviewing the essence of lean thinking,True,True,1,True,True,Article | Journal Article | Review,pubmed+scopus+wos
Development and validation of an A3 problem-solving assessment tool and self-instructional package for teachers of quality improvement in healthcare,False,True,2,True,True,Article | Journal Article,pubmed+scopus+wos
Enhancing cervical cancer screening coverage in selected primary healthcare sites using Lean thinking: The CerviScreen programme,True,True,4,True,True,Article | Journal Article,pubmed+scopus+wos
Utilizing the PDSA Cycle to Achieve Optimal Bed Utilization and Improve the Efficiency of a Chemotherapy Day Care Unit,False,True,2,True,True,Article,scopus+wos
Conversion of a classical microbiology laboratory to a total automation laboratory enhanced by the application of lean principles,True,True,3,True,True,"Article | Journal Article; Research Support, Non-U.S. Gov't",pubmed+scopus+wos
Optimization of the STARlet workflow for semi-automatic SARS-CoV-2 screening of swabs and deep respiratory materials using the RealAccurate Quadruplex SARS-CoV-2 PCR kit and Allplex SARS-CoV-2 PCR kit,False,True,3,True,True,Article | Journal Article,pubmed+scopus+wos
"Emergent barriers to the lean healthcare journey: baronies, tribalism and scepticism",True,True,7,True,True,Article,scopus+wos
Cross-cultural validation of the Chinese version of the lean management scale for nursing services in hospitals,True,True,3,True,True,Article | Journal Article; Validation Study,pubmed+scopus+wos
Evaluation of the medium- to long-term effects of Lean Healthcare implementation in the emergency service care,True,True,7,True,True,Article,scopus+wos
Applying Lean Six Sigma to improve efficiency in outpatient iodine-131 therapy: reducing process time and material waste,True,True,2,True,True,Article | Journal Article,pubmed+scopus+wos
Managing inpatient bed setup: an action-research approach using lean technical practices and lean social practices,True,True,2,True,True,Article | Journal Article,pubmed+scopus+wos
Telementoring to Strengthen Child and Youth Mental Health Care Capacity in Primary Care Providers: Session Duration and Learning Outcomes,False,False,1,False,False,"Article | Journal Article; Research Support, Non-U.S. Gov't",pubmed+scopus+wos
The impact of lean management on frontline healthcare professionals: a scoping review of the literature,True,True,5,True,True,Article | Journal Article; Scoping Review | Review,pubmed+scopus+wos
An expert narrative review on the impact of DRG/DIP payment reforms on hospital lean operations and cost performance management,True,True,2,True,True,Review,scopus+wos
How Do Spanish Hospitals Use Lean? Insights from a Multiple-Case Study,True,True,9,True,True,Article | Journal Article,pubmed+scopus+wos
Enhancing chronic care pathways with Health Lean Management: a case study in a Spanish hospital,True,True,1,True,True,Article,scopus+wos
Lean–Visual Management Integration in Hospital Information Systems to Sustain Pharmacy Performance Under High Workload,True,True,4,True,True,Article,scopus
The regulation and reconciliation of hybrid professional-managerial identities in a public hospital: the case of Lean management,True,True,6,True,True,Article | Journal Article,pubmed+scopus+wos
Enhancing Integrated Care Through the Voluntary and Community Sector: A Lean Management and Dynamic Capabilities Perspective,True,True,1,True,True,Article | Journal Article,pubmed+scopus+wos
Use of Lean Management Methodology to Reduce the Rate of Unfinished Nursing Care in the Emergency Observation Room: A Quality Improvement Project,True,True,4,True,True,"Article | Journal Article; Research Support, Non-U.S. Gov't",pubmed+scopus+wos
"Quality and Safety in Healthcare, Part XCI: Lean Thinking in Healthcare",True,True,5,True,True,Article | Editorial Material | Journal Article,pubmed+scopus+wos
"Lean Management, Discrete Event Simulation, and Virtual Reality in Hemodialysis Units: A Scoping Literature Review and Evidence Gap Analysis",True,True,6,True,True,Review,scopus+wos
Digital transformation of health services: a value stream-oriented approach,False,True,1,True,True,Article,scopus+wos
Nurse-to-patient ratios and staffing issues: a qualitative investigation of nurses’ perceived work environments in Quebec’s integrated healthcare centers,False,True,1,True,True,Article,scopus
Service improvement in a nurse-led clinic for extracorporeal photopheresis,False,True,1,True,True,Article | Journal Article,pubmed+scopus
"Rapid Assessment of Hospital Emergency Department Performance from the Perspectives of Sustainability, Resilience, and Lean Management",True,True,5,True,True,Article,scopus
Dysfunctions in procurement process according to the lean approach: case study of a university hospital centre,True,True,1,True,True,Article,scopus
Driving health-care efficiency through continuous improvement in the post-COVID era: insights and future directions from a systematic literature review,False,True,3,True,True,Review | Review; Early Access,scopus+wos
An integrated resilience engineering-lean management approach to performance assessment and improvement of clinical departments,True,True,1,True,True,Article,scopus+wos
Expert-Identified Practices for Achieving Measurable Performance Improvements With Lean Implementation,True,True,14,True,True,Article | Journal Article,pubmed+scopus+wos
Lean Management Approach for Reengineering the Hospital Cardiology Consultation Process: A Report from AORN “A. Cardarelli” of Naples,True,True,2,True,True,Article | Journal Article,pubmed+scopus+wos
The Role of Narrative Medicine and Lean Management in Umbilical Cord Blood Donation: A Story of Success,True,True,1,True,True,Article | Journal Article,pubmed+scopus+wos
Advancing Equity: Lean Leader Practices and a Path Forward,True,True,6,True,True,"Article | Journal Article; Research Support, Non-U.S. Gov't",pubmed+scopus+wos
A lean-based method for patient journey improvement: enhancing value and performance in healthcare delivery,True,True,4,True,True,Article | Article; Early Access,scopus+wos
The use and application of Lean Management methods to research processes - a scoping review protocol,True,False,6,True,True,"Article | Journal Article; Research Support, Non-U.S. Gov't | Review",pubmed+scopus+wos
Using Lean tools to improve the efficiency of awake fibreoptic intubation setup,True,True,2,True,True,Article | Journal Article,pubmed+scopus+wos
6S management project to improve workplace productivity in Primary Health Centre in India,False,True,1,True,True,Article | Journal Article,pubmed+scopus+wos
From barriers to breakthroughs: organizational learning as a catalyst for Lean Healthcare excellence,True,True,1,True,True,Article,scopus+wos
Linking lean adoption and implementation in healthcare to national cultures,True,True,2,True,True,Article,scopus+wos
A lean approach to healthcare management using multi criteria decision making,True,True,6,True,True,Article,scopus+wos
THE CAPACITY TO IMPLEMENT LEAN MANAGEMENT IN THE HEALTHCARE SYSTEM IN POLAND – RESULTS OF A PUBLIC CONSULTATION,True,False,10,True,True,Article | Article; Early Access | Journal Article,pubmed+scopus+wos
Improving plastic surgery care of hand trauma using the lean thinking model,True,True,1,True,True,Article | Journal Article,pubmed+scopus+wos
Improving operating room efficiency using lean management tools,True,False,2,True,True,Article,scopus+wos
Health lean management implementation in local health networks: A systematic literature review,True,True,1,True,True,Review,scopus+wos
ANALYSIS OF THE PATIENT CARE FLOW IN HEMODYNAMICS SUPPORTED BY LEAN THINKING; [ANÁLISE DO FLUXO DO ATENDIMENTO DE PACIENTES EM HEMODINÂMICA SUSTENTADO NO PENSAMENTO LEAN]; [ANÁLISIS DEL FLUJO DE LA ATENCIÓN PROVISTA A PACIENTES DE UN SERVICIO DE HEMODINÁMICA SUSTENTADO EN LA FILOSOFÍA LEAN],True,False,2,True,True,Article,scopus
Applied lean principles in dental practice,True,True,2,True,True,Article | Journal Article,pubmed+scopus+wos
A systematic review of lean practice in healthcare settings,True,True,9,True,True,Review,scopus
Lean Management in Medium-Sized Oral Cavity Defect Reconstruction: Facial Artery Musculomucosal Flaps Versus Free Flaps,True,False,0,True,True,Article | Editorial Material | Journal Article,pubmed+scopus+wos
Management of Patients with Colorectal Cancer through Fast-Track Surgery,False,True,1,True,True,Article | Journal Article,pubmed+scopus
Lean Healthcare: Improving Surgical Process Indicators Through Prioritization Projects,True,False,5,True,True,Article,scopus+wos
Application of the enterprise diagnosis method in health care: an evaluation study in three emergency care units in the state of São Paulo - Brazil; [Aplicação do método de diagnóstico de empresa em saúde: um estudo de avaliação em três unidades de atendimento de emergência do estado de São Paulo - Brasil]; [Aplicación del método de diagnóstico enter prise en salud: un estudio de evaluación en tres unidades de atención de urgencias del estado de São Paulo - Brasil],False,True,1,True,True,Article,scopus
Lean practice implementation in French healthcare: a longitudinal case study,True,True,7,True,True,Article | Journal Article,pubmed+scopus+wos
Soft and hard skills development in lean management trainings,True,True,1,True,True,Article,scopus+wos
Making every test count: Insights from a test kit efficiency audit,False,True,0,True,True,Article | Journal Article,pubmed+scopus+wos
Cost-Reduction Strategies and Patient Care Quality: Insights From Hospital Leaders,False,True,2,True,True,Article | Journal Article,pubmed+scopus+wos
Economic Impact of Lean Healthcare Implementation on the Surgical Process,True,True,3,True,True,Article | Journal Article,pubmed+scopus+wos
Operational Excellence 5.0 and the sustainable development goals: lessons from Lean health care and palliative care in Brazil,True,True,3,True,True,Article | Article; Early Access,scopus+wos
Mass production methods for mass vaccination: Improving flow and operational performance in a COVID-19 mass vaccination centre using Lean,True,True,3,True,True,Article | Journal Article,pubmed+scopus
Lean service quality improvement for enhancing medical tourism using a dual-stage approach in healthcare,True,True,5,True,True,Article,scopus+wos
The Perception of Lean Healthcare by Nursing Professionals,True,True,4,True,True,Article,scopus+wos
"“We can't save the planet, we're too busy saving lives”: Exploring beliefs about decarbonizing the NHS",False,True,0,True,True,Article,scopus+wos
Strategies for Effective Health Services Management in Hospitals: A Systematic Review of Key Models and Practices,False,True,1,True,True,Article,scopus
Lean management enhances antimicrobial stewardship in a Chinese psychiatric hospital: a quality improvement study on aetiological submission rates,True,True,4,True,True,Article | Journal Article,pubmed+scopus+wos
Applications of lean in human resources management in healthcare,True,True,5,True,True,Journal Article; Review | Review,pubmed+scopus+wos
HRM issues and practices in internal stakeholder management for healthcare: a bibliometric and systematic literature analysis,False,False,1,False,False,Journal Article; Systematic Review | Review,pubmed+scopus+wos
Organisational Barriers to the Lean Management Approach in Healthcare,True,True,12,True,True,Review,scopus+wos
Application of value stream mapping to design and develop an inventory management system in a hospital,False,True,2,True,True,Article | Journal Article,pubmed+scopus
Mediating role of lean management on the effects of workforce management and value-added time in private hospitals,True,True,12,True,True,Article,scopus+wos
Development of a centralized progress management system using lean thinking and efforts to improve operations,True,True,5,True,True,Article | Journal Article,pubmed+scopus+wos
Lean and clinical risk management: an integrated implementation framework,True,True,3,True,True,Article | Article; Early Access,scopus+wos
"The initiation, exploration, and development of hospital-based health technology assessment in China: 2005 ‒ 2022",False,True,0,True,True,Journal Article | Review,pubmed+scopus+wos
Lean healthcare tools for processes evaluation: An integrative review,True,False,5,True,True,"Journal Article; Research Support, Non-U.S. Gov't; Review | Review",pubmed+scopus+wos
Examining of the effect of HRM in mitigating negative effects of LM&SS on employee well-being in health care,False,True,1,True,True,Article,scopus+wos
Best Practices on Radiology Department Workflow: Tips from the Impact of the COVID-19 Lockdown on an Italian University Hospital,False,True,0,True,True,Article | Journal Article,pubmed+scopus+wos
Applying Lean Healthcare in the hospitalization and patient discharge process: an integrative review; [A aplicação do Lean Healthcare no processo de hospitalização e alta do paciente: revisão integrativa]; [La aplicación de Lean Healthcare en el proceso de hospitalización y alta del paciente: revisión integrativa],True,False,4,True,True,Journal Article; Review | Review,pubmed+scopus+wos
Effects of duration of visits on COVID-19 infection using a multi-agent simulation and lean concept,True,True,1,True,True,Article,scopus
Implementing lean six sigma to optimize emergency extracorporeal cardiopulmonary resuscitation process management,True,True,5,True,True,"Article | Journal Article; Research Support, Non-U.S. Gov't",pubmed+scopus+wos
Using lean techniques and discrete-event simulation for performance improvement in an outpatient clinic,True,True,7,True,True,Article,scopus+wos
An optimization-based methodology equipped with lean tools to strengthen medical supply chain resilience during a pandemic: A case study from Turkey,True,True,2,True,True,Article,scopus+wos
Sustainability in physiotherapy and rehabilitation,False,True,1,True,True,Article,scopus
Synergizing Lean Healthcare and Industry 4.0 Technologies for Sustainable Healthcare Transformation: A Literature Review,True,True,4,True,True,Review,scopus+wos
Lean management for improving hospital waiting times—Case study of a Vietnamese public/general hospital emergency department,True,True,4,True,True,Article | Journal Article,pubmed+scopus+wos
Improving Emergency Department Staff Satisfaction Through Lean Thinking: Evidence From a Mixed Study,True,True,3,True,True,Article | Journal Article,pubmed+scopus+wos
A reconsideration of Lean Six Sigma in healthcare after the COVID-19 crisis,True,True,6,True,True,Article,scopus+wos
An empirical investigation of performance assessment of Indian healthcare industry,False,True,6,True,True,Article,scopus+wos
Designing Sustainable and Acoustically Optimized Dental Spaces: A Comprehensive Review of Soundscapes in Dental Office Environments,False,True,2,True,True,Review,scopus+wos
Application of lean management after audit of Medical Records Department in a COVID19 dedicated center during the COVID pandemic,True,True,1,True,True,Article | Journal Article,pubmed+scopus
How to increase value and reduce waste in research: initial experiences of applying Lean thinking and visual management in research leadership,True,False,7,True,True,"Article | Journal Article; Research Support, Non-U.S. Gov't; Review | Review",pubmed+scopus+wos
Lean methodology: contributions to improving work processes in health and nursing; [Metodologia Lean: contribuições para melhoria dos processos de trabalho em saúde e enfermagem]; [Metodología Lean: aportes a la mejora de los procesos de trabajo en salud y enfermería],True,False,5,True,True,"Article | Journal Article; Research Support, Non-U.S. Gov't; Review | Review",pubmed+scopus+wos
Digital pathology enabling lean management of HER2/neu testing in breast Cancer,True,False,1,True,True,Article | Journal Article,pubmed+scopus
Lean Six Sigma to reduce the acute myocardial infarction mortality rate: a single center study,True,True,1,True,True,Article,scopus+wos
Preventable burden of head and neck cancer attributable to tobacco and alcohol between 1990 and 2039 in China,False,False,1,False,False,Article | Journal Article,pubmed+scopus+wos
"A literature review on Lean healthcare: implementation strategies, challenges, and future research directions",True,True,6,True,True,Review,scopus+wos
Transdisciplinary experiential learning in biomedical engineering education for healthcare systems improvement,False,True,1,True,True,Article | Journal Article,pubmed+scopus+wos
Determinants of effectiveness of lean healthcare performance in Malaysian public hospitals,True,True,7,True,True,Article,scopus+wos
Coupling Lean and Experience-Based Design for Measuring and Incorporating Patient Emotional Experience Into the Redesign of Health Care,True,True,3,True,True,Article | Journal Article,pubmed+scopus+wos
Lean Adoption in Healthcare: Between Promise and Practice,True,True,1,True,True,Journal Article; Review | Review,pubmed+scopus+wos
Digitalization of Outpatient Services Based on Lean Management to Reduce Waiting Time in Government Hospital,True,True,7,True,True,Article,scopus
Combining Industry 4.0 technologies and lean tools for the sustainability of healthcare organizations: a Triple Bottom Line analysis,True,True,6,True,True,Article | Journal Article; Systematic Review,pubmed+scopus+wos
LEAN HEALTHCARE EFFICIENCY ASSESSMENT IN BRAZILIAN PUBLIC HOSPITALS WITH A DATA ENVELOPMENT ANALYSIS (DEA) APPROACH,True,True,5,True,True,Article,scopus
The management of healthcare-related infections through lean methodology: systematic review and meta-analysis of observational studies,True,True,6,True,True,Journal Article; Meta-Analysis; Systematic Review | Review,pubmed+scopus
Doing or calculating lean? A sensemaking perspective on workplace learning,True,True,8,True,True,Article,scopus+wos
Public healthcare as a destroyer of value – a customer perspective,False,True,3,True,True,Article | Journal Article,pubmed+scopus+wos
An Optimized Heart Failure Triaging Protocol to Reduce Avoidable Hospitalizations and Total Costs of Care,False,False,1,False,False,Article | Journal Article,pubmed+scopus+wos
The implementation of lean management in reducing waste in the emergency department,True,True,1,True,True,Article,scopus
The Impact of Lean Management Implementation on Waiting Time and Satisfaction of Patients and Staff at an Outpatient Pharmacy of a Comprehensive Cancer Center in Jordan,True,False,2,True,True,Article | Journal Article,pubmed+scopus+wos
Lean healthcare implications in an occupational medicine clinic,True,False,1,True,True,Article,scopus+wos
Interventions to reduce overcrowding in emergency departments: An umbrella review,False,False,1,False,False,Journal Article; Systematic Review | Review,pubmed+scopus+wos
Revisiting lean healthcare: adopting value stream mapping from manufacturing,True,True,5,True,True,Article | Journal Article,pubmed+scopus+wos
Reducing Changeover Time Between Surgeries Through Lean Thinking: An Action Research Project,True,True,4,True,True,Article | Journal Article,pubmed+scopus+wos
"Is It Time to Give Up Nitrous Oxide for a Sustainable, Green and Lean Operating Room?; [Sürdürülebilir, Yeşil ve Yalın Ameliyathane için Azot Protoksitten Vazgeçme Zamanı mı?]",True,True,2,True,True,Article,scopus
Factors promoting value creation in lean management within public social and healthcare organisation,True,True,4,True,True,Article,scopus
How lean routines shape a continuous improvement dynamic capability in hospitals,True,True,2,True,True,Article,scopus+wos
"Lean daily management in healthcare: origins, practices, and associations with lean leadership and lean sustainability",True,True,10,True,True,Article,scopus+wos
"Recovering staff, recovering services: massive-online support for recovering a paediatric service using Lean and compassionate communication",True,True,6,True,True,Article | Journal Article,pubmed+scopus+wos
Using a lean management approach in acute ischemic stroke management: a systematic review,True,True,4,True,True,Journal Article; Review | Review,pubmed+scopus+wos
Application of Lean Methodologies in Plastic Surgery: A Systematic Review,True,False,1,True,True,Article | Journal Article,pubmed+scopus+wos
Building lean improvement sckills at scale: An evaluation of a massive open online course in the English NHS,True,True,10,True,True,Article | Journal Article,pubmed+scopus+wos
Adaptability research on lean management under medical insurance payment reform: threshold effect of DRG/DIP reform intensity and operational efficiency of traditional Chinese medicine hospitals,True,True,3,True,True,Article | Journal Article,pubmed+scopus+wos
A systematized approach for reduction of medical appointment waiting list,False,True,0,True,True,Article,scopus
Value and main opportunities in hospital operations management,False,True,0,True,True,Article,scopus
Adapting Lean for process redesign in senior day care services,True,True,6,True,True,Article,scopus+wos
The usage of lean tools in healthcare environment; [O uso de ferramentas lean no ambiente de saúde]; [El uso de herramientas lean en el entorno sanitario],True,True,5,True,True,Review,scopus
The COVID-19 pandemic and upgrades of CI speech processors for children: part I—procedure of speech processor upgrade,False,False,1,False,False,Article | Journal Article,pubmed+scopus+wos
Process management applied to health establishments in the public sector; [Gestión por procesos aplicada a establecimientos de salud en el sector público],False,True,1,True,True,Review,scopus
Integrating Lean Management and Circular Economy for Sustainable Dentistry,True,True,2,True,True,Review,scopus+wos
"Effective hospital-wide lean implementation: top-down, bottom-up or through co-creative role modeling?",True,True,10,True,True,Article,scopus+wos
Factors impacting patient flows in the emergency department,False,True,2,True,True,Article,scopus+wos
Lean ICU Layout Re-Design: A Simulation-Based Approach,True,True,1,True,True,Article,scopus+wos
Lean Management Improves the Process Efficiency of Controlled Ovarian Stimulation Monitoring in IVF Treatment,True,False,6,True,True,Article | Journal Article,pubmed+scopus+wos
The Academic Development Trajectories of the Lean Production Based on Main Path Analysis Method,True,True,11,True,True,Article,scopus+wos
Integration of Lean Visual Management Tools into Quality Improvement Practices in the Hospital Setting,True,True,1,True,True,Article | Journal Article,pubmed+scopus+wos
"Evaluation of Waste Related to the Admission Process of Low-Complexity Patients in Emergency Services, in Light of the Lean Healthcare Philosophy",True,False,0,True,True,"Article | Journal Article; Research Support, Non-U.S. Gov't",pubmed+scopus+wos
Value-based healthcare in management of chronic back pain: A multidisciplinary- and lean-based approach,True,True,2,True,True,Article | Journal Article,pubmed+scopus
Machine learning-based lean service quality improvement by reducing waiting time in the healthcare sector,True,True,6,True,True,Article,scopus+wos
An adaptation of the SAE J4000/2021 standard for assessing lean maturity in Brazilian hospitals,True,True,7,True,True,Article,scopus+wos
Lean healthcare applied systematically in a medium-sized medical clinic hospitalization,True,True,4,True,True,Article | Journal Article,pubmed+scopus+wos
"Operational inefficiency and perceived quality in a paediatric day hospital: a lean-informed study of patient flow, caregiver and staff perceptions",True,False,7,True,True,Article | Journal Article; Observational Study,pubmed+scopus+wos
Implementation of the Lean Healthcare System in the Emergency Room of the Clinical Hospital of the Federal University of Uberlândia: A Case Study,True,True,4,True,True,Article | Journal Article,pubmed+scopus
Deliberate versus emergent organisational agility in paediatric health-care delivery: evidence from an Italian case study,False,True,0,True,True,Article,scopus+wos
Innovative Strategies for Improving Healthcare Management Efficiency in Public Hospitals; [Estrategias innovadoras para mejorar la eficiencia de la gestión sanitaria en los hospitales públicos],False,False,1,False,False,Article,scopus
Designing experiential learning activities with generative artificial intelligence tools for authentic assessment,False,True,1,True,True,Article,scopus+wos
Lean management of nursing human resources during COVID-19 pandemic,True,True,2,True,True,"Article | Journal Article; Research Support, Non-U.S. Gov't",pubmed+scopus+wos
Improving the Timely Delivery of Postoperative Radiation in Head and Neck Cancer,False,False,1,False,False,Article | Journal Article; Review,pubmed+scopus+wos
Associations between Lean IT Management and Financial Performance in US Hospitals,True,True,6,True,True,Article,scopus+wos
Lean management approach in health sector: MCDM model proposal to prevention of waste,True,True,7,True,True,Article,scopus+wos
How can lean thinking improve ERAS program in bariatric surgery?,True,True,2,True,True,Article | Journal Article,pubmed+scopus+wos
Improving Administrative Processes in a Trauma Centre: Lean and Pareto Approach; [Mejorando los procesos administrativos en un centro de traumatología: enfoque de Lean y Pareto],True,True,1,True,True,Article | Journal Article,pubmed+scopus+wos
Diminishing returns: how treatment delays undermine the mortality benefits of high-quality stroke care,False,True,0,True,True,Article | Article; Early Access | Journal Article,pubmed+scopus+wos
Lean Six Sigma Applications in a Multicenter Pathology Laboratory: an Industrial Pathology Model,True,True,5,True,True,Article,scopus
Barriers to Lean & Safety Management Implementation in Primary Care Settings: Insights from an Unsuccessful Case,True,True,2,True,True,Article | Journal Article,pubmed+scopus+wos
Improving hospital flow € Ensiab Project',False,True,0,True,True,Article | Journal Article,pubmed+scopus+wos
Process mapping of sonography services in a military hospital using value stream map; [طراحی نقشه بهبود فرایند ارایه خدمات سونوگرافی در یک بیمارستان نظامی با استفاده از نقشه جریان ارزش],False,True,2,True,True,Article,scopus
Developing a Cost-Effective Surgical Scheduling System Applying Lean Thinking and Toyota's Methods for Surgery-Related Big Data for Improved Data Use in Hospitals: User-Centered Design Approach,True,True,3,True,True,Article | Journal Article,pubmed+scopus+wos
A Mini Review on Importance in the Implementation of Lean Management in Healthcare,True,True,3,True,True,Review,scopus
Lean Readiness Index for Malaysian Hospitals: An Exploratory Study,True,True,6,True,True,Article,scopus
Assessing readiness for lean thinking in healthcare settings: the case for Oman,True,True,9,True,True,Article,scopus+wos
Applying Value Stream Mapping to Improve the Delivery of Patient Care in the Oncology Day Hospital,False,True,0,True,True,Article | Journal Article,pubmed+scopus+wos
Six Steps to Improving Health Equity Using Quality Improvement and Patient Safety Tools,False,False,3,False,True,"Journal Article; Research Support, N.I.H., Extramural; Research Support, Non-U.S. Gov't; Review | Review",pubmed+scopus+wos
Lean readiness factors for construction organizations,True,True,7,True,True,Article,scopus+wos
Lean Staff Management in the Light of the Covid-19: Exploratory Factors' Analysis - Case Studies for Service Companies,True,True,4,True,True,Article,scopus+wos
"Lean Strategy for Optimizing Response Time in Hospital Code Blue Activation: A Two-Cycle Action Research in Central Java, Indonesia",True,True,2,True,True,Article,scopus
Improvement of the efficiency of hospital care: a simulation-based approach; [Mejora de la eficiencia de la atención hospitalaria: un enfoque basado en la simulación],False,True,2,True,True,Article,scopus
Lean Perspectives in an Organizational Change in a Scientific Direction of an Italian Research Institute: Experience of the Cancer Institute of Bari,True,True,2,True,True,"Article | Journal Article; Research Support, Non-U.S. Gov't",pubmed+scopus+wos
Optimizing Patient Flow Using Value Stream Mapping in the Chemotherapy Unit: Quality Improvement,False,True,5,True,True,Article | Journal Article,pubmed+scopus
Integration of lean thinking and service quality in the healthcare sector,True,True,4,True,True,Article,scopus
Technical Tips: The Role of the Charge Neurodiagnostic Technologist,False,True,1,True,True,Article | Journal Article; Review,pubmed+scopus
A comparative evaluation of organizational models of physiotherapy through measures reported by patients,False,True,1,True,True,Article | Article; Early Access | Journal Article,pubmed+scopus+wos
Lean Healthcare Improvement Model Using Simulation-Based Lean Six-Sigma and TRIZ,True,True,0,True,True,Article,scopus
Process Improvement Approach to Transform Online Business Education in the Post-COVID World,False,True,2,True,True,Article,scopus
Development and implementation of a comprehensive cancer center of excellence prototype in Thailand: A feasibility study.,False,False,1,False,False,Article,scopus
"An Analysis of Waiting Times for the Diagnosis and Treatment of Patients with Prostate Cancer Established by the Requirements of the Fast-Track Cancer Treatment Pathway, Taking into Account Treatment Steps",False,True,0,True,True,Article | Journal Article,pubmed+scopus+wos
Characterization of Lean Six Sigma projects in healthcare settings: empirical research,True,True,2,True,True,Article,scopus+wos
Gene therapy for Duchenne Muscular Dystrophy: assessing the readiness of Italian centres of expertise,False,True,0,True,True,Article | Journal Article,pubmed+scopus
The outcomes of Lean management in a large academic hospital in Finland in 2018–2023: a qualitative study,True,False,4,True,True,Article | Journal Article,pubmed+scopus+wos
Alignment and contribution of lean management practices to strategic objectives in a healthcare context: a qualitative study in a university medical centre,True,False,1,True,True,Article | Journal Article,pubmed+scopus+wos
A Lean-DEA approach for continuous improvement in Brazilian public hospitals,True,True,6,True,True,Article | Journal Article,pubmed+scopus+wos
Integrating lean and resilience: a healthcare supply chain perspective,True,True,0,True,True,Article,scopus
FACTORS AFFECTING THE SUSTAINABILITY OF LEAN IN HEALTHCARE: A SYSTEMATIC LITERATURE REVIEW,True,False,11,True,True,Article; Proceedings Paper | Review,scopus+wos
Sustainable care quality improvement: a scoping literature review of performance measurement in lean healthcare implementations,True,False,1,True,True,Journal Article; Scoping Review | Review,pubmed+scopus+wos
"Leadership Style and Lean Management Capabilities in Improving Pharmacy Practice and Service Quality: Insights from Mediclinic Parkview Hospital, United Arab Emirates",True,True,7,True,True,Article,scopus+wos
Lean leadership: Towards continuous improvement capability in healthcare,True,True,1,True,True,Article | Journal Article,pubmed+scopus+wos
Reducing the healthcare-associated infections in a rehabilitation hospital under the guidance of lean six sigma and dmaic,True,True,1,True,True,Article | Journal Article,pubmed+scopus+wos
Lean Health Care Internships: A Novel Systems-Based Practice Education Program for Undergraduate Medical Students,True,False,6,True,True,Article | Journal Article,pubmed+scopus+wos
Bridging theory and practice: aligning lean management with action research in healthcare organizations,True,True,3,True,True,Article,scopus+wos
The role of lean in healthcare during COVID-19 pandemic,True,True,9,True,True,Article,scopus+wos
Innovative Strategies in Lean Supply Chain Management: Enhancing Efficiency in Healthcare,True,True,3,True,True,Review,scopus
Implementation of Lean Management Tools Using an Example of Analysis of Prolonged Stays of Patients in a Multi-Specialist Hospital in Poland,True,True,1,True,True,"Article | Journal Article; Research Support, Non-U.S. Gov't",pubmed+scopus+wos
"Reducing waiting time of injectable anticancer drug preparations in day care oncology units: A summary of evidence, implemented strategies, and perspectives for hospital pharmacists",False,False,1,False,False,Article | Journal Article; Review,pubmed+scopus+wos
Analysing recent developments and future research directions in sustainable lean six sigma: 21st century perspective,True,True,2,True,True,Article | Review; Early Access,scopus+wos
Knowledge for results and the efficiency of public agencies in Colombia,False,False,2,False,True,Article,scopus+wos
Development of a Venous Thromboembolism Prophylaxis and Pain Medication Pathway in Thoracic Surgery Enhanced Recovery After Surgery Program,False,True,1,True,True,"Article | Journal Article; Research Support, Non-U.S. Gov't",pubmed+scopus+wos
Implementation of Lean Management in a Multi-Specialist Hospital in Poland and the Analysis of Waste,True,True,1,True,True,"Article | Journal Article; Research Support, Non-U.S. Gov't",pubmed+scopus+wos
Effects of Lean Interventions Supported by Digital Technologies on Healthcare Services: A Systematic Review,True,True,6,True,True,Journal Article; Systematic Review | Review,pubmed+scopus+wos
Quality and process improvement of the multidisciplinary Heart Team meeting using Lean Six Sigma,True,True,4,True,True,Article | Journal Article,pubmed+scopus+wos
Assessing the impact of Lean Healthcare on the facilities management department in a primary care center; [Evaluación del impacto de Lean Healthcare en el departamento de conservación y mantenimiento en un centro de salud de atención primaria],True,True,3,True,True,Article,scopus
Application of Lean Philosophy approaches in furniture design processes; [Yalın Felsefe yaklaşımlarının mobilya tasarım süreçlerine uyarlanması],True,True,10,True,True,Article,scopus
How to Use Lean Thinking for the Optimization of Clinical Pathways: A Systematic Review and a Proposed Framework to Analyze Pathways on a System Level,True,True,5,True,True,Article | Journal Article | Review,pubmed+scopus+wos
Operations management on the front line of COVID-19 vaccination: Building capability at scale via technology-enhanced learning,False,True,5,True,True,Article | Journal Article,pubmed+scopus+wos
Lean implementation in healthcare: offsetting Physicians’ resistance to change,True,True,6,True,True,Article,scopus+wos
Examining the Relationship between the Lean Management System and Quality Improvement Care Management Processes,True,True,6,True,True,Article | Journal Article,pubmed+scopus+wos
Efficiency improvement in the stroke care process based on the Lean Healthcare approach,True,True,6,True,True,Article | Article; Early Access | Journal Article,pubmed+scopus+wos
LEAN HEALTHCARE IMPLEMENTATION IN MALAYSIAN SPECIALIST HOSPITALS: CHALLENGES AND PERFORMANCE EVALUATION,True,True,7,True,True,Article,scopus
Healthcare performance improvement through lean management and industry 4.0,True,True,1,True,True,Article,scopus
Understanding resistance in lean implementation in healthcare environments: an institutional logics perspective,True,True,9,True,True,Article,scopus+wos
A Lean-based Digital Twin model for planning and governance in secondary and tertiary hospital networks,True,True,5,True,True,Article | Journal Article,pubmed+scopus+wos
Laying the foundation for lean thinking through daily management system in healthcare,True,True,9,True,True,Article,scopus+wos
Managing Patient Treatment Through Deming’s PDCA Cycle: A Standardized Approach in Phases That Adds Value to Dental Care,False,False,2,False,True,Editorial Material | Journal Article | Review,pubmed+scopus+wos
"Flexible Management, Subjectivity, and Paradoxical Work Experiences: The Case of Lean Management in Chilean Retail; [Gestión flexible, subjetividad y experiencias paradojales de trabajo: el caso de Lean Management en el retail chileno]",True,True,2,True,True,Article | Journal Article,pubmed+scopus+wos
Adapting lean management to prevent healthcare-associated infections: a low-cost strategy involving Kamishibai cards to sustain bundles’ compliance,True,False,3,True,True,Article | Journal Article,pubmed+scopus+wos
Common sense put to work: The capitalisation of affects in the introduction of a Lean management model to healthcare professionals,True,True,5,True,True,Article,scopus
From Doctors to Teams: Expanding Lean ILP Models for Smarter Outpatient Capacity Planning,True,True,3,True,True,Article,scopus+wos
A balanced approach involving hard and soft factors for internalizing Lean Management and Six Sigma in hospitals,True,True,0,True,True,Article,scopus+wos
"Quality and Safety in Healthcare, Part XC: The A3 Approach and Lean in Healthcare",True,True,1,True,True,Article | Editorial Material,scopus+wos
A smartphone-based application for an early skin disease prognosis: Towards a lean healthcare system via computer-based vision,True,True,0,True,True,Article,scopus+wos
Outcomes of using Pulse Point Arrow as lean healthcare tool for managing paediatric patient safety in the surgical area; [Resultados del uso de Pulse Point Arrow como herramienta de lean healthcare en la gestión de la seguridad del paciente pediátrico en el área quirúrgica],True,True,0,True,True,Article | English Abstract; Journal Article; Observational Study,pubmed+scopus+wos
"How can we champion diversity, equity and inclusion within Lean Six Sigma? Practical suggestions for quality improvement",True,True,0,True,True,Editorial Material | Journal Article | Note,pubmed+scopus+wos
Integrated System for the Proactive Analysis on Infection Risk at a University Health Care Establishment Servicing a Large Area in the South of Italy,False,True,1,True,True,Article,scopus+wos
Lean tools used in administrative processes across sectors: a systematic review and insights for the construction industry,True,True,12,True,True,Review,scopus+wos
The State of Lean and Quality Improvement Methodologies in the South African Healthcare Sector: A Systematic Literature Review,True,False,4,True,True,Article | Review,scopus+wos
A conceptual model of Lean culture adoption in healthcare,True,True,13,True,True,Article,scopus+wos
Adoption of Industry 4.0 and lean concepts in hospitals for healthcare operational performance improvement,True,True,5,True,True,Article,scopus+wos
Road to Better Work-Life Balance? Lean Redesigns and Daily Work Time among Primary Care Physicians,True,True,5,True,True,"Article | Journal Article; Observational Study; Research Support, U.S. Gov't, P.H.S.",pubmed+scopus+wos
Lean management in hotels: Where we are and where we might go,True,True,1,True,True,Article,scopus+wos
Value stream mapping in healthcare - The case of stroke patients treatment at Institute of Psychiatry and Neurology,False,False,1,False,False,Article | Journal Article,pubmed+scopus+wos
Improving access to frontline psychosocial services for youths in difficulty by using LSS: an action research case study,False,True,4,True,True,Article,scopus+wos
LEAN SIX SIGMA IN HEALTHCARE: SOME SOBERING THOUGHTS ON IMPLEMENTATION,True,True,1,True,True,Article,scopus
Environmental sustainability in healthcare: Managerial concerns and solutions,False,True,1,True,True,Article | Review,scopus+wos
The application of lean management in the perioperative care of patients with colon cancer,True,True,3,True,True,Article,scopus+wos
Bridging organizational boundaries in complex care pathways: lessons from a Lean and Safety Management approach,True,True,2,True,True,Article | Journal Article,pubmed+scopus+wos
Qualitative leanness assessment of hospital using benchmarking: a case study,False,True,7,True,True,Article,scopus+wos
Research on the construction of information-based nursing quality control system based on deep learning model under the lean perspective,True,True,3,True,True,Article | Journal Article,pubmed+scopus+wos
"Lean Healthcare 4.0: Integrating AI, Lean Principles, and Simulation for Laboratory Process Improvement",True,True,3,True,True,Article,scopus+wos
Unraveling the interplay between lean healthcare and patient satisfaction: the mediating roles of quality performance and process innovation,True,True,1,True,True,Article,scopus+wos
The effect of lean management on the efficiency and quality of domestic robotic surgical instrument cleaning,True,True,4,True,True,Article | Journal Article,pubmed+scopus+wos
Impact of a booster intervention of the 'More Time at Patients' Side' programme on patients and healthcare professionals in a Swiss hospital: protocol for a cluster randomised controlled trial,False,False,1,False,False,Article | Clinical Trial Protocol; Journal Article,pubmed+scopus+wos
From waste to wellness: unlocking pharmacy efficiency through Lean management and staff satisfaction,True,True,12,True,True,Article | Article; Early Access | Journal Article,pubmed+scopus+wos
Enhancing healthcare communication and efficiency with lean visual management: A scoping review,True,True,4,True,True,Review | Review; Early Access,scopus+wos
Integration of simulation modelling and lean management to improve patient flow at outpatient clinics,True,True,2,True,True,Article,scopus
Evaluating Lean Healthcare implementation with data mining: opportunities and improvements in emergency services,True,True,1,True,True,Article,scopus
Hospital Disaster Preparedness: A Comprehensive Evaluation Using the Hospital Safety Index,False,True,1,True,True,Article,scopus+wos
‘Leanomics’ in healthcare: a three-year quality improvement study on the financial impact of a modified Kanban system in hospital storerooms,False,True,1,True,True,Article | Journal Article,pubmed+scopus+wos
Quality Checks to Promote Patient Safety: A 10-Year Retrospective Study of Adverse Events in an Emergency Laboratory,False,False,1,False,False,Article,scopus+wos
Lean healthcare project in a pharmaceutical supply center: the context of primary healthcare,True,True,1,True,True,Article,scopus+wos
Impact of Implementing the Lean Management on Internal Errors at an Outpatient Hospital Pharmacy in China,True,True,7,True,True,Article | Journal Article,pubmed+scopus+wos
Improving operating room efficiency through lean thinking: a multi-criteria decision-making approach,True,True,2,True,True,Article,scopus+wos
Reduced Time to Admit Emergency Department Patients to Inpatient Beds Using Outflow Barrier Analysis and Process Improvement,False,False,1,False,False,Article | Journal Article,pubmed+scopus+wos
Applying lean healthcare to improve the discharge process in a mexican academic medical center,True,True,4,True,True,Article,scopus+wos
Integrating Physicians Into Lean Quality Improvement Through a Structured Educational Program: The ECLIPSE Program,True,True,2,True,True,"Article | Journal Article; Research Support, N.I.H., Extramural; Research Support, Non-U.S. Gov't",pubmed+scopus+wos
Corporate culture as a tool for implementation of lean management principles in hospitals in slovakia; [Корпоративна культура як інструмент впровадження принципів ощадливого управління в лікарнях Словаччини],True,True,6,True,True,Article,scopus
AI-driven radiotherapy appointment optimization: A lean management approach,True,True,3,True,True,Article,scopus
Improving Radiotherapy Department Performance through Lean Management: A Before-After Study,True,True,6,True,True,Article,scopus
Lean Management Helps to Reduce Errors in Histopathology: A Real-life Experience From a Tertiary Care Public Sector Hospital,True,True,6,True,True,Article | Journal Article,pubmed+scopus+wos
Proposition of a Lean health-care maturity assessment instrument: a case study in the Brazilian context,True,True,6,True,True,Article | Article; Early Access,scopus+wos
Improving the resident assessment process: application of App-based e-training platform and lean thinking,True,True,2,True,True,Article | Journal Article,pubmed+scopus+wos
Perception of Performance Measurement Systems: The Case of Control Rooms Implemented in Health Organizations,False,False,1,False,False,Article,scopus+wos
Lean methodology use and nurses’ perception in the context of health management: a scoping review; [Uso da metodologia Lean e percepção de enfermeiros no contexto da gestão em saúde: revisão de escopo]; [Uso de la metodología Lean y la percepción de las enfermeras en el contexto de la gestión de la salud: revisión exploratoria],True,True,4,True,True,Review,scopus+wos
Lean management of crisis response and post-pandemic outcomes in US primary care practices,True,True,7,True,True,Article | Journal Article,pubmed+scopus+wos
Use of Indoor Location Technologies in Healthcare Contexts: A Scoping Review,False,True,0,True,True,Review,scopus+wos
How primary care research can be improved in clinical practice? An Italian case study,False,False,2,False,True,Article | Article; Early Access | Journal Article,pubmed+scopus+wos
Barriers to Improving Pain Management in the Emergency Department: Lessons from a Lean-Driven Quality Improvement Initiative,True,False,2,True,True,Article | Journal Article,pubmed+scopus+wos
"Rationalisation of laboratory tests ordering and consumption at Armed Forces Hospital, Jazan",False,True,0,True,True,Article | Journal Article,pubmed+scopus+wos
Implementation of the Lean Approach in the Context of the New Model of Medical Organization: Results and Prospects,True,True,9,True,True,Article,scopus
"Improving access, mixed continuity: effects of multidisciplinary teams on primary health-care in Finland–a quasi-experimental study",False,True,1,True,True,Article | Journal Article,pubmed+scopus+wos
Biopsy in chronic liver disease: proposal for a shared path between clinicians and pathologists,False,True,1,True,True,Article | Journal Article,pubmed+scopus+wos
"Impact of automated dispensing cabinets on dispensing errors, interruptions and pillbox preparation time",False,False,2,False,True,Article | Journal Article; Observational Study,pubmed+scopus+wos
Addressing Social and Cultural Needs with Lean Management in a National Sample of US Physician Practices,True,True,7,True,True,Article | Article; Early Access | Journal Article,pubmed+scopus+wos
Open Access model as an intervention to improve outpatient waiting time management,False,True,0,True,True,Article,scopus
Lean Management Systems in Health Care: A Review of the Literature,True,True,13,True,True,Journal Article; Review | Review,pubmed+scopus+wos
"Organizational Agility, Lean Thinking and Adaptive Governance: Integrating Contemporary Management Paradigms",True,True,5,True,True,Article,scopus
Lean Management Framework in Healthcare: Insights and Achievements on Hazardous Medical Waste,True,True,1,True,True,Review,scopus+wos
Managing Resource Utilization Cost of Laboratory Tests for Patients on Chemotherapy in Johns Hopkins Aramco Healthcare,False,True,1,True,True,Article | Journal Article,pubmed+scopus
Implementation of Value Stream Maps in the Improvement of In-hospital Patient Trajectories; [Implementación de mapas de flujo de valor en la mejora de trayectorias intrahospitalarias de pacientes],False,True,2,True,True,Article,scopus
Lean healthcare: a science mapping of current progress and future research avenues,True,True,2,True,True,Journal Article; Review | Review,pubmed+scopus+wos
Assessing Lean Six Sigma and quality performance improvement in Italian public healthcare organizations: a validated scale,True,True,3,True,True,Article,scopus+wos
Lean management in a low-digitalization context: implementing manual time and motion analysis in a public hospital emergency department,True,True,4,True,True,Article | Article; Early Access,scopus+wos
"Benchmarking outcomes on multiple contextual levels in lean healthcare: a systematic review, development of a conceptual framework, and a research agenda",True,True,7,True,True,Article | Journal Article; Systematic Review | Review,pubmed+scopus+wos
Unveiling the Impact of Lean Leadership on Continuous Improvement Maturity: A Scoping Review,True,True,1,True,True,Journal Article; Scoping Review | Review,pubmed+scopus+wos
The organization of ambulance decontamination during the COVID-19 pandemic: a process analysis based on the Lean Thinking philosophy,True,True,1,True,True,Article,scopus+wos
The Use of Kaizen by Nurses for Preparing Airway Trolley in a Pediatric Cardiac Intensive Care Unit,False,True,1,True,True,Article | Journal Article; Observational Study,pubmed+scopus+wos
Contribution of proactive management of healthcare risks to the reduction of adverse events in a maternity hospital,False,True,2,True,True,Article | Journal Article,pubmed+scopus+wos
Lost in transfer: the role of epistemic cultures to mobilize improvement knowledge in health-care collaborations,False,False,1,False,False,Article,scopus+wos
Lean management of heart failure candidates for heart replacement therapies and post-heart transplant patients,True,True,1,True,True,Journal Article; Review | Review,pubmed+scopus
Integrated Lean Six Sigma and Kotter change management framework for emergency healthcare services in Saudi Arabia,True,True,3,True,True,Article,scopus+wos
Using Programme Theory to evaluate Lean interventions in healthcare,True,True,9,True,True,Article,scopus+wos
WASTE REDUCTION USING THE THOR 2 HYBRID METHOD: DECISION MAKING IN THE CONTEXT OF LEAN HEALTHCARE,True,True,4,True,True,Article,scopus
"Lean adoption, implementation, and outcomes in public hospitals: benchmarking the US and Italy health systems",True,True,14,True,True,Article | Journal Article,pubmed+scopus+wos
Lean thinking and risk management in healthcare organizations: a systematic literature review and research agenda,True,True,3,True,True,Review,scopus+wos
Validation of the Lean Healthcare Implementation Self-Assessment Instrument (LHISI) in the finnish healthcare context,True,True,8,True,True,Article | Journal Article,pubmed+scopus+wos
Measuring the current state-of-the-art in lean healthcare literature from the lenses of bibliometric indicators,True,True,2,True,True,Review,scopus+wos
Application of Supply Processing and Distribution Model in Interventional Consumables Management Based on Whole-Process Coding Technology,False,True,1,True,True,Article | Journal Article,pubmed+scopus+wos
Designing an integrated care pathway for spondyloarthritis: A Lean Thinking approach,True,True,4,True,True,"Article | Journal Article; Research Support, Non-U.S. Gov't",pubmed+scopus+wos
Construction and validation of an instrument for evaluating Lean Healthcare in healthcare institutions; [Construção e validação de instrumento para avaliação do Lean Healthcare em instituições de saúde]; [Construcción y validación de un instrumento para evaluar el Lean Healthcare en instituciones de salud],True,False,3,True,True,Article | Journal Article; Review,pubmed+scopus
"A Systematic Review of Lean Implementation in Hospitals: Impact on Efficiency, Quality, Cost, and Satisfaction",True,True,5,True,True,Journal Article; Systematic Review | Review,pubmed+scopus+wos
Lean Management and Integrated Care in Europe: An Effective Mix for a Health System,True,True,1,True,True,Editorial | Editorial Material | Review,pubmed+scopus+wos
Research on outpatient capacity planning combining lean thinking and integer linear programming,True,True,1,True,True,"Article | Journal Article; Research Support, Non-U.S. Gov't",pubmed+scopus+wos
Framework for implementing autonomous lean healthcare six sigma via yellow belt training,True,True,3,True,True,Article | Article; Early Access,scopus+wos
A digital twin framework for lean strategic facility management in the UK healthcare built environment,True,True,0,True,True,Article | Article; Early Access,scopus+wos
Sustainable healthcare lean management implementations in outpatient healthcare: a systematic literature review,True,True,1,True,True,Article | Review; Early Access,scopus+wos
Adapting and validating the EPLIT for assessing lean healthcare maturity in Brazilian hospitals,True,False,3,True,True,Article,scopus+wos
A practical model for improving first-case on-time starts performance,False,True,0,True,True,Article | Article; Early Access | Journal Article,pubmed+scopus+wos
What are barriers and facilitators in sustaining lean management in healthcare? A qualitative literature review,True,True,1,True,True,Article | Journal Article; Systematic Review | Review,pubmed+scopus+wos
Lean Healthcare: evaluation of Single-Minute Exchange of Die and Toyota Kata applied in Brazilian Emergency Care Units,True,True,1,True,True,Article,scopus
Development of Sustainable Lean Patient Value in Healthcare: A Long-Term Condition Context,True,True,6,True,True,Article,scopus+wos
"Reducing medical equipment downtime using Lean Six Sigma: a quality improvement project at Suhul Hospital, Shire",True,True,2,True,True,Article | Journal Article,pubmed+scopus+wos
"Working conditions, well-being, and retention of healthcare personnel: A comparative study between lean healthcare and nurse-to-patient ratio",True,True,3,True,True,Article,scopus+wos
Modelling the lean deployment in the healthcare services,True,True,6,True,True,Article,scopus
Accelerating start-up cycles in investigator-initiated multicenter clinical trials,False,True,1,True,True,Article | Journal Article,pubmed+scopus+wos
Creating efficient professional healthcare organizations,False,True,1,True,True,Article,scopus+wos
Lean Six Sigma as a Management Tool Helps Standardize Antimicrobial Use in Hospital Settings,True,True,1,True,True,Article | Journal Article,pubmed+scopus+wos
A cross-organizational Lean deployment in an Italian regional healthcare system,True,True,12,True,True,Article | Article; Early Access | Case Reports; Journal Article,pubmed+scopus+wos
Evaluation of the application of continuous improvement based on the Kaizen concept in Emergency Healthcare Units; [Avaliação da aplicação da melhoria contínua a partir do conceito de Kaizen nas Unidades de Emergência em Saúde]; [Evaluación de la aplicación de la mejora continua basada en el concepto Kaizen en unidades de emergencia sanitaria],False,True,1,True,True,Article,scopus
The clinical trial activation process: a case study of an Italian public hospital,False,True,1,True,True,Article | Journal Article; Observational Study,pubmed+scopus+wos
Development of a method for evaluation of internal processes in Brazilian Emergency Care Units (ECUs) through Toyota Kata and Single Minute Exchange of Die (SMED),False,True,0,True,True,Article,scopus
Improve of the call center service from knowledge management; [MEJORA DEL SERVICIO CALL CENTER A PARTIR DE LA GESTIÓN DEL CONOCIMIENTO],False,True,1,True,True,Article,scopus
Advancing Healthcare Quality: Critical Success Factors for Effective Kaizen Events in Low- and Middle-Income Countries’ Hospitals,False,True,0,True,True,Article,scopus+wos
Applying LEAN Healthcare in Lean Settings: Launching Quality Improvement in Resource-Limited Regions,True,False,2,True,True,Article | Journal Article,pubmed+scopus+wos
Lean and resilience in the healthcare supply chain – a scoping review,True,True,8,True,True,Article | Review,scopus+wos
Lean Healthcare systematically applied to improve mobility accessibility in the medical clinic of a medium-sized hospital,True,True,8,True,True,Article,scopus
Data envelopment analysis (DEA) applied with distinct approaches: A bibliometric survey in association with Lean Manufacturing and Lean Healthcare,True,True,10,True,True,Article,scopus
The relationship between self-efficacy and sustainable Lean management systems within the healthcare arena,True,True,8,True,True,Article | Journal Article,pubmed+scopus+wos
The maturity of lean management in a large academic medical center in Finland: a qualitative study,True,True,16,True,True,Article | Journal Article,pubmed+scopus+wos
Improving Care Continuity in Oncology Settings: A Lean Management Approach to Minimize Discharges Without Follow-Up Appointments,True,True,3,True,True,Article | Journal Article,pubmed+scopus
Visualization and Bibliometric Analysis of Research Trends on Hyperbaric Oxygen Therapy,False,False,1,False,False,Article | Journal Article,pubmed+scopus+wos
Lean services: a systematic review,True,True,17,True,True,Review,scopus+wos
Reducing rates of perioperative deep vein thrombosis and pulmonary emboli in hip and knee arthroplasty patients: A quality improvement project,False,False,1,False,False,Article,scopus
Value creation through lean management: A case study of healthcare service operations,True,True,3,True,True,Article,scopus
Clinical Integration in a Dental School Clinic Through an Enhanced Patient Intake Process,False,True,3,True,True,Article | Journal Article,pubmed+scopus+wos
Assessing performance and value-creation capabilities in Lean healthcare: insights from a case study,True,True,5,True,True,Article,scopus+wos
Using lean thinking to improve hypertension in a community health centre: A quality improvement report,True,True,5,True,True,Article | Journal Article,pubmed+scopus+wos
Home before Hospital: A whole of system re-design project to improve rates of home-based dialysis therapy: Experience and outcomes over 8 years,False,False,1,False,False,Article | Journal Article,pubmed+scopus+wos
Assessing the leanness of a supply chain using multi-grade fuzzy logic: a health-care case study,False,True,9,True,True,Article,scopus+wos
A value-based taxonomy of improvement approaches in healthcare,False,True,1,True,True,Article | Journal Article,pubmed+scopus+wos
Improving the Workflow Efficiency of an Outpatient Pain Clinic at a Specialized Oncology Center by Implementing Lean Principles,True,True,2,True,True,Article | Journal Article,pubmed+scopus+wos
Use of a service evaluation and lean thinking transformation to redesign an NHS 111 refer to community Pharmacy for Emergency Repeat Medication Supply Service (PERMSS),True,False,5,True,True,Article | Comparative Study; Evaluation Study; Journal Article,pubmed+scopus+wos
A framework to assess sustaining continuous improvement in lean healthcare,True,True,8,True,True,Article,scopus+wos
A multidisciplinary initiative to standardize intensive care to acute care transitions,False,True,2,True,True,Article | Journal Article,pubmed+scopus+wos
Lean management,True,True,1,True,True,Article,scopus
Analysis of hospital flow management: The 3 R's approach,False,True,2,True,True,Article,scopus
Lean-Thinking: Implementation and Measurement in Healthcare Settings,True,True,6,True,True,Article,scopus+wos
Process improvement in a radiology department,False,True,1,True,True,Article | Article; Proceedings Paper,scopus+wos
Integrating Lean Thinking and Implementation Science Determinants Checklists for Quality Improvement: A Scoping Review,True,True,5,True,True,"Article | Journal Article; Research Support, N.I.H., Extramural; Scoping Review | Review",pubmed+scopus+wos
Lean supply chain management in healthcare: a systematic review and meta-study,True,True,6,True,True,Review,scopus+wos
Using Lean Thinking at an otorhinolaryngology outpatient clinic to improve quality of care,True,True,5,True,True,Article | Journal Article,pubmed+scopus+wos
Using Lean tools to reduce patient waiting time,True,False,3,True,True,Article | Journal Article,pubmed+scopus+wos
Workflow optimization in a clinical laboratory using lean management principles in the pre-analytical phase,True,True,3,True,True,Article | Journal Article,pubmed+scopus+wos
Adoption of Lean Management and Hospital Performance: Findings From a National Survey,True,False,0,True,True,Article | Journal Article,pubmed+scopus
Enteral diet therapy: use of the Lean Healthcare philosophy in process improvement; [Dietoterapia enteral: utilização da filosofia Lean Healthcare na melhoria do processo]; [Dietoterapia enteral: la utilización de la filosofía Lean Healthcare en la mejora del proceso],True,False,2,True,True,Article | Journal Article,pubmed+scopus+wos
Improvement of urgent tests laboratory turnaround time through laboratory lean management,True,True,6,True,True,Article,scopus
Organizational trials of valuation: insights from the work of leaning the patient distribution process at a children’s hospital,False,True,3,True,True,Article,scopus+wos
Lean thinking to improve emergency department throughput at AORN Cardarelli hospital,True,True,4,True,True,Article | Journal Article,pubmed+scopus+wos
Engaging professionals with serious games: the Lean Healthcare Lab at Siena University Hospital,True,True,4,True,True,Article,scopus
Understanding lean & safety projects: Analysis of case studies,True,True,2,True,True,Article,scopus
Implementing fast track surgery in hip and knee arthroplasty using the lean Six Sigma methodology,True,True,3,True,True,Article,scopus+wos
USE OF LEAN MANAGEMENT TO INCREASE EFFICIENCY AND OSTEOPATHIC MANIPULATIVE TREATMENT IN A FAMILY MEDICINE RESIDENCY,True,True,5,True,True,Article,scopus
Does Lean healthcare improve patient satisfaction? A mixed-method investigation into primary care,True,True,11,True,True,"Article | Journal Article; Research Support, Non-U.S. Gov't",pubmed+scopus+wos
How does clinical space utilisation impact patient flow?,False,True,0,True,True,Article | Journal Article,pubmed+scopus+wos
Decreasing ct acquisition time in the emergency department through lean management principles,True,False,2,True,True,Article | Journal Article,pubmed+scopus+wos
"Lean Healthcare in the institutional, professional, and patient perspective: an integrative review; [Lean Healthcare na perspectiva institucional, profissional e do paciente: uma revisão integrativa]; [Lean Healthcare en la perspectiva institucional, profesional y del paciente: una revisión integrativa]",True,False,2,True,True,Journal Article; Review | Review,pubmed+scopus
From kamishibai card to key card: A family-targeted quality improvement initiative to reduce paediatric central line-associated bloodstream infections,False,True,0,True,True,"Article | Journal Article; Research Support, Non-U.S. Gov't",pubmed+scopus+wos
Adoption of Lean management and hospital performance: Results from a national survey,True,True,12,True,True,Article | Journal Article,pubmed+scopus+wos
Quality improvement through lean A3 method for foot traffic in operating room,True,True,1,True,True,Article,scopus
"How practice makes sense in healthcare operations: Studying sensemaking as performative, material-discursive practice",False,True,0,True,True,Article,scopus+wos
LEAN thinking in Finnish healthcare,True,True,8,True,True,Article | Journal Article,pubmed+scopus+wos
Implementing lean in knowledge work: Implications from a study of the hospital discharge planning process,True,True,9,True,True,Article,scopus+wos
Reconstituting lean in healthcare: From waste elimination toward ‘queue-less’ patient-focused care,True,True,9,True,True,Article,scopus+wos
Lean healthcare practices and operational performance: Safety climate as a moderator,True,True,1,True,True,Article,scopus
Service quality improvement of outpatient blood collection by lean management,True,True,6,True,True,Article | Journal Article,pubmed+scopus+wos
Increasing patient flow through neurosurgical critical care: The Leeds Improvement Method,False,True,0,True,True,Article | Journal Article,pubmed+scopus+wos
Lean practices for efficiency in the South African hospitality sector,True,True,12,True,True,Article,scopus
"Lean management in hospitality: Methods, applications and future directions",True,True,5,True,True,Article,scopus
Lean management in hospitals: Key factors for successful implementation: (an investigation of factors affecting lean management in public hospitals in kohgiluyeh and boyerahmad and bushehr provinces),True,True,6,True,True,Article,scopus
Lean public emergency department efficiency evaluation by slack-based measure data envelopment analysis,True,True,7,True,True,Article,scopus
Sustainable approach to reducing unnecessary combined biochemistry tests on a paediatric cardiology ward,False,True,0,True,True,Article | Journal Article,pubmed+scopus
Making the value flow: application of value stream mapping in a Brazilian public healthcare organisation,False,True,3,True,True,Article,scopus+wos
Creating a Culture of Continuous Improvement and Sustainable Management Systems at Abbott Diagnostics Longford,False,False,2,False,True,Article,scopus
Lean thinking by integrating with discrete event simulation and design of experiments: An emergency department expansion,True,True,3,True,True,Article | Journal Article,pubmed+scopus+wos
A lean-TOC approach for improving Emergency Medical Services (EMS) transport and logistics operations,True,True,4,True,True,Article,scopus+wos
Waste analysis framework for lean production: Pilot study in a healthcare setting,True,True,2,True,True,Article,scopus
Relationship-centered health care as a Lean intervention,True,True,5,True,True,Article | Journal Article,pubmed+scopus+wos
The impact of cross-unit coordination and process improvement efforts in Anatomic pathology: A systems perspective,False,True,0,True,True,Article,scopus+wos
Logistics reorganization and management of the ambulatory pharmacy of a local health unit in Portugal,False,False,1,False,False,Article | Journal Article,pubmed+scopus+wos
What Is Lean Management in Health Care? Development of an Operational Definition for a Cochrane Systematic Review,True,True,14,True,True,"Journal Article; Research Support, Non-U.S. Gov't | Review",pubmed+scopus+wos
Simulation-based analysis of lean practices implementation on the supply chain of a public hospital,True,True,3,True,True,Article,scopus
Identification and development of Lean and Safety projects,True,True,1,True,True,Article,scopus+wos
Workplace violence prevention standardization using lean principles across a healthcare network,True,True,2,True,True,Article | Journal Article,pubmed+scopus+wos
Hospital management and nursing management in the light of the lean philosophy in healthcare; [Gestão hospitalar e gerenciamento em enfermagem à luz da filosofia lean healthcare]; [Gestión hospitalaria y gerenciamiento en enfermería a la luz de la filosofía lean healthcare],True,False,2,True,True,Article,scopus
A multifaceted intervention to improve the quality of care for patients undergoing total joint arthroplasty,False,True,2,True,True,Article | Journal Article,pubmed+scopus+wos
The application of six sigma to reduce the pre-operative length of hospital stay at the hospital Antonio Cardarelli,False,False,1,False,False,Article,scopus+wos
Lean thinking in healthcare: Review of implementation results,True,True,5,True,True,Article | Review,scopus+wos
Key Factors Influencing Lean Thinking Implementation in Health Services (A Study of Isfahan Health Centers),True,True,4,True,True,Article,scopus
APPLICATION OF LEAN SIX SIGMA TO REDUCE PATIENT WAITING TIME: LITERATURE REVIEW,True,True,1,True,True,Article | Review,scopus+wos
Lean Management Systems in Radiology: Elements for Success,True,False,6,True,True,Journal Article; Review | Review,pubmed+scopus
Lean approach to improving performance and efficiency in a nuclear medicine department,True,True,9,True,True,Review,scopus+wos
Moving on from CUSP to CUP: Empowering multidisciplinary teams and integrating them in the management structure of hospital organization,False,True,0,True,True,Article | Journal Article,pubmed+scopus+wos
Axiomatic Design of a Framework for the Comprehensive Optimization of Patient Flows in Hospitals,False,False,4,False,True,Article | Journal Article,pubmed+scopus+wos
Lean Enterprise Transformation in VA: A national evaluation framework and study protocol,True,True,7,True,True,Article | Journal Article,pubmed+scopus+wos
Professional bureaucracy and health care managers' planned change strategies: Governance in Swedish health care,False,True,0,True,True,Article,scopus+wos
"Managing covid-19 in a novel, rapidly deployable community isolation quarantine facility",False,False,1,False,False,Article | Journal Article,pubmed+scopus+wos
Improving flow in the OR: How Lean process studies can lead to shorter stays in the recovery ward,True,True,4,True,True,Article | Journal Article,pubmed+scopus+wos
Lean healthcare from a change management perspective: The role of leadership and workforce flexibility in an operating theatre,True,True,6,True,True,Article | Journal Article,pubmed+scopus+wos
Lean interventions in healthcare: Do they actually work? A systematic literature review,True,True,7,True,True,Article | Journal Article; Systematic Review | Review,pubmed+scopus+wos
Utilization of Portable Radios to Improve Ophthalmology Clinic Efficiency in an Academic Setting,False,True,1,True,True,"Article | Journal Article; Research Support, Non-U.S. Gov't",pubmed+scopus+wos
Cultural tensions in lean healthcare implementation: A paradox theory lens,True,True,7,True,True,Article,scopus+wos
Reducing wait time for administration of systemic anticancer treatment (SACT) in a hospital outpatient facility,False,True,2,True,True,Article | Journal Article,pubmed+scopus+wos
Change management,False,True,1,True,True,Article,scopus
SPD-based logistics management model of medical consumables in hospitals,False,False,1,False,False,Article | Journal Article,pubmed+scopus+wos
Qualitative analysis of lean management in healthcare: perspectives of Austrian and Swiss experts; [Qualitative Analyse zu Lean Management im Gesundheitswesen: Sichtweisen österreichischer und Schweizer Experten],True,True,5,True,True,Article,scopus
Application of a hybrid selective inventory control technique in a hospital: a precursor for inventory reduction through lean thinking,True,True,1,True,True,Article,scopus+wos
Socially responsible innovation in health care: Cycles of actualization,False,False,1,False,False,Article,scopus+wos
Quality management system,False,True,1,True,True,Article,scopus
Lean leadership attributes: a systematic review of the literature,True,False,9,True,True,Journal Article; Systematic Review | Review,pubmed+scopus+wos
Integrating lean thinking and mathematical optimization: A case study in appointment scheduling of hematological treatments,True,True,3,True,True,Article,scopus+wos
Implementation of Lean and Six Sigma principles in ophthalmology for improving quality of care and patient flow,True,True,4,True,True,Article | Journal Article; Review | Review,pubmed+scopus+wos
Lean-oriented layout design of a health care facility,True,True,4,True,True,Article | Journal Article,pubmed+scopus+wos
Assessment of readiness level for implementing lean six sigma in healthcare organization using fuzzy logic approach,True,True,2,True,True,Article,scopus+wos
Sustainability through lean healthcare and operational performance in the private hospitals: A proposed framework,True,True,2,True,True,Article,scopus
Establishing face validity of the EPLIT questionnaire,False,True,5,True,True,Article,scopus
Lean management in hospital pharmacy: Integration in clinical trial quality assurance; [Lean management en pharmacie hospitalière: intégration dans la démarche qualité des essais cliniques],True,False,4,True,True,Article,scopus
NO WAIT: new organised well-adapted immediate triage: A lean improvement project,True,True,1,True,True,Article | Journal Article,pubmed+scopus+wos
An enhanced kaizen event in a sterile processing department of a rural hospital: A case study,False,True,0,True,True,Article | Journal Article,pubmed+scopus+wos
Healthcare Engineering: A Lean Management Approach,True,False,9,True,True,Article | Journal Article,pubmed+scopus+wos
System-wide lean implementation in health care: A multiple case study,True,True,8,True,True,Article | Journal Article,pubmed+scopus+wos
Validity test of lean healthcare using Lawshe's method,True,True,1,True,True,Article,scopus
Customer satisfaction in private healthcare: Using lean bundles to improve performance,True,True,2,True,True,Review,scopus
Process improvement for a complex dual medical procedure,False,False,1,False,False,Article | Journal Article,pubmed+scopus
Improvement of laboratory turnaround time using lean methodology,True,True,9,True,True,Article | Journal Article,pubmed+scopus+wos
"World-Wide Immunoscore Task Force: Meeting report from the ""Melanoma Bridge"", Napoli, November 30th-December 3rd, 2016",False,True,1,True,True,Article | Conference Proceedings,pubmed+scopus+wos
Waiting too long: Bottlenecks and improvements - A case study of a surgery department,False,False,1,False,False,Article,scopus
A Decade of Lean in Healthcare: Current State and Future Directions,True,True,10,True,True,Article,scopus+wos
The application of lean management in the management of the psychiatric care system in the regional model of psychiatric care in Denmark (the region of Zealand),True,False,1,True,True,Article,scopus
Applying Lean Six Sigma to improve medication management,True,True,4,True,True,"Article | Journal Article; Research Support, U.S. Gov't, Non-P.H.S.",pubmed+scopus+wos
Applying Lean Principles to Reduce Wait Times in a VA Emergency Department,True,True,4,True,True,Article,scopus
A new value stream mapping approach for healthcare environments,False,True,3,True,True,Article,scopus+wos
Lean process design for a radiology department,True,True,3,True,True,Article,scopus+wos
COVID-19 outbreak: implications on healthcare operations,False,True,2,True,True,Article,scopus+wos
"Increasing Operating Room Efficiency with Shop Floor Management: an Empirical, Code-Based, Retrospective Analysis",False,True,2,True,True,Article | Journal Article,pubmed+scopus+wos
From Education to Practice: Incorporating Quality Improvement Projects Into a Baccalaureate Nursing Curriculum,False,True,2,True,True,Article | Journal Article,pubmed+scopus+wos
Participative facility planning for obstetrical and neonatal care processes: Beginning of life process,False,False,3,False,True,"Article | Journal Article; Research Support, Non-U.S. Gov't",pubmed+scopus+wos
Healthcare management challenges in two university hospitals,False,True,2,True,True,Article | Review,scopus+wos
Personalizing symptom monitoring and contact tracing efforts through a COVID-19 web-app,False,False,1,False,False,Article | Journal Article | Review,pubmed+scopus+wos
Emergency Department crowding and hospital bed shortage: Is Lean a smart answer? A systematic review,True,True,5,True,True,Journal Article; Systematic Review | Review,pubmed+scopus+wos
Improved Procedural Efficiency of Atrial Fibrillation Ablation Using a Dedicated Ablation Protocol and Lean Management,True,True,3,True,True,Article | Journal Article,pubmed+scopus+wos
Lean business models in healthcare: a systematic review,True,True,9,True,True,Article | Review,scopus+wos
Physician Engagement with Metrics in Lean Primary Care Transformation,True,True,3,True,True,"Article | Journal Article; Research Support, U.S. Gov't, P.H.S.",pubmed+scopus+wos
Lean healthcare,True,False,11,True,True,Article; Book Chapter | Book | Book chapter,scopus+wos
Application of Lean Healthcare methodology in a urology department of a tertiary hospital as a tool for improving efficiency; [Aplicación de la metodología Lean healthcare en un servicio de urología de un hospital terciario como herramienta de mejora de la eficiencia],True,True,4,True,True,Article | Journal Article,pubmed+scopus+wos
"Relationship between lean practices, soft total quality management and innovation skills in lebanese hospitals; [Relation entre le lean management, la gestion totale de la qualité dite souple et les capacités d’innovation dans les hôpitaux libanais]",True,False,4,True,True,Article,scopus
Lean thinking in health and nursing: An integrative literature review; [Pensamento Lean na saúde e enfermagem: Revisão integrativa da literatura]; [Pensamiento Lean en la salud y enfermería: Revisión integradora de la literatura],True,False,3,True,True,Article | Journal Article; Review | Review,pubmed+scopus+wos
How visual management for continuous improvement might guide and affect hospital staff: A case study,False,True,3,True,True,"Article | Journal Article; Research Support, Non-U.S. Gov't",pubmed+scopus+wos
Implementing Lean Quality Improvement in Primary Care: Impact on Efficiency in Performing Common Clinical Tasks,True,True,8,True,True,"Article | Journal Article; Research Support, U.S. Gov't, P.H.S.",pubmed+scopus+wos
"A novel conceptual approach to lean: Value, psychological conditions for engagement with work and perceived organizational support in hospital care",True,True,3,True,True,Journal Article; Review | Review,pubmed+scopus+wos
Efficiency assessment in emergency department using lean thinking approach,True,True,5,True,True,Article,scopus+wos
“8A” framework for value stream selection – an empirical case study,False,True,2,True,True,Article,scopus+wos
Applied business process management: An information systems approach to improve service delivery in public hospitals of low- and middle-income countries,False,True,1,True,True,Article,scopus+wos
Using medical student quality improvement projects to promote evidence-based care in the emergency department,False,False,1,False,False,Article | Journal Article,pubmed+scopus+wos
Access to surgical care as an efficiency issue: using lean management in French and Australian operating theatres,True,True,1,True,True,Article | Journal Article,pubmed+scopus+wos
Implementation of lean in health care environments: an update of systematic reviews,True,True,8,True,True,Article | Review,scopus+wos
A qualitative analysis of Lean implementation in Brazilian surgical centres: A multiple-case study,True,True,7,True,True,Article,scopus+wos
Improving the diagnostic stage of the suspected colorectal cancer pathway: A quality improvement project,False,True,1,True,True,Article | Journal Article,pubmed+scopus+wos
"Enhanced Recovery After Surgery, Lean, and claims-based quality databases: How does it all make sense?",True,True,4,True,True,Journal Article; Review | Review,pubmed+scopus+wos
Designing extended overall equipment effectiveness: application in healthcare operations,False,False,1,False,False,Article,scopus+wos
AHP framework to assist lean deployment in Abu Dhabi public healthcare delivery system,True,False,6,True,True,Article,scopus+wos
Wanted in health care: Lean experts with a broad perspective,True,True,15,True,True,Editorial Material | Journal Article | Note,pubmed+scopus+wos
Lean hospital management implementation in health care service: A multicase study,True,True,3,True,True,Article,scopus
Improving Autopsy Report Turnaround Times by Implementing Lean Management Principles,True,True,6,True,True,Article | Journal Article,pubmed+scopus+wos
Lean and process-orienting health care - Linking and disentangling activities,True,True,2,True,True,Article,scopus+wos
Problem-solving behaviour of nurses in a lean environment,True,True,9,True,True,Article | Journal Article,pubmed+scopus+wos
Exploring lean generic and lean healthcare cultural clusters,True,True,14,True,True,Article,scopus+wos
Lean Management and U.S. Public Hospital Performance: Results from a National Survey,True,False,14,True,True,Article | Journal Article | Review,pubmed+scopus+wos
Management simulations for Lean healthcare: exploiting the potentials of role-playing,True,True,6,True,True,Article | Evaluation Study; Journal Article,pubmed+scopus+wos
"Interprofessional, multitiered daily rounding management in a high-acuity hospital",False,True,2,True,True,Article | Journal Article; Observational Study,pubmed+scopus+wos
Practitioner application: Lean Management and U.S. Public Hospital Performance: Results from a National Survey,True,False,0,True,True,Comment; Journal Article | Editorial Material | Note,pubmed+scopus+wos
Doing More with Less: Lean Healthcare Implementation in Irish Hospitals,True,True,8,True,True,Article; Book Chapter | Book chapter,scopus+wos
Beyond the ostensible: an exploration of barriers to lean implementation and sustainability in healthcare,True,True,3,True,True,Article,scopus+wos
Lean healthcare in developing countries: evidence from Brazilian hospitals,True,True,8,True,True,Article | Journal Article,pubmed+scopus+wos
Daily capacity management for hospitals: A Brazilian case study,False,True,0,True,True,Article,scopus
The relevance of intervention participants’ process appraisal for change in well-being and lean work processes of entire teams,True,True,6,True,True,Article,scopus+wos
Lean Healthcare at the Surgical Medical Conferences of Ophthalmology; [Lean Healthcare en los Encuentros Médico Quirúrgicos de Oftalmología],True,True,2,True,True,Article,scopus
A measure of lean quality improvement for hospital staff nurses,True,True,2,True,True,Article | Journal Article,pubmed+scopus+wos
Using lean management to leverage innovation in healthcare projects: Case study of a public hospital in the UAE,True,False,6,True,True,Article,scopus
Evaluation of system modelling techniques for waste identification in lean healthcare applications,True,True,3,True,True,Article | Journal Article,pubmed+scopus+wos
Towards a digital lean hospital: Concept for a digital patient board and its integration with a hospital information system,True,False,1,True,True,Conference paper | Journal Article | Proceedings Paper,pubmed+scopus+wos
Lean bundles in health care: a scoping review,True,False,8,True,True,Journal Article; Scoping Review | Review,pubmed+scopus+wos
Improving the operational efficiency of OPD using lean method – value stream mapping,True,False,6,True,True,Article,scopus
Lean Management and Breakthrough Performance Improvement in Health Care,True,True,9,True,True,"Article | Journal Article; Research Support, Non-U.S. Gov't",pubmed+scopus+wos
"Casting the lean spell: The promotion, dilution and erosion of lean management in the NHS",True,True,7,True,True,Article,scopus+wos
"Using Quality Improvement Methodology to Reduce Costs while Improving Efficiency and Provider Satisfaction in a Busy, Academic Musculoskeletal Radiology Division",False,True,2,True,True,Article | Journal Article,pubmed+scopus+wos
Is the hospital lean? A mathematical model for assessing the implementation of lean thinking in healthcare institutions,True,True,8,True,True,Article,scopus+wos
Assessing the impact of lean healthcare on inpatient care: A systematic review,True,True,2,True,True,"Journal Article; Research Support, Non-U.S. Gov't; Systematic Review | Review",pubmed+scopus+wos
Nurse managers implementing the lean management system: A qualitative study in Western Canada,True,False,4,True,True,Article | Journal Article,pubmed+scopus+wos
Lean Thinking to manage a national working group on physics aspects of Stereotactic Body Radiation Therapy,True,True,4,True,True,Article | Journal Article,pubmed+scopus+wos
Effects of Lean Healthcare on Patient Flow: A Systematic Review,True,True,1,True,True,"Journal Article; Research Support, Non-U.S. Gov't; Systematic Review | Review",pubmed+scopus+wos
Fast track surgery for knee replacement surgery: a lean six sigma approach,True,True,1,True,True,Article,scopus+wos
Lean management in health care: a review of reviews of socio-technical components for effective impact,True,True,8,True,True,Article | Journal Article; Systematic Review | Review,pubmed+scopus+wos
Improving hospital operations management to reduce ineffective medical appointments,False,True,0,True,True,Article,scopus+wos
"Quantitative analysis of Six Sigma, Lean and Lean Six Sigma research publications in last two decades",True,True,6,True,True,Review,scopus+wos
Lean Six Sigma for Intravenous Therapy Optimization: A Hospital Use of Lean Thinking to Improve Occlusion Management,True,True,2,True,True,Article,scopus
Use of a discrete-event simulation in a Kaizen event: A case study in healthcare,False,True,3,True,True,Article,scopus+wos
Easier and faster is not always better: Grounded theory of the impact of large-scale system transformation on the clinical work of emergency medicine nurses and physicians,False,False,6,False,True,Article | Journal Article,pubmed+scopus
Lean and Six Sigma in acute care: a systematic review of reviews,True,True,4,True,True,Journal Article; Systematic Review | Review,pubmed+scopus+wos
Leanness evaluation in health-care organizations using fuzzy logic approach,False,True,6,True,True,Article,scopus+wos
State of research and future research tendencies in lean healthcare: a bibliometric analysis,True,True,7,True,True,Article,scopus+wos
"Assessing the relationship of the human resource, finance, and information technology functions on reported performance in hospitals using the Lean management system",True,True,14,True,True,Article | Journal Article,pubmed+scopus+wos
A case-based methodology for lean implementation in hospital operations,True,True,10,True,True,Article | Journal Article,pubmed+scopus+wos
Measuring time utilization of pharmacists in the Birmingham Free Clinic dispensary,False,True,1,True,True,Article | Journal Article,pubmed+scopus+wos
Use of Lean and Related Transformational Performance Improvement Systems in Hospitals in the United States: Results From a National Survey,True,False,7,True,True,Article | Journal Article,pubmed+scopus+wos
Improving performance of the hospitalization process by applying the principles of Lean Thinking,True,True,3,True,True,Article,scopus+wos
The cross-national applicability of lean implementation measures and hospital performance measures: A case study of Finland and the USA,True,True,12,True,True,Article | Journal Article,pubmed+scopus+wos
"Goal pursuit in organizational health interventions: The role of team climate, outcome expectancy, and implementation intentions",False,True,0,True,True,Article | Journal Article,pubmed+scopus+wos
Investigating the connections between health lean management and clinical risk management: Insights from a systematic literature review,True,True,1,True,True,Article | Journal Article | Review,pubmed+scopus+wos
The synergic relationship between industry 4.0 and lean management: Best practices from the literature,True,True,1,True,True,Article,scopus+wos
The development of lean healthcare management system (LHMS) for healthcare industry,True,True,1,True,True,Article,scopus
Identification of the patient requirements using lean six sigma and data mining,True,True,4,True,True,Article,scopus+wos
Case Study of Lean in Hospital Admissions to Inspire Culture Change,True,True,4,True,True,Article,scopus+wos
Measuring Lean Six Sigma and quality performance for healthcare organizations,True,True,6,True,True,Article,scopus+wos
A case for integrating the Patient and Family Centered Care Methodology and Practice in Lean healthcare organizations,True,True,2,True,True,Article | Journal Article,pubmed+scopus+wos
Quality Improvement in Ambulatory Anesthesia: Making Changes that Work for You,False,True,2,True,True,Journal Article; Review | Review,pubmed+scopus
Can lean contribute to work intensification in healthcare?,True,True,9,True,True,Article | Journal Article | Review,pubmed+scopus+wos
Improving nurses' hand-offprocess on oncology setting using lean management principles,True,True,2,True,True,Article | Journal Article,pubmed+scopus
Assessment methodology for Lean Practices in healthcare organizations: Case study in a Brazilian public hospital,True,True,9,True,True,Article,scopus
Lean management promotes compliance and satisfaction of rabies vaccines,True,True,6,True,True,Article | Journal Article,pubmed+scopus+wos
Operating room effectiveness: a lean health-care performance indicator,True,True,2,True,True,Article,scopus+wos
A cross-sector review on the use of value stream mapping,False,True,3,True,True,Article | Review,scopus+wos
Leadership behaviors during lean healthcare implementation: a review and longitudinal study,True,True,10,True,True,Article | Review,scopus+wos
The benefit of lean management in the operating theatre; [De l'utilité du lean management au bloc opératoire],True,True,2,True,True,Article,scopus
"Towards Lean Healthcare: Implementation of operations excellence in public hospitals; [L'Excellence hospitalière, ou la mise en œuvre de l'excellence opérationnelle dans le monde hospitalier]",True,False,3,True,True,Article,scopus
"Implementing large scale fast track diagnostics in a comprehensive cancer center, pre- and post-measurement data",False,False,1,False,False,"Article | Journal Article; Research Support, Non-U.S. Gov't",pubmed+scopus+wos
Development of a framework for lean enterprise,True,True,1,True,True,Article,scopus+wos
Impact of multidisciplinary team huddles on patient safety: A systematic review and proposed taxonomy,False,True,0,True,True,Journal Article; Systematic Review | Review,pubmed+scopus+wos
Development and implementation of the Saskatchewan Leadership Program: Leading for healthcare transformation,False,False,1,False,False,Article | Journal Article; Review,pubmed+scopus
Lean thinking in emergency departments: Concepts and tools for quality improvement,True,True,7,True,True,Journal Article | Review,pubmed+scopus
Lean healthcare,True,False,6,True,True,Article; Book Chapter | Book chapter,scopus+wos
"How to Learn Up from Lean Management in Health Services? HRM, Leadership and Relational Coordination",True,True,6,True,True,Article; Book Chapter | Book chapter,scopus+wos
A study on optimisation of master health checkup process at a multispeciality hospital in Coimbatore,False,False,1,False,False,Article,scopus
Improvement of emergency department patient flow using lean thinking,True,True,7,True,True,Article | Journal Article,pubmed+scopus+wos
Translating improvement methodology into healthcare culture,False,True,0,True,True,Article,scopus+wos
Comparing Choice and Partnership Approach assumptions to Child and Adolescent Mental Health Services in NHS Greater Glasgow and Clyde,False,True,0,True,True,Article | Journal Article,pubmed+scopus+wos
Impact of the Japanese 5S management method on patients' and caretakers' satisfaction: A quasi-experimental study in Senegal,False,False,1,False,False,Article | Journal Article,pubmed+scopus+wos
Waste analysis on patient care in the emergency installation of government hospital X of Riau Province,False,True,2,True,True,Article,scopus
The Lean paradox: Does applying Lean Management increase protocol deviations? A case study of cleaning staff in the hospital sector,True,True,3,True,True,Article,scopus+wos
"Institutional pressures, isomorphic changes and key agents in the transfer of knowledge of Lean in Healthcare",True,False,6,True,True,Article,scopus+wos
Assessment of patient flow and optimized use of lean thinking transformation from the perspective of graph theory and spectral graph theory: A case study,True,True,0,True,True,Article | Journal Article,pubmed+scopus+wos
Lean Six Sigma application in healthcare of patients,True,True,6,True,True,Article,scopus
"Modeling, assessment and design of an emergency department of a public hospital through discrete-event simulation",False,True,0,True,True,Article,scopus+wos
The Other side of ‘us’: Alterity construction and identification work in the context of planned change,False,True,0,True,True,Article,scopus+wos
Advanced quality training in radiology: Inaugural report of a 2-year program,False,False,1,False,False,Article | Journal Article,pubmed+scopus+wos
A model for the implementation of lean improvements in healthcare environments as applied in a primary care center,True,True,6,True,True,Article | Journal Article,pubmed+scopus+wos
Lean facilities management: preliminary findings from Singapore’s international schools,True,True,9,True,True,Article,scopus+wos
Implementation of lean practices to reduce healthcare associated infections,True,True,1,True,True,Article,scopus+wos
Using Lean-Facilitation to Improve Quality of Hepatitis C Testing in Primary Care,True,True,3,True,True,"Article | Clinical Trial; Journal Article; Research Support, U.S. Gov't, Non-P.H.S.",pubmed+scopus+wos
Experience of implementing lean thinking in an Indian healthcare institution,True,True,5,True,True,Article,scopus+wos
Exploring the motivators of technology adoption in healthcare,False,False,1,False,False,Article,scopus+wos
A fuzzy interpretive structural modeling approach for evaluating the factors affecting lean implementation in Indian healthcare industry,True,True,9,True,True,Article,scopus
Lean in healthcare organization: an opportunity for environmental sustainability,True,True,14,True,True,Article,scopus+wos
Measuring and improving comprehensive pediatric cardiac care: Learning from continuous quality improvement methods and tools,False,False,2,False,True,Article,scopus+wos
Lean management to improve postoperative patients’ clinical pathway; [Le « Lean santé » pour améliorer le parcours de l'opéré],True,True,3,True,True,Article,scopus
Using Lean Management to Reduce Emergency Department Length of Stay for Medicine Admissions,True,True,4,True,True,Article | Clinical Study; Journal Article,pubmed+scopus+wos
Understanding system failure in health care: A mental model for demand management,False,False,1,False,False,Article,scopus+wos
"Lean healthcare: scale, scope and sustainability",True,True,10,True,True,Journal Article; Review | Review,pubmed+scopus+wos
Lean thinking to mind the gap in healthcare management; [Pensamento enxuto na gestão da saúde],True,False,0,True,True,Article | Comment; Journal Article | Editorial Material,pubmed+scopus+wos
Insight into healthcare design: lessons learned in two university hospitals,False,True,2,True,True,Article,scopus+wos
Reliability of internal logistics distribution in a hospital,False,True,0,True,True,Article,scopus+wos
Lean from the First-line Managers' Perspective - Assuredness about the Effects of Lean as a Driving Force for Sustainable Change,True,True,10,True,True,Article,scopus+wos
Using modified triage system to improve emergency department efficacy: A successful Lean implementation,True,True,0,True,True,Article,scopus
Lean Six Sigma in Health Operations: Challenges and Opportunities—‘Nirvana for Operational Efficiency in Hospitals in a Resource Limited Settings’,True,True,8,True,True,Article,scopus+wos
Medical commitment to Lean: an inductive model development,True,True,6,True,True,Article | Journal Article; Multicenter Study,pubmed+scopus+wos
Engaging Professionals in Sustainable Workplace Innovation: Medical Doctors and Institutional Work,False,False,1,False,False,Article,scopus+wos
Optimizing Throughput in Clinical Practice: Lean Management and Efficient Care in Plastic and Reconstructive Surgery,True,False,1,True,True,Article | Journal Article,pubmed+scopus+wos
Use of Lean and CAHPS Surgical Care Survey to Improve Patients' Experiences with Surgical Care,True,True,3,True,True,Article | Journal Article | Review,pubmed+scopus+wos
How much of Toyota's philosophy is embedded in health care at the organisational level? A review,False,True,2,True,True,Article | Journal Article; Review | Review,pubmed+scopus+wos
Retraction:Analysis of the Effect of Intensive Care Based on Lean Nursing Intervention,True,False,4,True,True,Article; Retracted Publication | Journal Article; Retracted Publication | Retracted,pubmed+scopus+wos
The disintegration of lean manufacturing and lean management,True,True,3,True,True,Article,scopus+wos
Lean thinking applied to a chemotherapy centralized preparation unit,True,False,3,True,True,Article,scopus
Improving patient flow through applying lean concepts to emergency department,True,True,2,True,True,Article | Journal Article,pubmed+scopus+wos
Industrial engineering into healthcare–A comprehensive review,False,True,1,True,True,Review,scopus+wos
Lean Six Sigma to Reduce Intensive Care Unit Length of Stay and Costs in Prolonged Mechanical Ventilation,True,True,2,True,True,Article,scopus+wos
Electronic tracking of patients in an outpatient ophthalmology clinic to improve efficient flow: A feasibility analysis and benchmarking study,False,True,2,True,True,Article | Journal Article,pubmed+scopus+wos
Lean direction in literature: a bibliometric approach,True,True,3,True,True,Article,scopus+wos
"Healthcare Quality Improvement and 'work engagement'; Concluding results from a national, longitudinal, cross-sectional study of the 'Productive Ward-Releasing Time to Care' Programme",False,True,0,True,True,Article | Journal Article,pubmed+scopus+wos
Contextual factors: assessing their influence on flow or resource efficiency orientations in healthcare lean projects,True,True,4,True,True,Article,scopus+wos
Sustainability and kaizen: Business model trends in healthcare,False,True,0,True,True,Article | Review,scopus+wos
Visual management system to improve care planning and controlling: the case of intensive care unit,False,False,1,False,False,Article,scopus+wos
Application of COM-B model as a support to Lean Healthcare diagnostic: the case of Pharmaceutical Care Process,True,True,4,True,True,Article,scopus+wos
Lean Management and Hospital Performance: Adoption vs. Implementation,True,False,8,True,True,Article | Journal Article,pubmed+scopus+wos
Improvement through Small Cycles of Change: Lessons from an Academic Medical Center Emergency Department,False,True,1,True,True,"Article | Journal Article; Research Support, Non-U.S. Gov't",pubmed+scopus+wos
Factors influencing lean implementation in healthcare organizations: An ISM approach,True,True,2,True,True,Article,scopus+wos
Lean healthcare implementation: Experiences and lessons learned from brazilian hospitals,True,True,4,True,True,Article,scopus+wos
Identifying and eliminating inefficiencies in information system usage: A lean perspective,True,True,1,True,True,Article | Journal Article,pubmed+scopus+wos
Lean management and operational performance in health care: Implications for business performance in private hospitals,True,True,3,True,True,Article,scopus+wos
"Does Value Stream Mapping affect the structure, process, and outcome quality in care facilities? A systematic review",False,True,1,True,True,Article | Journal Article; Systematic Review | Review,pubmed+scopus+wos
An Application of Value Analysis for Lean Healthcare Management in an Emergency Department,True,True,2,True,True,Article,scopus+wos
UK and twenty comparable countries GDP-expenditure-on-health 1980-2013: The historic and continued low priority of UK health-related expenditure,False,False,1,False,False,Article | Editorial Material | Journal Article,pubmed+scopus+wos
Barriers and Facilitators to Team-Based Care in the Context of Primary Care Transformation,False,True,0,True,True,Article,scopus+wos
"The Role of Potentially Modifiable Factors in a Standard Work Protocol to Decrease Complications in Adult Spinal Deformity Surgery: A Systematic Review, Part 2",False,True,2,True,True,Article | Journal Article; Systematic Review,pubmed+scopus+wos
What drives continuous improvement project success in healthcare?,False,True,1,True,True,Article | Journal Article,pubmed+scopus+wos
A review of supply chain innovation and healthcare performance in healthcare industry,False,True,0,True,True,Review,scopus
Lean Thinking for Primary Care,True,True,4,True,True,Article | Journal Article; Review | Review,pubmed+scopus+wos
"Lean management in a liaison psychiatry department: implementation, benefits and pitfalls",True,True,2,True,True,Article | Journal Article,pubmed+scopus+wos
Successful Implementation of Lean As A Managerial Principle in Health Care: A Conceptual Analysis from Systematic Literature Review,True,True,10,True,True,Journal Article; Systematic Review | Review,pubmed+scopus+wos
"Application of Lean Manufacturing in Hospitals—the Need to Consider Maturity, Complexity, and the Value Concept",True,True,8,True,True,Article,scopus+wos
Evidence-based medicine: A data-driven approach to lean healthcare operations,True,True,2,True,True,Article,scopus
Using Value Stream Mapping to improve quality of care in low-resource facility settings,False,False,1,False,False,Article | Journal Article,pubmed+scopus+wos
The Finnish healthcare services lean management: Health services managers’ experiences in a special health care unit,True,True,11,True,True,Article | Journal Article,pubmed+scopus+wos
Improving patient waiting time of centralized front office service in a regional hub hospital using the discrete event simulation model,False,True,0,True,True,Article | Conference paper | Journal Article,pubmed+scopus+wos
Assessment of lean-green practices on the sustainable performance of hotel supply chains,True,True,5,True,True,Article,scopus+wos
Application of lean management for improving productivity of housekeeping staff in health care industry: A case study,True,True,3,True,True,Article,scopus
Increasing competitiveness through the implementation of lean management in healthcare,True,True,5,True,True,Article | Journal Article,pubmed+scopus+wos
Applying lean management to reduce radiology turnaround times for emergency department,True,True,5,True,True,Article | Journal Article,pubmed+scopus+wos
A systematic review on lean applications’ in emergency departments,True,True,8,True,True,Journal Article; Review | Review,pubmed+scopus+wos
Are we prepared to implement a Lean philosophy within cancer-care service in Oman?,True,False,3,True,True,Article | Journal Article; Review,pubmed+scopus+wos
Does lean cure variability in health care?,True,True,9,True,True,Article,scopus+wos
"Discursive practice – lean thinking, nurses’ responsibilities and the cost to care",True,True,2,True,True,Journal Article | Review,pubmed+scopus+wos
An innovative procedure for introducing the lean concept into the internal drug supply chain of a hospital,True,True,2,True,True,Article,scopus
Application of lean healthcare in hospital services: A review of the literature (2007 to 2017),True,True,2,True,True,Article,scopus
A survey on performance management of operating rooms and a new KPI proposal,False,True,1,True,True,Article,scopus+wos
The promotion of BPM and lean in the health sector: main results,True,True,6,True,True,Review,scopus+wos
Effectiveness of standardised preoperative assessment and patient instructions on admission blood glucose for patients with diabetes undergoing orthopaedic surgery at a tertiary referral hospital,False,True,1,True,True,Article | Journal Article,pubmed+scopus+wos
Streamlining workflows and redesigning job roles in the theatre sterile surgical unit,False,True,1,True,True,Article | Journal Article,pubmed+scopus+wos
Lean Management to support Choosing Wisely in healthcare: The first evidence from a systematic literature review,True,True,1,True,True,Journal Article; Systematic Review | Review,pubmed+scopus+wos
The first evidence about conceptual vs analytical lean healthcare research studies,True,True,6,True,True,Journal Article; Systematic Review | Review,pubmed+scopus+wos
Critical success factors for the successful initiation of Lean in public hospitals in KwaZulu-Natal: A factor analysis and structural equation modelling study,True,False,8,True,True,Article | Journal Article; Observational Study,pubmed+scopus+wos
"The ‘patient voice’: patients who experience antidepressant withdrawal symptoms are often dismissed, or misdiagnosed with relapse, or a new medical condition",False,True,1,True,True,Article | Journal Article,pubmed+scopus+wos
Situated valuations: Affordances of management technologies in organizations,False,True,1,True,True,Article,scopus+wos
Lean management practices in healthcare sector: a literature review,True,True,4,True,True,Article | Review,scopus+wos
Implementation of Lean healthcare methodology in designing an Intravitreal Injection Center: first Italian experience,True,True,3,True,True,Article | Journal Article,pubmed+scopus+wos
An integrative approach to improving patient care pathways,False,True,2,True,True,Article | Journal Article; Review,pubmed+scopus+wos
The lean six sigma in a public hospital,True,False,2,True,True,Article,scopus
Implementing lean-led hospital design; lessons gained at a pioneer,True,True,3,True,True,Article | Journal Article,pubmed+scopus+wos
Practicing Lean strategy: Hoshin Kanri and X-Matrix in a healthcare-centered simulation,True,True,9,True,True,Article,scopus
A qualitative study of the theory behind the chairs: Balancing lean-accelerated patient flow with the need for privacy and confidentiality in an emergency medicine setting,True,True,7,True,True,Article | Journal Article,pubmed+scopus
Implementing the Lean Management System to Influence Unfinished Nursing Care,True,False,1,True,True,Article,scopus
Quality improvement intervention to decrease prolonged mechanical ventilation after coronary artery bypass surgery,False,False,1,False,False,Article | Journal Article,pubmed+scopus+wos
Reorganization of clinical trial activity in a hospital pharmacy: Contribution of Lean management; [Réorganisation de l'activité des essais cliniques dans une pharmacie à usage intérieur : contribution du Lean management],True,True,2,True,True,Article,scopus
Exploration and prioritization of lean techniques in a hotel supply chain,True,True,19,True,True,Article,scopus+wos
Issues in healthcare supply chain management: From literature to practice,False,True,1,True,True,Article,scopus
Lean readiness within emergency departments: a conceptual framework,True,True,6,True,True,Article,scopus+wos
A blueprint for streamlining patient pathways using a hybrid lean management approach,True,True,2,True,True,Article | Journal Article,pubmed+scopus+wos
Sociotechnical aspects of lean and sustainability,True,True,5,True,True,Article,scopus
Novel quality improvement method to reduce cost while improving the quality of patient care: Retrospective observational study,False,True,1,True,True,"Article | Journal Article; Observational Study; Research Support, Non-U.S. Gov't",pubmed+scopus+wos
An agile standardized work procedure for cleaning the operating room,False,True,0,True,True,Article,scopus+wos
Model of care for a changing healthcare system: Are there foundational pillars for design?,False,False,1,False,False,Article | Journal Article | Review,pubmed+scopus+wos
Lean thinking in healthcare – Findings from a systematic literature network and bibliometric analysis,True,True,1,True,True,Journal Article; Systematic Review | Review,pubmed+scopus+wos
Lean thinking for shortening the level of zoonotic corona-virus and its harmful effects of human’s fear in India,True,True,4,True,True,Article,scopus+wos
A framework to guide the implementation of lean management in emergency department,True,True,1,True,True,Article | Journal Article; Systematic Review,pubmed+scopus+wos
Lean management approach in hospitals: a systematic review,True,True,17,True,True,Review,scopus+wos
"Lean management in health care: effects on patient outcomes, professional practice, and healthcare systems",True,False,0,True,True,Article | Editorial Material,scopus+wos
Lean Six Sigma approach to reduce LOS through a diagnostic-therapeutic-assistance path at A.O.R.N. A. Cardarelli,True,True,1,True,True,Article,scopus+wos
"PSCPF: planning, scheduling and control of patient flow",False,True,0,True,True,Article,scopus
Improving Emergency Department radiology transportation time: A successful implementation of lean methodology,True,False,4,True,True,Article | Journal Article,pubmed+scopus+wos
Effects of Lean Thinking and Emerging Technologies on Breast Cancer Patients' Therapeutic Process During COVID-19 Pandemic: A Case-Control Matched Study,True,True,2,True,True,Article | Journal Article,pubmed+scopus+wos
Major barriers in Lean health care: an exploratory study in Uruguay,True,True,4,True,True,Article,scopus+wos
Prioritizing lean management practices in public and private hospitals,True,True,4,True,True,Article | Journal Article,pubmed+scopus+wos
From self-management to a systemized process: the implementation of lean management in a Chinese hospital’s pharmacy intravenous admixture services center,True,True,5,True,True,Article | Journal Article,pubmed+scopus+wos
Literature review on lean healthcare implementation: Assessment methods and practices,True,True,2,True,True,Article,scopus
From New Public Management to New Public Services: Challenges for Hospital Governance and Lean and Hybrid Management,True,False,1,True,True,Article; Book Chapter | Book chapter,scopus+wos
Perioperative anesthesia lean implementation is associated with increased operative efficiency in posterior cervical surgeries at a high-volume spine center,True,True,9,True,True,Article | Journal Article,pubmed+scopus+wos
"The effects of a lean transition on process times, patients and employees",True,True,3,True,True,Article | Journal Article,pubmed+scopus+wos
Quality improvement in mental health services,False,False,3,False,True,Article | Journal Article,pubmed+scopus+wos
Implementing lean management techniques at a radiation oncology department,True,False,1,True,True,Article | Journal Article,pubmed+scopus
High Reliability of Care in Orthopedic Surgery: Are We There Yet?,False,True,0,True,True,Article | Journal Article; Review | Review,pubmed+scopus+wos
Environmentally sustainable dermatology,False,False,2,False,True,Journal Article; Review | Review,pubmed+scopus+wos
Value stream map assessment of the extended day: 23h surgery model,False,True,1,True,True,Article,scopus+wos
"Lean management in health care: Effects on patient outcomes, professional practice, and healthcare systems",True,False,7,True,True,Article,scopus
Lean methodology for pathology laboratories: A case study from a public hospital,True,True,4,True,True,Article | Journal Article,pubmed+scopus+wos
Lean management concept in energy efficiency improvement for non-domestic,True,True,5,True,True,Article,scopus
"Increased effectiveness of urinalysis testing via the integration of automated instrumentation, the lean management approach, and autoverification",True,True,2,True,True,Article | Journal Article,pubmed+scopus+wos
The role of value stream mapping in healthcare services: A scoping review,False,True,2,True,True,Journal Article; Scoping Review | Review,pubmed+scopus+wos
Lean-healthcare approach to reduce costs in a sterilization plant based on surgical tray rationalization,True,True,1,True,True,Article,scopus+wos
Current concept review: Quality and process improvement in orthopedics,False,True,1,True,True,Journal Article; Review | Review,pubmed+scopus+wos
Implementing High-Value Care,False,False,2,False,True,Article | Comparative Study; Journal Article; Observational Study,pubmed+scopus+wos
"Chasing the golden fleece: Increasing healthcare quality, efficiency and patient satisfaction while reducing costs",False,False,1,False,False,Review,scopus+wos
"Implementation of Lean in a Health System: Lessons Learned From a Meta-Analysis of Rapid Improvement Events, 2013-2017",True,False,5,True,True,Article | Journal Article; Meta-Analysis,pubmed+scopus+wos
Applying management principles of lean manufacturing for enhancing efficiency and effectiveness of emergency department rooms,True,True,6,True,True,Article,scopus+wos
Analyzing the role of lean management in health care: A systematic literature review,True,True,5,True,True,Review,scopus
Using Lean & Safety project to develop safety medication,True,True,2,True,True,Article | Article; Proceedings Paper,scopus+wos
Simulation modelling and lean management in healthcare: first evidences and research agenda,True,True,2,True,True,Review,scopus+wos
Implementation of modern tools in autopsy practice—the way towards contemporary postmortal diagnostics,False,True,1,True,True,Article | Journal Article,pubmed+scopus+wos
"Lean management framework for healthcare facilities integrating BIM, BEPS and big data analytics",True,False,4,True,True,Article,scopus+wos
Has Lean improved organizational decision making?,True,True,7,True,True,Article | Journal Article,pubmed+scopus+wos
Research on obstetric ward planning combining lean thinking and mixed-integer programming,True,True,2,True,True,Article | Journal Article,pubmed+scopus+wos
Application of SMED methodology for the improvement of operations in operating theatres. The case of the Azienda Ospedaliera Universitaria Senese; [Applicazione della metodologia SMED per il miglioramento delle operations nelle sale operatorie. Il caso Azienda Ospedaliera Universitaria Senese],False,False,1,False,False,Review,scopus
Industrial engineering for healthcare management-example lean management and ict tools,True,False,1,True,True,Review,scopus
Hospital-supplier integration and hospital performance: Evidence from Saudi Arabia,False,True,4,True,True,Article | Conference paper,scopus+wos
"Lean healthcare: review, classification and analysis of literature",True,True,7,True,True,Article | Review,scopus+wos
Safety improvements from health lean management implementation: Evidences from three cases,True,True,2,True,True,Article,scopus+wos
Implementation of 5S management method for lean healthcare at a health center in Senegal: A qualitative study of staff perception,True,True,1,True,True,"Article | Journal Article; Research Support, Non-U.S. Gov't",pubmed+scopus+wos
International journal of health,False,True,2,True,True,Article | Journal Article,pubmed+scopus+wos
Improving hospital performance by use of lean techniques: An action research project in Brazil,True,True,2,True,True,Article,scopus+wos
Real-time culture change improves lean success: Sequenced culture change gets failing grades,True,True,3,True,True,Article | Journal Article,pubmed+scopus
Does lean management improve patient safety culture? An extensive evaluation of safety culture in a radiotherapy institute,True,True,3,True,True,Article | Journal Article,pubmed+scopus+wos
Lean manufacturing improves emergency department throughput and patient satisfaction,True,False,2,True,True,Article | Journal Article,pubmed+scopus+wos
How to combine lean and safety management in health care processes: A case from Spain,True,True,2,True,True,Article,scopus+wos
Manager traits and quality-of-care performance in hospitals,False,False,7,False,True,Article | Journal Article,pubmed+scopus+wos
Mapping lean experiences and emerging connections with clinical risk management in italian context,True,True,1,True,True,Article,scopus+wos
"Healthcare workers' perceptions of lean: A context-sensitive, mixed methods study in three Swedish hospitals",True,True,7,True,True,"Article | Journal Article; Research Support, N.I.H., Extramural; Research Support, Non-U.S. Gov't",pubmed+scopus+wos
Lean Six Sigma implementation and organizational culture,True,True,8,True,True,Article | Journal Article,pubmed+scopus+wos
Quality measures for acute kidney injury and continuous renal replacement therapy,False,False,1,False,False,"Journal Article; Research Support, Non-U.S. Gov't | Review",pubmed+scopus+wos
Is Czech health care going to be lean?,True,True,10,True,True,Article,scopus
Lean in healthcare: A comprehensive review,True,True,8,True,True,Journal Article; Review | Review,pubmed+scopus+wos
Technology Integration Performance Assessment Using Lean Principles in Health Care,True,True,1,True,True,"Article | Journal Article; Research Support, Non-U.S. Gov't",pubmed+scopus+wos
"Regulating hospital social workers and nurses: Propping up an ""efficient"" lean health care system",True,False,1,True,True,Review,scopus
An axiomatic design-based approach for the patient-value-oriented design of a sustainable Lean healthcare system,True,True,0,True,True,Article,scopus
Lost in translation: A case-study of the travel of lean thinking in a hospital,True,True,17,True,True,Article | Journal Article,pubmed+scopus+wos
Improving access to health Services - Challenges in lean application,True,True,7,True,True,Article,scopus+wos
Lean Strategies in the Operating Room,True,True,2,True,True,Journal Article; Review | Review,pubmed+scopus
First evidences from “lean & safety” projects,True,True,3,True,True,Article,scopus
A methodology of lean implementation in hospitals,True,True,5,True,True,Article,scopus
LEAN: 4W & 1H of lean in medical facilities,True,True,6,True,True,Article,scopus
A management model for decision making at the hospital supply chain to minimize waste,False,False,2,False,True,Article | Proceedings Paper,scopus+wos
Improving emergency department door to doctor time and process reliability: A successful implementation of lean methodology,True,False,3,True,True,Article | Journal Article,pubmed+scopus+wos
Lean processes in hospitals; [Schlanke Prozesse im Krankenhaus],True,True,3,True,True,Article,scopus
Utilizing lean tools to improve value and reduce outpatient wait times in an indian hospital,True,True,6,True,True,Article | Journal Article,pubmed+scopus+wos
Awareness of surgical costs: A multicenter cross-sectional survey,False,True,0,True,True,Article | Journal Article; Multicenter Study,pubmed+scopus+wos
Development of efficient family intervention services: A whole systems approach,False,False,1,False,False,Article,scopus
Implementing a Lean Management System in Primary Care: Facilitators and Barriers from the Front Lines,True,True,6,True,True,"Article | Journal Article; Research Support, Non-U.S. Gov't",pubmed+scopus+wos
Daily management system of the Henry Ford production system: QTIPS to Focus Continuous Improvements at the Level of the Work,False,True,1,True,True,Article | Conference paper | Journal Article,pubmed+scopus+wos
Lean thinking turns ‘time is brain’ into reality; [Pensamento enxuto faz ‘tempo é cérebro’ virar realidade],True,False,1,True,True,"Article | Journal Article; Research Support, Non-U.S. Gov't",pubmed+scopus+wos
The Lean Librarian,True,True,3,True,True,Article,scopus
Optimizing value utilizing Toyota Kata methodology in a multidisciplinary clinic,False,False,1,False,False,Article | Journal Article,pubmed+scopus+wos
Coordinating psychological therapy referrals in secondary care: Reflecting through a lean lens,True,False,1,True,True,Article,scopus
Using lean management to reduce blood culture contamination,True,False,1,True,True,Article | Journal Article,pubmed+scopus+wos
Depression screening optimization in an academic rural setting,False,True,1,True,True,Article | Journal Article,pubmed+scopus+wos
"A decision support tool, implemented in a system dynamics model, to improve the effectiveness in the hospital emergency department",False,True,1,True,True,Article,scopus
"Waste in drug procurement process in pharmacy department Santa Maria hospital Pemalang, Indonesia",False,True,1,True,True,Article,scopus
Comparative study: TQ and lean production ownership models in health services; [Estudo comparativo das formas de apropriação dos modelos da Qualidade Total e lean production nos serviços de saúde]; [Estudio comparativo de las formas de los modelos de propiedad de la Calidad Total y lean production en los servicios de salud],True,False,4,True,True,Article | Comparative Study; Journal Article,pubmed+scopus+wos
Improvement in the efficiency of a rehabilitation service using Lean Healthcare methodology; [Mejora de la eficiencia de un servicio de rehabilitación mediante metodología Lean Healthcare],True,True,2,True,True,Article | Journal Article; Multicenter Study,pubmed+scopus+wos
LEAN & HEALTHCARE ORGANIZATIONS - A SYSTEMATIC LITERATURE REVIEW WITH BIBLIOMETRIC ANALYSIS ON APPLICATION OF LEAN HEALTHCARE IN BRAZIL,True,True,4,True,True,Review,wos
A Lean Implementation Experience in a Uruguayan Healthcare Center,True,True,2,True,True,Article,wos
Lean thinking in leisure: continuously improving event volunteering and management,True,True,4,True,True,Article,wos
Improving healthcare service processes by lean thinking,True,True,3,True,True,Article,wos
Contributions of simulation in lean healthcare to combat Covid-19,True,True,2,True,True,Article,wos
Leadership Requirements for Successful Implementation of Lean Management in Health Care: A Systematic Review of the Literature,True,True,10,True,True,Review; Book Chapter,wos
Using bandwidths to visualize and improve patient pathways,False,True,2,True,True,Article,wos
LEAN HEALTHCARE IN BRAZIL: A SYSTEMATIC REVIEW,True,True,4,True,True,Review,wos
Application of Lean Tool for Process Improvement of Bank Branches,True,True,5,True,True,Article,wos
A lean healthcare journey The Scottish experience,True,False,0,True,True,Article; Book Chapter,wos
A study of the balancing of lean thinking and stakeholder salience in decision-making,True,True,17,True,True,Article,wos
SIMULATION OF OPERATIONAL PROCESSES IN HOSPITAL EMERGENCY UNITS AS LEAN HEALTHCARE TOOL,True,True,7,True,True,Article,wos
SYSTEMATIC REVIEW OF LEAN THINKING IN EDUCATION INSTITUTIONS,True,True,3,True,True,Review,wos
PROCESS IMPROVEMENT IN A RADIOLOGY DEPARTMENT WITH VALUE STREAM MAPPING AND ITS LINKAGE TO INDUSTRY 4.0,False,True,2,True,True,Article,wos
STUDY ON TECHNIQUES AND TOOLS USED IN LEAN HEALTHCARE IMPLEMENTATION: A LITERATURE REVIEW,True,True,5,True,True,Review,wos
Critical success factors of lean management: An investigation of factors affecting lean management in public hospitals in Kohgiluyeh and Boyerahmad and Bushehr provinces,True,True,7,True,True,Article,wos
"Lean six sigma improves performance not outcomes: Past limitations, potential solutions",True,True,3,True,True,Article | Journal Article; Review,pubmed+wos
LEAN HEALTHCARE APPLICATION IN A SURGICAL PROCEDURES APPOINTMENT SCHEDULING CENTER IN A MATERNITY,True,True,2,True,True,Article,wos
AN APPLICATION OF LEAN THINKING PRINCIPLES IN A LABORATORY OF A HOSPITAL,True,True,5,True,True,Article,wos
Operationalizing the Quintuple Aim of Health System Improvement Through Equity-Oriented Health Care,False,False,2,False,True,Article,wos
Factors Affecting Lean Management: Designing a Model for Teaching Hospitals,True,True,9,True,True,Article,wos
Using a systematic approach to strategic innovation in laboratory medicine to bring about change,False,False,0,False,False,Review,wos
The impact of redesigning care processes on quality of care: a systematic review,False,False,0,False,False,Review,wos
Capacity planning in hospitals: an approach from patients flow with System Dynamics,False,False,1,False,False,Article,wos
Quality improvement in basic histotechnology: the lean approach,True,True,6,True,True,Review,wos
Benchmarking healthcare logistics processes - a comparative case study of Danish and US hospitals,False,False,1,False,False,Article,wos
ATTITUDES OF LANDSPITALI'S MANAGERS TOWARD LEAN MANAGEMENT,True,True,4,True,True,Article,wos
Quality improvement in physiotherapy services,False,False,0,False,False,Article,wos
Application of lean Management Principles in Hospitals in Slovakia,True,True,4,True,True,Article,wos
Material logistics in hospitals: A literature review,False,False,0,False,False,Review,wos
Implementing standardised flow: navigating operational and professional dependencies,False,False,0,False,False,Article,wos
A plan to transform primary and community care at Catalonia based on a process improvement methodology,False,False,3,False,True,Article,wos
A BPMN-VSM based process analysis to improve the efficiency of multidisciplinary outpatient clinics,False,False,0,False,False,Article,wos
A proposed model for developing quality and efficiency in transitional care,False,False,0,False,False,Article,wos
A case study of kanban implementation within the pharmaceutical supply chain,False,True,2,True,True,Article,wos
Lean thinking in lean times for education,True,True,1,True,True,Article,wos
Order in the courts: propagating a culture of efficiency within the Irish Court Services,False,True,1,True,True,Article,wos
DMAIC methodology for achieving public satisfaction with health departments in various districts of Punjab and optimizing CT scan patient load in urban city hospitals,False,False,0,False,False,Article,wos
Exploring ``patient-centered'' hospitals: a systematic review to understand change,False,False,1,False,False,Review,wos
Running against the clock: a qualitative study of internal medicine residents' work experience,False,False,0,False,False,Article,wos
From Quality-I to Quality-II: cultivating an error culture to support lean thinking and rework mitigation in infrastructure projects,True,True,5,True,True,Article,wos
Evaluation of the productivity of the surgical center of a university hospital from the perspective of lean healthcare,True,True,0,True,True,Article,wos
VALUE STREAM MAPPING AS LEAN HEALTHCARE'S TOOL TO SEE WASTAGE AND IMPROVEMENT POINTS: THE CASE OF THE EMERGENCY CARE MANAGEMENT OF A UNIVERSITY HOSPITAL,True,True,3,True,True,Article,wos
Improving performances of the knee replacement surgery process by applying DMAIC principles,False,False,1,False,False,Article,wos
"Perception of Lean Adoption among Emergency Department Personnel in Public Hospitals in Selangor, Malaysia",True,False,6,True,True,Article,wos
Industry 4.0 and lean thinking: the critical success factors perspective,True,True,1,True,True,Article,wos
How operations matters in healthcare standardization,False,False,0,False,False,Article,wos
Creating Sustainable Improvements: Leveraging LMS and AONE's CIT Program,False,False,1,False,False,Article,wos
Does organizational readiness matter in lean thinking practices? An agency perspective,True,True,17,True,True,Article,wos
"Distributed leadership, team working and service improvement in healthcare",False,False,0,False,False,Article,wos
The influence of soft and hard TQM on quality performance and patient satisfaction in health care: investigating direct and indirect effects,False,False,0,False,False,Article,wos
The impact of lean management components on improved quality of public hospitals in Kohgiluyeh and Boyerahmad and Bushehr provinces,True,True,4,True,True,Article,wos
Healthcare service quality: a methodology for servicescape re-design using Taguchi approach,False,False,0,False,False,Article,wos
Improvement culture in the public mental healthcare sector: evaluation of implementation efforts,False,True,1,True,True,Article,wos
The Impact and Challenges of the Implementation of 5S Methodology in Healthcare Settings: A Systematic Review,False,True,1,True,True,Journal Article; Review | Review,pubmed+wos
Lean Management a Co-occurrence Analysis,True,True,4,True,True,Article,wos
Applying lean methodology to improve parenteral chemotherapy and monoclonal antibody documentation processes based on Normalisation Process Theory,True,True,3,True,True,Article | Journal Article,pubmed+wos
Unmasking healthcare supply chain cost drivers in the United States,False,False,0,False,False,Article,wos
"Value stream mapping from the customer's perspective: expanding concepts, representations and key performance indicators based on a typical real case study",False,True,1,True,True,Article,wos
"Making care organizations great again? A comparison of Care Pathways, Lean Thinking, Relational Coordination, and Modern Sociotechnical Design",True,False,1,True,True,Article,wos
Why is Quality Improvement so Challenging? A Viable Systems Model Perspective to Understand the Frustrations of Healthcare Quality Improvement Managers,False,False,0,False,False,Article,wos
"A realist synthesis of quality improvement curricula in undergraduate and postgraduate medical education: what works, for whom, and in what contexts?",False,False,0,False,False,Review,wos
Applying Lean Design Principles to a Gastrointestinal Endoscopy Program for Uninsured Patients Improves Health Care Utilization,True,False,1,True,True,Article,wos
The social benefits of kaizen initiatives in healthcare: an empirical study,False,True,0,True,True,Article,wos
The influence of continuous improvement and clinical practice on emergency department (ED) operational performance,False,False,0,False,False,Article,wos
THE USE OF LEAN MANAGEMENT INSTRUMENTS TO SHAPE BUSINESS MODELS OF SERVICE COMPANIES,True,True,3,True,True,Article,wos
Lean for airport services: a systematic literature review and agenda for future research,True,True,13,True,True,Review,wos
Positive lean: merging the science of efficiency with the psychology of work,True,True,5,True,True,Article,wos
IDENTIFYING PROCESS IMPROVEMENT OPPORTUNITIES IN GYNECOLOGY CLINIC BY VALUE STREAM MAPPING,False,True,2,True,True,Article,wos
Kaizen practice in healthcare: a qualitative analysis of hospital employees' suggestions for improvement,False,True,1,True,True,"Article | Journal Article; Research Support, Non-U.S. Gov't",pubmed+wos
Quality improvement in academic medical centres: a resident perspective,False,True,0,True,True,Editorial Material | Journal Article,pubmed+wos
The effects of the Toyota Way on agile manufacturing: an empirical analysis,False,True,1,True,True,Article,wos
Applying Sociotechnical Systems Theory to Examine the Values of Lean Practices in the Context of Container Shipping,True,True,15,True,True,Article,wos
"Reported implementation lessons from a national quality improvement initiative; Productive Ward: Releasing Time to Care. A qualitative, ward-based team perspective",False,False,0,False,False,Article,wos
Malay Language Translation of an Instrument to Assess Perception of Lean Adoption in Healthcare Service,True,True,4,True,True,Article,wos
HOSPITAL LOGISTICS: A SYNTHESIS OF THE ART STATE,False,False,1,False,False,Article,wos
Material flow analysis (MFA) as a tool to improve ship recycling,False,False,0,False,False,Article,wos
A discrete event simulation model to evaluate the treatment pathways of patients with cataract in the United Kingdom,False,False,0,False,False,Article,wos
Improving health care from the bottom up: Factors for the successful implementation of kaizen in acute care hospitals,False,False,0,False,False,Article,wos
Towards the development of a system-wide quality improvement maturity model: a synthesis using systematic review and expert opinion,False,True,0,True,True,Review,wos
Lean Approach to Processes Regarding Nursing Activities at Hospital: Evaluation of Nurses' Views,True,True,4,True,True,Article,wos
IMPLEMENTATION OF A VASCULAR ACCESS TEAM TO SUPPORT PERIOPERATIVE NURSING CARE - A LEAN AND EVIDENCE-BASED,True,True,3,True,True,Article,wos
Implementation of a ``lean' cytopathology service: towards routine same-day reporting,True,False,3,True,True,Article,wos
How can general leadership theories help to expand the knowledge of lean leadership?,True,True,9,True,True,Article,wos
Organization processes and artificial intelligence (AI) for healthcare processes reorganization: a case study,False,False,1,False,False,Article,wos
Establishing a standardized FUO emergency department: design and practice in dealing with COVID-19,False,True,3,True,True,Article | Journal Article,pubmed+wos
Learning from Lean: a quality improvement project using a Lean-based improvement approach to improve discharge for patients with frailty in an acute care hospital,True,True,2,True,True,Article | Journal Article,pubmed+wos
Optimization of selective laser melting (SLM) fabrication quality for Ti6Al4V alloy: experimental and numerical study with introduction of remelting process,False,False,0,False,False,Article,wos
Mapping the process of emergency care at a teaching hospital in Ghana,False,False,1,False,False,Article,wos
Soft lean practices and organizational resilience in the service sector,True,True,5,True,True,Article,wos
Improving Efficiency in Hospital Pharmacy Services: An Integrated Strategy Using the OCTAGON-P Framework and Lean 5S Management Practices,True,True,3,True,True,Article | Journal Article,pubmed+wos
Managing Through a Pandemic: A Daily Management System for COVID-19 Response and Recovery,False,False,3,False,True,Article,wos
Differentiating between detrimental and beneficial interruptions: a mixed-methods study,False,True,0,True,True,Article | Journal Article; Observational Study,pubmed+wos
THE USE OF LEAN METHODS IN CENTRAL EASTERN EUROPEAN COUNTRIES: THE CASE OF CZECH AND SLOVAK REPUBLIC,True,True,2,True,True,Article,wos
"Improving vaccination coverage among 24-month-old children in the ASL Napoli 3 Sud: a MASTER approach to transformation, evaluation and strategic redesign",False,True,1,True,True,Article,wos
Application of Kanban System on a hospital pharmacy,False,True,0,True,True,Article,wos
The Impact of Artificial Intelligence and Blockchain on Six Sigma: A Systematic Literature Review of the Evidence and Implications,False,False,0,False,False,Review,wos
A Systematic Literature Review on Recent Lean Research: State-of-the-art and Future Directions,True,False,7,True,True,Review,wos
Tracing the lean thinking in supply chain management: a comprehensive main path analysis,True,True,5,True,True,Article,wos
The Elimination of Transfer Distances Is an Important Part of Hospital Design,False,True,0,True,True,Article,wos
Lean Practices in Homestay Operations: A Case Study,True,True,7,True,True,Article,wos
The integration of lean and human resource management practices as an enabler for lean deployment-a systematic literature review,True,True,16,True,True,Review,wos
Workflow Redesign in a Quality-Improvement Modality,False,True,0,True,True,Article; Book Chapter,wos
When Illegitimate Tasks Threaten Patient Safety Culture: A Cross-Sectional Survey in a Tertiary Hospital,False,False,0,False,False,Article,wos
A retrospective cohort study evaluating the improvement of medical records management based on whole-process control,False,False,0,False,False,Article,wos
Effect of Internal Quality Planning using Sigma Metrics in Lean Management of a Clinical Chemistry Laboratory: An Analytical Study,True,False,1,True,True,Article,wos
LEAN Methodology to Improve Endoscopy Unit Efficiency in a Multi-subspecialty Ambulatory Surgery Center: A Pilot Study,True,True,5,True,True,Article | Journal Article,pubmed+wos
Integrating sustainability into higher education curriculum through a transdisciplinary perspective,False,False,1,False,False,Article,wos
Restructuring hospitalist work schedules to improve care timeliness and efficiency.,False,True,1,True,True,Journal Article,pubmed
"Improving Hospital Efficiency Through Data-Driven Management: A Case Study of Health First, Florida.",False,False,1,False,False,Journal Article,pubmed
Using 'Active Signposting' to streamline general practitioner workload in two London-based practices.,False,True,0,True,True,Journal Article,pubmed
Improving the medical records department processes by lean management.,True,True,6,True,True,Journal Article,pubmed
Effectiveness of a multi-component quality improvement intervention on rates of hyperglycaemia.,False,True,1,True,True,Journal Article,pubmed
Lean thinking in the hospital setting - Results of a systematic review of literature.,True,False,3,True,True,Journal Article; Systematic Review,pubmed
Lean management and medical laboratory: application in transfusionnal immuno-hematology.,True,True,1,True,True,Journal Article,pubmed
Leadership in Zeiten von Corona: Die Perspektive von Pflegenden und Hebammen in einem Universitätsspital.,False,False,1,False,False,Journal Article,pubmed
Features and Results of Conducted Studies Using a Lean Management Approach in Emergency Department in Hospital: A Systematic Review.,True,True,16,True,True,Journal Article; Review,pubmed
"Achieving High Reliability with People, Processes, and Technology.",False,False,1,False,False,Journal Article,pubmed
Improving wait time from referral to opiate replacement therapy in a drug recovery service.,False,True,2,True,True,Journal Article,pubmed
,False,False,3,False,True,Review; Book,pubmed
Visual Management Board Implementation to Enhance High Reliability at a Large VA Health Care System.,False,False,1,False,False,Journal Article,pubmed
Screening and Treating Hepatitis C in the VA: Achieving Excellence Using Lean and System Redesign.,True,False,1,True,True,Journal Article,pubmed
Application of lean management in operating room nursing and its impact on improving the on-time start rate of the first scheduled surgery: A pre-post study.,True,True,1,True,True,Journal Article,pubmed
Impact of a lean management intervention on waiting time and service efficiency in gynecologic oncology surgical services in a national referral hospital in Indonesia: An interrupted time-series study with lean waste analysis.,True,True,4,True,True,Journal Article,pubmed
(P123) Reducing Time From Patient CT Simulation (CT SIM) Appointment Time to Start of Actual CT Scan: Lean Thinking in the VA System.,True,False,0,True,True,Journal Article,pubmed
